Code,ISU_CD,Name,Market,Dept,Close,ChangeCode,Changes,ChagesRatio,Open,High,Low,Volume,Amount,Marcap,Stocks,MarketId
005930,KR7005930003,삼성전자,KOSPI,,343000,1,6000,1.78,343000,345500,332500,17266213,5873674153352,2005273562544000,5846278608,STK
000660,KR7000660001,SK하이닉스,KOSPI,,2382000,1,94000,4.11,2381000,2400000,2286000,3507451,8281702404084,1697657033430000,712702365,STK
402340,KR7402340004,SK스퀘어,KOSPI,,1501000,1,88000,6.23,1440000,1510000,1380000,872218,1275791203000,198069537386000,131958386,STK
005935,KR7005931001,삼성전자우,KOSPI,,224000,1,8000,3.7,220000,224500,216000,3321058,734790464000,179731149472000,802371203,STK
009150,KR7009150004,삼성전기,KOSPI,,2048000,1,49000,2.45,2042000,2071000,1970000,1084769,2202475204500,152972689408000,74693696,STK
005380,KR7005380001,현대차,KOSPI,,640000,2,-7000,-1.08,648000,654000,627000,1286349,820825734000,131044970240000,204757766,STK
373220,KR7373220003,LG에너지솔루션,KOSPI,,410500,2,-10000,-2.38,423000,423500,406500,327488,134996719000,96057000000000,234000000,STK
032830,KR7032830002,삼성생명,KOSPI,,431000,1,8000,1.89,427000,433000,421500,251317,107404496500,86200000000000,200000000,STK
028260,KR7028260008,삼성물산,KOSPI,,497000,1,2000,0.4,499000,506000,482000,480592,237425500000,80597287757000,162167581,STK
329180,KR7329180004,HD현대중공업,KOSPI,,698000,2,-16000,-2.24,705000,719000,690000,264093,186329575500,73262935050000,104961225,STK
000270,KR7000270009,기아,KOSPI,,170200,1,2700,1.61,171700,171900,166200,1130432,192109245100,66448292259600,390412998,STK
034020,KR7034020008,두산에너빌리티,KOSPI,,103300,1,3500,3.51,105100,105500,101800,3301719,342290917400,66169966381800,640561146,STK
207940,KR7207940008,삼성바이오로직스,KOSPI,,1333000,1,1000,0.08,1349000,1357000,1321000,40374,54014703000,61705837683000,46290951,STK
105560,KR7105560007,KB금융,KOSPI,,172000,1,2400,1.42,174600,182700,170600,1678455,295449684750,61006290248000,354687734,STK
012450,KR7012450003,한화에어로스페이스,KOSPI,,1183000,1,99000,9.13,1147000,1212000,1125000,369746,435077751500,60999503383000,51563401,STK
012330,KR7012330007,현대모비스,KOSPI,,660000,1,20000,3.13,654000,686000,635000,501325,329453288000,59883504780000,90732583,STK
055550,KR7055550008,신한지주,KOSPI,,106700,1,1100,1.04,105600,110700,105500,1236763,133621310200,50645620318700,474654361,STK
034730,KR7034730002,SK,KOSPI,,673000,1,27000,4.18,665000,691000,663000,166149,111700873500,48794319119000,72502703,STK
006400,KR7006400006,삼성SDI,KOSPI,,549000,2,-4000,-0.72,564000,565000,546000,352867,194949430500,44241455970000,80585530,STK
267260,KR7267260008,HD현대일렉트릭,KOSPI,,1114000,2,-80000,-6.7,1212000,1213000,1107000,183143,210345110000,40156508390000,36047135,STK
042660,KR7042660001,한화오션,KOSPI,,129200,1,5800,4.7,123900,130700,121700,2044361,262057162550,39588610504800,306413394,STK
068270,KR7068270008,셀트리온,KOSPI,,174500,2,-500,-0.29,174200,177400,172300,427814,74767603500,38675022018000,221633364,STK
010120,KR7010120004,LS ELECTRIC,KOSPI,,257500,3,0,0.0,269000,269500,254000,891958,232434911250,38625000000000,150000000,STK
066570,KR7066570003,LG전자,KOSPI,,234000,2,-9500,-3.9,249500,250000,232000,1602690,379780448250,38115005292000,162884638,STK
035420,KR7035420009,NAVER,KOSPI,,242000,2,-6000,-2.42,255000,265500,239500,2480023,618014633000,37966815656000,156887668,STK
298040,KR7298040007,효성중공업,KOSPI,,3892000,1,140000,3.73,3958000,3990000,3803000,58260,228147230000,36291140816000,9324548,STK
086790,KR7086790003,하나금융지주,KOSPI,,132000,1,2700,2.09,129000,136000,128500,1074269,142399970100,36216542736000,274367748,STK
042700,KR7042700005,한미반도체,KOSPI,,328500,2,-18500,-5.33,358500,363000,326000,1083778,364247523500,31310057700000,95312200,STK
009540,KR7009540006,HD한국조선해양,KOSPI,,438500,1,16500,3.91,434500,451500,423500,558119,247256735250,31034011366000,70773116,STK
005490,KR7005490008,POSCO홀딩스,KOSPI,,390000,2,-5000,-1.27,396500,396500,386500,319132,124409468500,30904195530000,79241527,STK
000810,KR7000810002,삼성화재,KOSPI,,671000,2,-5000,-0.74,670000,698000,662000,152534,102506382500,29958454383000,44647473,STK
011070,KR7011070000,LG이노텍,KOSPI,,1236000,1,27000,2.23,1290000,1301000,1210000,516338,647852477000,29252544252000,23667107,STK
006800,KR7006800007,미래에셋증권,KOSPI,,51300,2,-300,-0.58,52800,55400,50900,3828112,202145374150,28705780944000,559566880,STK
000150,KR7000150003,두산,KOSPI,,1699000,2,-10000,-0.59,1770000,1814000,1684000,77677,134802175500,27513325665000,16193835,STK
010130,KR7010130003,고려아연,KOSPI,,1293000,1,40000,3.19,1299000,1323000,1262000,17990,23440529500,26988748917000,20872969,STK
051910,KR7051910008,LG화학,KOSPI,,367500,1,7000,1.94,364500,372500,356000,228006,83476396750,25942686052500,70592343,STK
015760,KR7015760002,한국전력,KOSPI,,39800,2,-1600,-3.86,41500,41700,39800,2740085,110735100150,25550170264600,641964077,STK
010140,KR7010140002,삼성중공업,KOSPI,,28100,2,-550,-1.92,28750,29400,28100,4700796,134468916475,24728000000000,880000000,STK
064350,KR7064350002,현대로템,KOSPI,,226500,1,13500,6.34,221000,240000,218500,956649,219143668000,24720729364500,109142293,STK
316140,KR7316140003,우리금융지주,KOSPI,,33050,1,500,1.54,32250,33650,32150,2725301,90347413725,24261222376000,734076320,STK
079550,KR7079550000,LIG디펜스앤에어로스페이스,KOSPI,,1002000,1,157000,18.58,943000,1098000,936000,998425,1021260796500,22044000000000,22000000,STK
017670,KR7017670001,SK텔레콤,KOSPI,,100100,2,-5300,-5.03,105000,105100,100100,1630561,164940261700,21500484305300,214790053,STK
267250,KR7267250009,HD현대,KOSPI,,272000,1,4000,1.49,268500,282500,268500,139735,38465425500,21486119120000,78993085,STK
011200,KR7011200003,HMM,KOSPI,,22150,1,850,3.99,21050,22200,20600,2870570,62315670600,20892721035500,943237970,STK
272210,KR7272210006,한화시스템,KOSPI,,106400,1,6900,6.93,102800,116500,102300,2027969,222884147000,20101022989600,188919389,STK
307950,KR7307950006,현대오토에버,KOSPI,,716000,2,-30000,-4.02,750000,751000,702000,122920,88905129500,19635571112000,27423982,STK
033780,KR7033780008,KT&G,KOSPI,,185000,2,-3500,-1.86,188000,192400,183700,458876,85731324600,19204934360000,103810456,STK
138040,KR7138040001,메리츠금융지주,KOSPI,,114400,1,3100,2.79,111100,116800,111100,310954,35741901350,19144528031200,167347273,STK
096770,KR7096770003,SK이노베이션,KOSPI,,112500,2,-200,-0.18,113100,113700,110000,276143,30995964900,19018438650000,169052788,STK
196170,KR7196170005,알테오젠,KOSDAQ GLOBAL,우량기업부,352500,1,3500,1.0,348000,356500,337000,323971,113019623000,18889185907500,53586343,KSQ
003670,KR7003670007,포스코퓨처엠,KOSPI,,209000,2,-1500,-0.71,210500,212000,205500,157425,32905549000,18589759980000,88946220,STK
024110,KR7024110009,기업은행,KOSPI,,23100,1,700,3.13,22300,23500,22300,3830645,88309731250,18420537573900,797425869,STK
018260,KR7018260000,삼성에스디에스,KOSPI,,238000,2,-1500,-0.63,244500,244500,235000,287341,68890523250,18415916400000,77377800,STK
035720,KR7035720002,카카오,KOSPI,,40450,2,-300,-0.74,41100,41400,40450,1427295,58067923425,17869376371100,441764558,STK
247540,KR7247540008,에코프로비엠,KOSDAQ GLOBAL,중견기업부,179500,2,-7000,-3.75,185900,186400,179100,472518,85998790550,17560562903000,97830434,KSQ
003550,KR7003550001,LG,KOSPI,,114100,2,-4300,-3.63,118000,118200,112800,1368149,156831780600,17251007656400,151192004,STK
086280,KR7086280005,현대글로비스,KOSPI,,222000,1,5500,2.54,220000,226500,216000,252551,56074515000,16650000000000,75000000,STK
086520,KR7086520004,에코프로,KOSDAQ GLOBAL,중견기업부,122600,2,-1400,-1.13,124100,125500,121200,649743,79824027800,16646156235200,135776152,KSQ
000720,KR7000720003,현대건설,KOSPI,,147800,1,2800,1.93,146000,155500,140600,1894314,282811869050,16458382067000,111355765,STK
047810,KR7047810007,한국항공우주,KOSPI,,154900,1,7300,4.95,150600,160900,150600,597024,93317541150,15098894074300,97475107,STK
278470,KR7278470000,에이피알,KOSPI,,399500,2,-16500,-3.97,416000,443000,398500,328075,136537207000,14956542922500,37438155,STK
030200,KR7030200000,KT,KOSPI,,56600,1,1200,2.17,55500,57600,55500,546517,31043469900,14264427371000,252021685,STK
071050,KR7071050009,한국금융지주,KOSPI,,252500,1,1000,0.4,251500,262000,250500,197295,50518470500,14070812980000,55725992,STK
006260,KR7006260004,LS,KOSPI,,424000,1,4500,1.07,436500,438000,413000,170519,72770671000,13228800000000,31200000,STK
010950,KR7010950004,S-Oil,KOSPI,,114100,1,400,0.35,113600,115800,111300,284836,32437272900,12845696567200,112582792,STK
277810,KR7277810008,레인보우로보틱스,KOSDAQ,기술성장기업부,616000,2,-44000,-6.67,680000,682000,610000,150265,95788156500,11950312528000,19399858,KSQ
005940,KR7005940002,NH투자증권,KOSPI,,32850,1,150,0.46,32700,33600,32550,994946,32895869100,11705912521650,356344369,STK
323410,KR7323410001,카카오뱅크,KOSPI,,24150,1,350,1.47,23800,24600,23800,1001503,24320119200,11522458553550,477120437,STK
047050,KR7047050000,포스코인터내셔널,KOSPI,,65300,1,5400,9.02,60000,66500,58800,1863824,120521367000,11487758056400,175922788,STK
443060,KR7443060009,HD현대마린솔루션,KOSPI,,255500,1,500,0.2,254500,262000,250500,77782,19922352500,11454949030000,44833460,STK
0126Z0,KR70126Z0002,삼성에피스홀딩스,KOSPI,,453500,1,2000,0.44,453000,458000,441500,29674,13343538250,11284462721500,24883049,STK
047040,KR7047040001,대우건설,KOSPI,,27450,1,4550,19.87,23150,28750,22300,47878770,1296739199575,11279414663100,410907638,STK
016360,KR7016360000,삼성증권,KOSPI,,124600,1,2100,1.71,122500,126700,121000,799001,99828783500,11126780000000,89300000,STK
028050,KR7028050003,삼성E&A,KOSPI,,56700,1,4600,8.83,52500,58800,51600,6517028,365497909250,11113200000000,196000000,STK
259960,KR7259960003,크래프톤,KOSPI,,237000,1,500,0.21,237000,243000,236500,113991,27195392750,10934467341000,46136993,STK
003490,KR7003490000,대한항공,KOSPI,,29300,2,-700,-2.33,29500,29700,28500,2990603,87266123750,10788865367300,368220661,STK
036930,KR7036930006,주성엔지니어링,KOSDAQ GLOBAL,우량기업부,226500,1,1500,0.67,227500,240000,218000,2213413,503719352000,10527973906500,46481121,KSQ
039490,KR7039490008,키움증권,KOSPI,,390000,1,22500,6.12,373500,398000,373000,380345,149113765750,10229043240000,26228316,STK
005830,KR7005830005,DB손해보험,KOSPI,,153400,1,1000,0.66,151700,155700,149800,234469,35971616550,10047753536600,65500349,STK
352820,KR7352820005,하이브,KOSPI,,223000,1,4500,2.06,219000,224000,218500,128745,28563581250,9611801527000,43102249,STK
007660,KR7007660004,이수페타시스,KOSPI,,123000,1,4100,3.45,122200,127000,120000,1176420,145362137600,9029333937000,73409219,STK
064400,KR7064400005,LG씨엔에스,KOSPI,,92900,2,-3700,-3.83,98200,98200,92200,1015967,95267631650,9000704569200,96885948,STK
950160,KR8840120008,코오롱티슈진,KOSDAQ,외국기업(소속부없음),105100,1,300,0.29,106000,108200,101900,215064,22477255900,8905758855000,84736050,KSQ
005387,KR7005382007,현대차2우B,KOSPI,,253000,2,-4000,-1.56,257000,257500,252000,86779,22030218750,8845874290000,34963930,STK
000880,KR7000880005,한화,KOSPI,,125300,1,5100,4.24,123800,130200,123500,200753,25555184900,8834642250700,70507919,STK
161390,KR7161390000,한국타이어앤테크놀로지,KOSPI,,71000,2,-2500,-3.4,74000,74100,70600,362553,26001345300,8795129899000,123875069,STK
003230,KR7003230000,삼양식품,KOSPI,,1143000,1,4000,0.35,1147000,1189000,1130000,37402,43220338500,8610236145000,7533015,STK
180640,KR7180640005,한진칼,KOSPI,,127900,2,-200,-0.16,126900,130200,125400,82115,10492902900,8538895484100,66762279,STK
353200,KR7353200009,대덕전자,KOSPI,,169900,1,2200,1.31,172600,177800,164200,925477,157975929300,8395935557500,49416925,STK
001440,KR7001440007,대한전선,KOSPI,,40700,1,750,1.88,41100,42275,38800,3702359,151153238725,7976898657200,195992596,STK
062040,KR7062040001,산일전기,KOSPI,,254000,1,3000,1.2,261000,261500,247500,251049,63959624500,7776425900000,30615850,STK
240810,KR7240810002,원익IPS,KOSDAQ GLOBAL,우량기업부,156100,2,-18400,-10.54,176300,176400,154700,1571107,252170428400,7661996946100,49083901,KSQ
267270,KR7267270007,HD건설기계,KOSPI,,154600,1,100,0.06,156900,160000,152800,338370,52914293550,7408725276200,47921897,STK
078930,KR7078930005,GS,KOSPI,,79200,1,3600,4.76,76000,79400,74300,317762,24962590800,7357323204000,92895495,STK
009830,KR7009830001,한화솔루션,KOSPI,,42200,1,3500,9.04,39250,43850,37650,3425969,143990172450,7253865019200,171892536,STK
004170,KR7004170007,신세계,KOSPI,,767000,1,62000,8.79,704000,778000,700000,115979,87890411500,7244453827000,9445181,STK
058470,KR7058470006,리노공업,KOSDAQ GLOBAL,우량기업부,94700,2,-2100,-2.17,98000,99200,93500,1208903,114779138800,7217262195000,76211850,KSQ
011790,KR7011790003,SKC,KOSPI,,144600,1,1500,1.05,151700,151700,142600,612721,89318509750,7171913890800,49598298,STK
454910,KR7454910001,두산로보틱스,KOSPI,,109000,2,-2400,-2.15,114400,114600,108500,585080,64357814900,7065377820000,64819980,STK
034220,KR7034220004,LG디스플레이,KOSPI,,13930,2,-200,-1.42,14460,14460,13880,4454986,62703506725,6965000000000,500000000,STK
326030,KR7326030004,SK바이오팜,KOSPI,,88700,2,-1500,-1.66,90500,93700,88200,114908,10383669850,6946385275000,78313250,STK
032640,KR7032640005,LG유플러스,KOSPI,,16260,1,460,2.91,15800,16700,15640,2683730,43733453855,6901194922320,424427732,STK
000990,KR7000990002,DB하이텍,KOSPI,,158000,2,-3200,-1.99,164800,167600,157600,517479,83212481250,6873724904000,43504588,STK
241560,KR7241560002,두산밥캣,KOSPI,,69100,1,800,1.17,68500,71100,67800,324341,22442875200,6623654091500,95856065,STK
090430,KR7090430000,아모레퍼시픽,KOSPI,,110400,2,-2100,-1.87,112600,113200,110000,170138,18900495350,6457600593600,58492759,STK
021240,KR7021240007,코웨이,KOSPI,,91200,2,-100,-0.11,91700,93400,90200,235715,21589642634,6453989251200,70767426,STK
028300,KR7028300002,HLB,KOSDAQ,중견기업부,48350,1,2850,6.26,44800,55900,42250,2962022,142693123575,6440134082050,133198223,KSQ
377300,KR7377300009,카카오페이,KOSPI,,46500,1,1000,2.2,45950,48000,45900,309942,14540975000,6289698112500,135262325,STK
000100,KR7000100008,유한양행,KOSPI,,78300,2,-600,-0.76,79000,79700,78100,224649,17678105800,6236407158300,79647601,STK
000250,KR7000250001,삼천당제약,KOSDAQ,중견기업부,265000,2,-1000,-0.38,266500,279000,260500,110734,29548663750,6216230080000,23457472,KSQ
029780,KR7029780004,삼성카드,KOSPI,,53300,1,1600,3.09,50600,55000,50500,791474,42390038250,6175278890300,115858891,STK
039030,KR7039030002,이오테크닉스,KOSDAQ,우량기업부,495000,2,-36000,-6.78,535000,540000,489500,126263,63591058000,6098177250000,12319550,KSQ
010060,KR7010060002,OCI홀딩스,KOSPI,,318000,1,35000,12.37,287500,335500,276000,531256,165829842500,5937133776000,18670232,STK
005385,KR7005381009,현대차우,KOSPI,,253000,2,-3500,-1.36,257000,258000,251000,60018,15219102750,5905262880000,23340960,STK
066970,KR7066970005,엘앤에프,KOSPI,,141700,3,0,0.0,142900,144500,135800,226004,31938154650,5748477523100,40567943,STK
138930,KR7138930003,BNK금융지주,KOSPI,,18470,1,450,2.5,17840,18880,17780,2406464,44792303785,5731740299510,310327033,STK
036570,KR7036570000,NC,KOSPI,,261000,2,-500,-0.19,264500,268500,259000,108095,28373357250,5622989742000,21544022,STK
023530,KR7023530009,롯데쇼핑,KOSPI,,198000,1,11700,6.28,184300,198200,181000,281659,54757536300,5601173490000,28288755,STK
298380,KR7298380007,에이비엘바이오,KOSDAQ GLOBAL,기술성장기업부,98700,1,2800,2.92,95900,101500,94200,312678,30676659600,5525962598100,55987463,KSQ
403870,KR7403870009,HPSP,KOSDAQ GLOBAL,우량기업부,66300,2,-17200,-20.6,80500,81500,65900,10863913,771165361800,5456490000000,82300000,KSQ
128940,KR7128940004,한미약품,KOSPI,,425500,1,5000,1.19,423500,435500,412500,92461,39169728250,5451076670500,12810991,STK
001040,KR7001040005,CJ,KOSPI,,186800,1,12500,7.17,175600,188500,175600,230627,42133245550,5450263226400,29176998,STK
087010,KR7087010005,펩트론,KOSDAQ,기술성장기업부,232500,1,1000,0.43,232000,236000,226000,170000,39028937250,5421283875000,23317350,KSQ
018880,KR7018880005,한온시스템,KOSPI,,5190,2,-490,-8.63,5710,5720,5140,31246000,167297619120,5326302644880,1026262552,STK
175330,KR7175330000,JB금융지주,KOSPI,,28250,1,700,2.54,27300,29150,27150,1340630,38349899125,5318163748000,188253584,STK
271560,KR7271560005,오리온,KOSPI,,134000,1,200,0.15,133000,135400,132200,131913,17609570600,5297841688000,39536132,STK
088980,KR7088980008,맥쿼리인프라,KOSPI,,10900,2,-50,-0.46,10840,10940,10800,2446537,26613423240,5220249723700,478921993,STK
141080,KR7141080002,리가켐바이오,KOSDAQ GLOBAL,기술성장기업부,139700,1,6900,5.2,132800,142900,130100,252001,34845565350,5171612694600,37019418,KSQ
052690,KR7052690005,한전기술,KOSPI,,134600,2,-400,-0.3,138200,138400,133000,190986,25879658600,5144412000000,38220000,STK
336260,KR7336260005,두산퓨얼셀,KOSPI,,78100,1,400,0.51,80300,80600,76600,284079,22271305900,5115060000600,65493726,STK
440110,KR7440110005,파두,KOSDAQ,기술성장기업부,100900,2,-2100,-2.04,104000,106700,100900,622448,64553710450,5054769844300,50096827,KSQ
082740,KR7082740002,한화엔진,KOSPI,,59300,3,0,0.0,61400,63000,59000,683828,41508511250,4948415520600,83447142,STK
088350,KR7088350004,한화생명,KOSPI,,5550,1,300,5.71,5250,5590,5230,8182010,44839255600,4820341500000,868530000,STK
002380,KR7002380004,KCC,KOSPI,,560000,1,2000,0.36,565000,573000,553000,29945,16831999500,4812021760000,8592896,STK
004020,KR7004020004,현대제철,KOSPI,,35850,2,-800,-2.18,36750,36750,35500,728647,26190757475,4784031392250,133445785,STK
222800,KR7222800005,심텍,KOSDAQ GLOBAL,중견기업부,126600,2,-7500,-5.59,137700,140000,125800,598098,78248390350,4742933664600,37463931,KSQ
178320,KR7178320008,서진시스템,KOSDAQ,중견기업부,74300,2,-3900,-4.99,77800,78000,69600,2343497,170987268600,4729249759100,63650737,KSQ
319660,KR7319660007,피에스케이,KOSDAQ,우량기업부,162100,2,-3600,-2.17,164200,167400,158300,434639,70521344900,4695504339400,28966714,KSQ
108490,KR7108490004,로보티즈,KOSDAQ,기술성장기업부,314000,2,-18000,-5.42,338000,339000,310500,197467,62827714000,4602306792000,14657028,KSQ
085620,KR7085620003,미래에셋생명,KOSPI,,32250,1,3600,12.57,28000,35150,27300,6633358,214066085500,4359555000000,135180000,STK
000500,KR7000500009,가온전선,KOSPI,,262500,1,10500,4.17,264500,268000,255000,108209,28425209500,4342567687500,16543115,STK
069960,KR7069960003,현대백화점,KOSPI,,198400,1,15200,8.3,181400,199700,180900,178645,34888855200,4278478540800,21564912,STK
022100,KR7022100002,포스코DX,KOSPI,,28100,2,-550,-1.92,29050,29100,28000,297857,8428908150,4272175884900,152034729,STK
095340,KR7095340006,ISC,KOSDAQ,우량기업부,199500,2,-10000,-4.77,210500,213500,198600,168039,34179302650,4228813071000,21197058,KSQ
103590,KR7103590006,일진전기,KOSPI,,88400,1,400,0.45,92200,92500,86700,425581,37912716100,4215388476000,47685390,STK
450080,KR7450080007,에코프로머티,KOSPI,,58800,1,300,0.51,58500,59500,57400,273335,15973869100,4157489691600,70705607,STK
084370,KR7084370006,유진테크,KOSDAQ,우량기업부,176700,2,-11300,-6.01,186200,186500,174100,297190,53055979050,4049264621400,22916042,KSQ
214370,KR7214370009,케어젠,KOSDAQ,벤처기업부,74800,2,-1300,-1.71,75400,77000,73500,78567,5867360350,4017882000000,53715000,KSQ
319400,KR7319400008,현대무벡스,KOSDAQ,우량기업부,36050,2,-1900,-5.01,38900,38900,35800,1215161,44699535650,4015106205950,111376039,KSQ
347850,KR7347850000,디앤디파마텍,KOSDAQ,기술성장기업부,91600,1,9100,11.03,83200,92800,80000,1585996,138997285650,4012459865200,43804147,KSQ
051900,KR7051900009,LG생활건강,KOSPI,,246500,3,0,0.0,246500,249000,244000,35112,8640769500,3691466419500,14975523,STK
310210,KR7310210000,보로노이,KOSDAQ,기술성장기업부,199900,1,2400,1.22,195600,208500,190000,81781,16255339800,3678593982900,18402171,KSQ
204320,KR7204320006,HL만도,KOSPI,,76900,1,6300,8.92,72200,77900,69300,4393620,327765355150,3611002528000,46957120,STK
489790,KR7489790006,한화비전,KOSPI,,71500,2,-1600,-2.19,74900,75700,70600,307751,22308421050,3609919885000,50488390,STK
111770,KR7111770004,영원무역,KOSPI,,81000,2,-1400,-1.7,82400,83900,80900,73461,6035100000,3589228908000,44311468,STK
005850,KR7005850003,에스엘,KOSPI,,76200,1,300,0.4,77200,77950,73600,220680,16818096650,3539377224000,46448520,STK
001450,KR7001450006,현대해상,KOSPI,,41250,1,550,1.35,40300,42200,40200,437935,18032846750,3516490312500,85248250,STK
012510,KR7012510004,더존비즈온,KOSPI,,120000,1,400,0.33,120000,120400,120000,73355,8803221250,3494865960000,29123883,STK
080220,KR7080220007,제주반도체,KOSDAQ,우량기업부,101200,2,-3600,-3.44,104900,110700,99800,2601220,270625324100,3485614699600,34442833,KSQ
035250,KR7035250000,강원랜드,KOSPI,,16170,1,170,1.06,16010,16470,15830,2408892,39278627680,3459417885000,213940500,STK
375500,KR7375500006,DL이앤씨,KOSPI,,89400,1,10400,13.16,80600,94600,79300,2248189,200697857550,3459209896200,38693623,STK
011170,KR7011170008,롯데케미칼,KOSPI,,80800,2,-100,-0.12,81200,81200,78500,166654,13338238900,3456253855200,42775419,STK
251270,KR7251270005,넷마블,KOSPI,,41800,1,650,1.58,41300,41950,40800,179746,7421954100,3424865067800,81934571,STK
014680,KR7014680003,한솔케미칼,KOSPI,,299000,2,-4500,-1.48,308000,310000,298000,58768,17803981250,3399688305000,11370195,STK
036460,KR7036460004,한국가스공사,KOSPI,,36350,2,-650,-1.76,37150,37300,35900,320070,11619239425,3355577550000,92313000,STK
067310,KR7067310003,하나마이크론,KOSDAQ,중견기업부,50100,2,-800,-1.57,51100,53400,49100,2626059,133765747700,3329857722600,66464226,KSQ
011780,KR7011780004,금호석유화학,KOSPI,,131900,2,-2800,-2.08,133500,134000,128300,76250,10032237650,3318251167500,25157325,STK
004800,KR7004800009,효성,KOSPI,,196800,1,5400,2.82,200500,211000,188000,35948,7203029650,3294512097600,16740407,STK
095610,KR7095610002,테스,KOSDAQ GLOBAL,우량기업부,169200,2,-7800,-4.41,176200,178500,164700,418108,70697541250,3275712000000,19360000,KSQ
017800,KR7017800004,현대엘리베이터,KOSPI,,82600,2,-900,-1.08,83700,85000,81500,671897,55222807350,3229031001000,39092385,STK
001720,KR7001720002,신영증권,KOSPI,,193100,1,10400,5.69,184000,193100,181400,25577,4855442700,3174564000000,16440000,STK
007810,KR7007810005,코리아써키트,KOSPI,,131900,2,-4900,-3.58,139600,139700,126900,277293,36518218950,3163307578000,23982620,STK
031210,KR7031210008,서울보증보험,KOSPI,,45050,2,-450,-0.99,45700,46200,44600,54170,2446717550,3145462989900,69821598,STK
302440,KR7302440003,SK바이오사이언스,KOSPI,,40000,2,-100,-0.25,40150,40350,39450,89333,3562563775,3138262120000,78456553,STK
012750,KR7012750006,에스원,KOSPI,,81600,1,4100,5.29,78200,85200,77600,119828,9816285300,3100732924800,37999178,STK
005290,KR7005290002,동진쎄미켐,KOSDAQ,우량기업부,60300,2,-600,-0.99,60900,62100,59500,708558,42869639200,3073498597800,50970126,KSQ
064760,KR7064760002,티씨케이,KOSDAQ GLOBAL,우량기업부,274500,2,-16000,-5.51,287500,290500,272000,87684,24340851250,3068749692000,11179416,KSQ
383220,KR7383220001,F&F,KOSPI,,80100,2,-1600,-1.96,80900,83800,79000,78243,6311639650,3068396707500,38307075,STK
214450,KR7214450009,파마리서치,KOSDAQ GLOBAL,우량기업부,295000,2,-8500,-2.8,301000,307000,292500,53958,16007190750,3064946160000,10389648,KSQ
020150,KR7020150009,롯데에너지머티리얼즈,KOSPI,,57700,1,900,1.58,57300,57700,54600,181450,10104661500,3021487215100,52365463,STK
097950,KR7097950000,CJ제일제당,KOSPI,,200500,2,-1500,-0.74,203000,203500,199200,57021,11408866700,3018364293000,15054186,STK
010170,KR7010170009,대한광통신,KOSDAQ,중견기업부,19400,1,440,2.32,19260,20600,19080,15893817,313470903790,3016421804000,155485660,KSQ
145020,KR7145020004,휴젤,KOSDAQ,우량기업부,239500,2,-8500,-3.43,246000,249500,237000,54184,13056475750,2946815903500,12304033,KSQ
357780,KR7357780006,솔브레인,KOSDAQ GLOBAL,우량기업부,378500,2,-48500,-11.36,426000,427500,373000,123915,48138992500,2944187231000,7778566,KSQ
214150,KR7214150005,클래시스,KOSDAQ GLOBAL,우량기업부,44600,1,800,1.83,43900,45900,43600,306630,13694724536,2909510391400,65235659,KSQ
139130,KR7139130009,iM금융지주,KOSPI,,18110,3,0,0.0,17900,18570,17890,1006906,18270470890,2908911198130,160624583,STK
131970,KR7131970006,두산테스나,KOSDAQ GLOBAL,우량기업부,150300,2,-13200,-8.07,160900,163900,149600,322669,50047885600,2904883871400,19327238,KSQ
043260,KR7043260009,성호전자,KOSDAQ,우량기업부,40600,2,-2200,-5.14,43500,43900,39650,2794615,114462717675,2879466613800,70922823,KSQ
028670,KR7028670008,팬오션,KOSPI,,5340,3,0,0.0,5340,5510,5270,3123408,16881235185,2854601194080,534569512,STK
279570,KR7279570006,케이뱅크,KOSPI,,6880,2,-100,-1.43,6980,7100,6560,9924416,68298900425,2791182638880,405695151,STK
131290,KR7131290009,티에스이,KOSDAQ,우량기업부,251000,2,-8000,-3.09,256500,264500,249000,86623,22054385000,2776418679000,11061429,KSQ
006360,KR7006360002,GS건설,KOSPI,,31850,1,1600,5.29,29950,34350,29500,4570551,147878441625,2725770456500,85581490,STK
009420,KR7009420001,한올바이오파마,KOSPI,,52100,1,800,1.56,51500,54100,49950,312697,16480918000,2721737239800,52240638,STK
004990,KR7004990008,롯데지주,KOSPI,,26850,2,-450,-1.65,27250,27650,26300,1102498,29441444475,2675972385600,99663776,STK
032820,KR7032820003,우리기술,KOSDAQ,벤처기업부,15560,1,480,3.18,15400,16490,15080,10490636,165073286075,2670176694160,171605186,KSQ
000240,KR7000240002,한국앤컴퍼니,KOSPI,,28000,2,-2650,-8.65,30350,30600,27950,514259,14724967275,2658186720000,94935240,STK
031980,KR7031980006,피에스케이홀딩스,KOSDAQ,우량기업부,123200,2,-12400,-9.14,135600,136100,118600,289028,35772600100,2656487064000,21562395,KSQ
457190,KR7457190007,이수스페셜티케미컬,KOSPI,,87600,1,2300,2.7,86400,88500,84600,120838,10481214200,2647173187200,30218872,STK
226950,KR7226950004,올릭스,KOSDAQ GLOBAL,기술성장기업부,129300,1,8500,7.04,120100,132100,117100,297171,37647468800,2627697051900,20322483,KSQ
007340,KR7007340003,DN오토모티브,KOSPI,,44650,1,800,1.82,43600,46650,43150,166071,7500480650,2612510122250,58510865,STK
237690,KR7237690003,에스티팜,KOSDAQ GLOBAL,우량기업부,124100,1,300,0.24,122700,127400,121600,81387,10083506100,2589624235800,20867238,KSQ
263750,KR7263750002,펄어비스,KOSDAQ,우량기업부,40150,1,150,0.38,40050,41050,39850,346999,13961814225,2579551378250,64247855,KSQ
026960,KR7026960005,동서,KOSPI,,25800,1,350,1.38,25650,26350,25400,113635,2950386375,2572260000000,99700000,STK
139480,KR7139480008,이마트,KOSPI,,91000,1,800,0.89,90800,92200,89700,123589,11251990750,2511219529000,27595819,STK
003690,KR7003690005,코리안리,KOSPI,,14000,1,180,1.3,13800,14120,13670,591219,8259797865,2474094434000,176721031,STK
439260,KR7439260001,대한조선,KOSPI,,64700,1,400,0.62,64600,65500,63300,74614,4802560350,2464340831000,38088730,STK
098460,KR7098460009,고영,KOSDAQ,우량기업부,35750,2,-1650,-4.41,37800,38100,35650,1791654,65614037975,2454407491250,68654755,KSQ
071970,KR7071970008,HD현대마린엔진,KOSPI,,72000,1,1000,1.41,72100,73900,70400,157272,11357522200,2442347640000,33921495,STK
009970,KR7009970005,영원무역홀딩스,KOSPI,,188300,2,-2100,-1.1,188900,193600,187000,9130,1729019250,2439203741100,12953817,STK
030000,KR7030000004,제일기획,KOSPI,,21100,1,350,1.69,20750,21500,20400,2044184,43382111000,2427369847500,115041225,STK
483650,KR7483650008,달바글로벌,KOSPI,,194000,2,-2900,-1.47,198100,208500,194000,119128,23670120200,2419018010000,12469165,STK
001740,KR7001740000,SK네트웍스,KOSPI,,12000,2,-850,-6.61,13010,13020,11850,6986485,85059104340,2407126668000,200593889,STK
112610,KR7112610001,씨에스윈드,KOSPI,,56800,4,13050,29.83,43800,56800,43000,2399924,124108650000,2395335690400,42171403,STK
051600,KR7051600005,한전KPS,KOSPI,,52300,2,-1700,-3.15,54800,55400,52100,216867,11545071950,2353500000000,45000000,STK
008770,KR7008770000,호텔신라,KOSPI,,59800,1,4300,7.75,56000,60000,55000,474665,27796450850,2347037635800,39248121,STK
011210,KR7011210002,현대위아,KOSPI,,86100,1,4100,5.0,83000,88100,81400,244726,21004161250,2341496646300,27195083,STK
000155,KR7000151001,두산우,KOSPI,,581000,1,17000,3.01,568000,600000,568000,12301,7175608000,2321944422000,3996462,STK
257720,KR7257720003,실리콘투,KOSDAQ,우량기업부,35050,2,-750,-2.09,36000,37000,34950,315837,11223949200,2298447632600,65576252,KSQ
089970,KR7089970008,브이엠,KOSDAQ,우량기업부,92500,2,-1400,-1.49,93000,94500,89900,672764,61274880600,2291409537500,24771995,KSQ
004370,KR7004370003,농심,KOSPI,,372000,2,-5500,-1.46,377500,380000,371500,27446,10236187000,2262742824000,6082642,STK
081660,KR7081660003,미스토홀딩스,KOSPI,,42150,2,-1600,-3.66,43850,45650,40950,287629,12503041975,2237821056000,53091840,STK
005440,KR7005440003,현대지에프홀딩스,KOSPI,,14350,1,450,3.24,13990,14390,13610,225967,3173343330,2237226719350,155904301,STK
183300,KR7183300003,코미코,KOSDAQ,우량기업부,108300,2,-1900,-1.72,111400,112600,106500,306003,33293747250,2225057073000,20545310,KSQ
089030,KR7089030001,테크윙,KOSDAQ,중견기업부,59900,2,-8000,-11.78,68300,68500,59900,2616145,164662854850,2219513335500,37053645,KSQ
282330,KR7282330000,BGF리테일,KOSPI,,128200,2,-1700,-1.31,128700,134200,125200,690433,87926090350,2215796749200,17283906,STK
218410,KR7218410009,RFHIC,KOSDAQ,우량기업부,82800,1,3100,3.89,80100,87900,79200,392729,33253600400,2198624997600,26553442,KSQ
082920,KR7082920000,비츠로셀,KOSDAQ GLOBAL,우량기업부,48450,1,2200,4.76,46250,51100,46050,455011,22129107600,2196697660650,45339477,KSQ
103140,KR7103140000,풍산,KOSPI,,78100,1,2600,3.44,77600,83100,77200,253375,20335489400,2188696111800,28024278,STK
120110,KR7120110002,코오롱인더,KOSPI,,72900,1,600,0.83,71700,74000,69300,124485,9040747400,2183065732800,29946032,STK
058610,KR7058610007,에스피지,KOSDAQ,우량기업부,97800,2,-700,-0.71,100800,101000,95600,148958,14586018950,2168945808000,22177360,KSQ
007070,KR7007070006,GS리테일,KOSPI,,25600,1,750,3.02,25100,26150,24900,224813,5776263775,2140349824000,83607415,STK
018670,KR7018670000,SK가스,KOSPI,,231000,1,500,0.22,231500,234500,228500,7386,1708797000,2138423364000,9257244,STK
008930,KR7008930000,한미사이언스,KOSPI,,30900,1,550,1.81,30400,31300,30400,57185,1762957925,2113298895000,68391550,STK
290650,KR7290650001,엘앤씨바이오,KOSDAQ,우량기업부,78200,1,2000,2.62,75500,79900,74800,190172,14721494800,2109030852800,26969704,KSQ
083650,KR7083650002,비에이치아이,KOSDAQ,우량기업부,68000,1,400,0.59,69700,70000,67100,328488,22483013200,2104217500000,30944375,KSQ
030530,KR7030530000,원익홀딩스,KOSDAQ,중견기업부,27150,2,-1650,-5.73,29100,29300,27100,745911,20686675400,2097011184150,77237981,KSQ
097230,KR7097230007,HJ중공업,KOSPI,,22950,2,-350,-1.5,23350,23600,21900,791800,18105994875,2072278144800,90295344,STK
093370,KR7093370005,후성,KOSPI,,19200,2,-3200,-14.29,22400,22400,19200,11252734,227372058470,2059302336000,107255330,STK
229640,KR7229640008,LS에코에너지,KOSPI,,66500,2,-1400,-2.06,68600,69200,64500,232187,15587179000,2036554453500,30624879,STK
078600,KR7078600004,대주전자재료,KOSDAQ,우량기업부,130300,1,7800,6.37,123500,132400,121300,383349,48725205200,2036356675100,15628217,KSQ
161890,KR7161890009,한국콜마,KOSPI,,85700,2,-1300,-1.49,89200,93800,85500,259245,22731561650,2022955098900,23605077,STK
000120,KR7000120006,CJ대한통운,KOSPI,,87300,1,2000,2.34,85700,88200,85300,59145,5156294000,1991517631200,22812344,STK
035900,KR7035900000,JYP Ent.,KOSDAQ GLOBAL,우량기업부,55700,2,-200,-0.36,55400,56300,55300,107704,6004821100,1979159804400,35532492,KSQ
007390,KR7007390008,네이처셀,KOSDAQ,중견기업부,30550,3,0,0.0,30300,32250,30200,523464,16229564925,1968490960800,64435056,KSQ
068760,KR7068760008,셀트리온제약,KOSDAQ,우량기업부,44100,1,50,0.11,43850,44450,43250,58008,2550219750,1958142841200,44402332,KSQ
140410,KR7140410002,메지온,KOSDAQ,투자주의환기종목(소속부없음),64100,1,400,0.63,63600,64600,61600,64450,4069574850,1948137904700,30392167,KSQ
00680K,KR700680K019,미래에셋증권2우B,KOSPI,,13980,2,-100,-0.71,14250,14860,13960,420517,6037879625,1908270000000,136500000,STK
475150,KR7475150009,SK이터닉스,KOSPI,,55800,1,6950,14.23,48850,61900,47500,22087641,1238280488150,1900938823200,34067004,STK
041510,KR7041510009,에스엠,KOSDAQ GLOBAL,우량기업부,82800,1,1600,1.97,81600,83150,81200,61659,5062335450,1895680332000,22894690,KSQ
192820,KR7192820009,코스맥스,KOSPI,,167000,2,-1700,-1.01,169100,175200,167000,61330,10388087050,1895368003000,11349509,STK
462870,KR7462870007,시프트업,KOSPI,,32200,2,-100,-0.31,32400,33150,31450,58407,1868677775,1888669748000,58654340,STK
002790,KR7002790004,아모레퍼시픽홀딩스,KOSPI,,24700,1,50,0.2,24700,25450,24450,128352,3188660200,1888517046000,76458180,STK
322000,KR7322000001,HD현대에너지솔루션,KOSPI,,165500,1,7400,4.68,158300,181200,153300,748867,127142695650,1853600000000,11200000,STK
0009K0,KR70009K0001,에임드바이오,KOSDAQ,기술성장기업부,28600,1,850,3.06,27950,30450,27500,311805,8901772350,1849595204600,64671161,KSQ
017960,KR7017960006,한국카본,KOSPI,,35650,1,2850,8.69,33350,35850,33350,605817,21280162825,1842266725900,51676486,STK
009155,KR7009151002,삼성전기우,KOSPI,,628000,1,1000,0.16,643000,643000,609000,65085,40704759500,1825585952000,2906984,STK
420770,KR7420770000,기가비스,KOSDAQ,우량기업부,141900,1,1700,1.21,141000,147200,135400,105899,15046479200,1798690060200,12675758,KSQ
281820,KR7281820001,케이씨텍,KOSPI,,90100,1,4300,5.01,98400,99400,88500,472065,44578848150,1783859356100,19798661,STK
001430,KR7001430008,세아베스틸지주,KOSPI,,49500,1,2950,6.34,47850,50400,46050,635665,31347245900,1775174890500,35862119,STK
023590,KR7023590003,다우기술,KOSPI,,40850,1,950,2.38,40000,41900,39950,49876,2040753325,1768286695200,43287312,STK
395400,KR7395400005,SK리츠,KOSPI,,5830,2,-10,-0.17,5840,6090,5450,678581,4009459080,1754932724600,301017620,STK
140860,KR7140860008,파크시스템스,KOSDAQ GLOBAL,우량기업부,249500,2,-9000,-3.48,260500,262000,246500,43113,10823591250,1747116015500,7002469,KSQ
001800,KR7001800002,오리온홀딩스,KOSPI,,27300,1,600,2.25,27050,28500,26100,394056,10736013650,1710220020600,62645422,STK
347700,KR7347700007,스피어,KOSDAQ,기술성장기업부,32900,2,-2300,-6.53,36500,36500,32650,1343118,46074007550,1695645009800,51539362,KSQ
060370,KR7060370004,LS마린솔루션,KOSDAQ,우량기업부,31600,1,400,1.28,31750,34000,30000,515567,16432239700,1650747786400,52238854,KSQ
437730,KR7437730005,삼현,KOSDAQ,기술성장기업부,52000,2,-3500,-6.31,55700,55900,52000,160873,8528946500,1648793484000,31707567,KSQ
001120,KR7001120005,LX인터내셔널,KOSPI,,42500,1,1600,3.91,41000,42800,39500,652477,27323748750,1647300000000,38760000,STK
361610,KR7361610009,SK아이이테크놀로지,KOSPI,,19990,1,810,4.22,19200,20250,18810,210307,4119499305,1634924129000,81787100,STK
020560,KR7020560009,아시아나항공,KOSPI,,7840,2,-210,-2.61,7900,7980,7680,220871,1728696985,1614967174240,205990711,STK
100790,KR7100790005,미래에셋벤처투자,KOSDAQ,우량기업부,29800,2,-950,-3.09,31350,31650,29200,2790828,84822726825,1583114093200,53124634,KSQ
323280,KR7323280008,태성,KOSDAQ,중견기업부,51200,2,-2800,-5.19,53600,54400,51100,198036,10306902000,1563544576000,30537980,KSQ
003570,KR7003570009,SNT다이내믹스,KOSPI,,46550,1,3750,8.76,43450,47100,43400,90710,4157514525,1547913045350,33252697,STK
005070,KR7005070008,코스모신소재,KOSPI,,46550,2,-1650,-3.42,48500,48700,46450,100949,4749033925,1546138280050,33214571,STK
003540,KR7003540002,대신증권,KOSPI,,31250,1,1450,4.87,29950,31600,29800,339832,10538972550,1538117593750,49219763,STK
001820,KR7001820000,삼화콘덴서,KOSPI,,147900,1,7300,5.19,157000,157100,143000,875109,129951797500,1537420500000,10395000,STK
298020,KR7298020009,효성티앤씨,KOSPI,,354500,2,-6000,-1.66,368500,368500,352000,16179,5784080000,1534163269000,4327682,STK
006280,KR7006280002,녹십자,KOSPI,,130000,1,200,0.15,129100,132700,128500,28556,3727584250,1519249940000,11686538,STK
006040,KR7006040000,동원산업,KOSPI,,34350,2,-50,-0.15,34900,34900,34100,58188,2010489050,1516237132650,44140819,STK
031330,KR7031330004,에스에이엠티,KOSDAQ,우량기업부,14960,2,-740,-4.71,15810,16150,14610,1058620,15958370240,1495926202320,99995067,KSQ
096530,KR7096530001,씨젠,KOSDAQ GLOBAL,우량기업부,28500,2,-200,-0.7,28700,28800,28050,174328,4958965750,1488440829000,52225994,KSQ
039200,KR7039200001,오스코텍,KOSDAQ,벤처기업부,38850,2,-400,-1.02,39100,39850,38300,177997,6922913125,1486330137600,38258176,KSQ
073240,KR7073240004,금호타이어,KOSPI,,5090,1,20,0.39,5070,5130,4990,410070,2085364280,1462154860830,287260287,STK
192080,KR7192080000,더블유게임즈,KOSPI,,68400,2,-1500,-2.15,69800,71000,67800,99154,6816516650,1448265211200,21173468,STK
032350,KR7032350001,롯데관광개발,KOSPI,,18010,1,200,1.12,17990,18600,17760,303829,5530501850,1433622546740,79601474,STK
034230,KR7034230003,파라다이스,KOSPI,,15460,1,490,3.27,15060,15570,15010,591602,9052350695,1432050245720,92629382,STK
077970,KR7077970002,STX엔진,KOSPI,,35600,2,-1050,-2.86,36600,38000,35200,347928,12579640575,1429271042800,40148063,STK
069620,KR7069620003,대웅제약,KOSPI,,122700,1,2500,2.08,121400,124300,120100,33600,4111448000,1421672752500,11586575,STK
476830,KR7476830005,알지노믹스,KOSDAQ,기술성장기업부,101500,1,12800,14.43,95100,104100,90700,590171,58219278900,1414284963000,13933842,KSQ
066575,KR7066571001,LG전자우,KOSPI,,82000,2,-5100,-5.86,88700,90000,81900,204741,17200839400,1408866518000,17181299,STK
195870,KR7195870001,해성디에스,KOSPI,,82100,2,-3400,-3.98,85500,86700,81000,167467,13978736000,1395700000000,17000000,STK
166090,KR7166090001,하나머티리얼즈,KOSDAQ,우량기업부,70300,2,-4100,-5.51,74400,75400,70300,166447,12003657050,1390370482200,19777674,KSQ
475830,KR7475830006,오름테라퓨틱,KOSDAQ,기술성장기업부,63700,1,500,0.79,62600,65500,60100,177242,11096237750,1370398802500,21513325,KSQ
294870,KR7294870001,IPARK현대산업개발,KOSPI,,20750,1,350,1.72,20500,21200,20150,284360,5927721525,1367577097500,65907330,STK
101490,KR7101490001,에스앤에스텍,KOSDAQ GLOBAL,우량기업부,63500,2,-700,-1.09,66100,66800,63100,263763,16954433300,1354764816500,21334879,KSQ
012630,KR7012630000,HDC,KOSPI,,22450,1,1000,4.66,21750,22650,20650,82261,1824272850,1341201636450,59741721,STK
100090,KR7100090000,SK오션플랜트,KOSPI,,21450,1,4550,26.92,16810,21800,16300,7339524,149150804825,1340155867050,62478129,STK
007310,KR7007310006,오뚜기,KOSPI,,333500,2,-2000,-0.6,333500,336000,330500,3985,1325190000,1336611305000,4007830,STK
090710,KR7090710005,휴림로봇,KOSDAQ,중견기업부,11000,2,-250,-2.22,11270,11440,10910,2760371,30438309505,1314029167000,119457197,KSQ
030610,KR7030610000,교보증권,KOSPI,,11510,2,-10,-0.09,11540,11770,11320,122486,1410603630,1311713681110,113962961,STK
004000,KR7004000006,롯데정밀화학,KOSPI,,50600,1,1050,2.12,50200,51000,49700,64127,3240267600,1305480000000,25800000,STK
000815,KR7000811000,삼성화재우,KOSPI,,426500,1,2500,0.59,425000,430500,423000,11695,4992947500,1282494030000,3007020,STK
003530,KR7003530003,한화투자증권,KOSPI,,5930,1,30,0.51,5950,6090,5880,1143932,6843054600,1272268305750,214547775,STK
082640,KR7082640004,동양생명,KOSPI,,8140,1,170,2.13,7970,8250,7950,224200,1824467165,1270349409340,156062581,STK
181710,KR7181710005,NHN,KOSPI,,38700,2,-150,-0.39,39000,39600,38600,88590,3445723375,1267546479300,32753139,STK
051915,KR7051911006,LG화학우,KOSPI,,164300,1,1900,1.17,162400,165700,160000,16743,2736207300,1263269840000,7688800,STK
232140,KR7232140004,와이씨,KOSDAQ,우량기업부,15350,2,-810,-5.01,16200,16250,15310,882448,13690198470,1259396122500,82045350,KSQ
127120,KR7127120004,제이에스링크,KOSDAQ,벤처기업부,36100,1,400,1.12,35950,36450,34850,78686,2802087975,1249819760600,34621046,KSQ
038500,KR7038500005,삼표시멘트,KOSDAQ GLOBAL,우량기업부,11570,1,230,2.03,11360,11720,11050,1006210,11429160770,1248591660420,107916306,KSQ
003380,KR7003380003,하림지주,KOSDAQ GLOBAL,우량기업부,11110,1,200,1.83,10890,11240,10780,429297,4749121675,1244382449310,112005621,KSQ
415640,KR7415640002,KB발해인프라,KOSPI,,10010,1,60,0.6,9920,10040,9820,181227,1817114710,1226680935480,122545548,STK
458870,KR7458870003,씨어스,KOSDAQ,기술성장기업부,32100,1,3300,11.46,28850,32150,28750,421802,13201937575,1221717654000,38059740,KSQ
417200,KR7417200003,LS머트리얼즈,KOSDAQ,중견기업부,17960,1,640,3.7,17380,18470,16780,1337080,23732505190,1215041755640,67652659,KSQ
099320,KR7099320004,쎄트렉아이,KOSDAQ,우량기업부,110100,1,2100,1.94,110100,117500,107300,160175,18013325150,1205735707800,10951278,KSQ
195940,KR7195940002,HK이노엔,KOSDAQ GLOBAL,우량기업부,42250,2,-50,-0.12,42250,43000,41950,145477,6173150450,1196937894750,28329891,KSQ
036540,KR7036540003,SFA반도체,KOSDAQ,중견기업부,7200,2,-170,-2.31,7400,7480,7150,1806779,13122277730,1184114181600,164460303,KSQ
065350,KR7065350001,신성델타테크,KOSDAQ,우량기업부,41850,2,-1400,-3.24,43050,43900,41300,109276,4615107850,1150203223800,27483948,KSQ
085660,KR7085660009,차바이오텍,KOSDAQ,중견기업부,12360,1,170,1.39,12270,12530,12030,302591,3727231535,1149144376560,92972846,KSQ
000210,KR7000210005,DL,KOSPI,,54800,2,-400,-0.72,54700,57800,53500,113655,6291677200,1148382443200,20955884,STK
089860,KR7089860001,롯데렌탈,KOSPI,,31600,1,150,0.48,31800,31800,31200,27938,880371825,1147376660800,36309388,STK
330590,KR7330590001,롯데리츠,KOSPI,,3955,1,180,4.77,3775,4045,3765,641721,2535791307,1142871936220,288968884,STK
281740,KR7281740001,레이크머티리얼즈,KOSDAQ,우량기업부,17140,2,-580,-3.27,17720,18750,16760,1101305,19215042580,1126621592720,65730548,KSQ
032500,KR7032500001,케이엠더블유,KOSDAQ,중견기업부,26700,2,-1700,-5.99,28150,28850,26450,276889,7541472675,1126518416700,42191701,KSQ
000080,KR7000080002,하이트진로,KOSPI,,16010,2,-10,-0.06,16010,16090,15940,104249,1668599175,1122839112110,70133611,STK
300720,KR7300720000,한일시멘트,KOSPI,,15150,1,450,3.06,14600,15450,14600,181358,2766070550,1114209916350,73545209,STK
491000,KR7491000006,리브스메드,KOSDAQ,기술성장기업부,44300,1,3950,9.79,41000,44650,40000,229749,9859208950,1107694521300,25004391,KSQ
083450,KR7083450007,GST,KOSDAQ,우량기업부,59800,2,-4500,-7.0,64500,64600,59500,348191,21165873750,1102114000000,18430000,KSQ
003090,KR7003090008,대웅,KOSPI,,18560,1,90,0.49,18480,18740,18350,48150,889875405,1079115148800,58141980,STK
189300,KR7189300007,인텔리안테크,KOSDAQ,우량기업부,100400,1,2100,2.14,100000,103900,98200,206831,20765385950,1078044698800,10737497,KSQ
328130,KR7328130000,루닛,KOSDAQ,기술성장기업부,14470,2,-30,-0.21,14500,14970,14170,459855,6673950470,1076316742920,74382636,KSQ
388210,KR7388210007,씨엠티엑스,KOSDAQ,벤처기업부,111200,2,-1400,-1.24,115300,117600,111000,62493,7086814450,1073573505600,9654438,KSQ
445680,KR7445680002,큐리옥스바이오시스템즈,KOSDAQ,기술성장기업부,62000,2,-2800,-4.32,62200,63600,57000,160284,9864864050,1066601810000,17203255,KSQ
009450,KR7009450008,경동나비엔,KOSPI,,72600,1,1400,1.97,70500,73700,70400,65098,4719882650,1057679779200,14568592,STK
295310,KR7295310007,에이치브이엠,KOSDAQ,기술성장기업부,87800,2,-5200,-5.59,95100,95200,85600,280952,25155137300,1055996149800,12027291,KSQ
074600,KR7074600008,원익QnC,KOSDAQ,우량기업부,40000,2,-1100,-2.68,41400,41800,39500,427406,17230069450,1051520000000,26288000,KSQ
003240,KR7003240009,태광산업,KOSPI,,936000,1,1000,0.11,936000,953000,932000,911,855137000,1042142400000,1113400,STK
496320,KR7496320003,본시스템즈,KONEX,일반기업부,1023000,0,0,0.0,0,0,0,0,0,1039340379000,1015973,KNX
090360,KR7090360009,로보스타,KOSDAQ,중견기업부,106500,2,-5700,-5.08,115100,115600,106200,234227,25408724950,1038375000000,9750000,KSQ
057050,KR7057050007,현대홈쇼핑,KOSPI,,85800,1,3900,4.76,81900,85800,80400,19140,1595609750,1029600000000,12000000,STK
185750,KR7185750007,종근당,KOSPI,,73900,1,2200,3.07,72800,74000,72400,29194,2142645100,1020025442000,13802780,STK
003470,KR7003470002,유안타증권,KOSPI,,5290,1,100,1.93,5220,5370,5180,667371,3523334755,1019277739580,192680102,STK
397030,KR7397030008,에이프릴바이오,KOSDAQ,기술성장기업부,43500,1,1100,2.59,42550,44700,41600,255267,11032404125,1018501431000,23413826,KSQ
137400,KR7137400008,피엔티,KOSDAQ GLOBAL,우량기업부,42950,2,-1050,-2.39,44100,44200,42800,95866,4136241375,1017516767600,23690728,KSQ
161580,KR7161580006,필옵틱스,KOSDAQ,중견기업부,42850,2,-1900,-4.25,46300,46350,42600,205601,8953366975,1004500283950,23442247,KSQ
005300,KR7005300009,롯데칠성,KOSPI,,107400,2,-500,-0.46,107100,108200,106300,26977,2890786250,996552141600,9278884,STK
204270,KR7204270003,제이앤티씨,KOSDAQ,중견기업부,17220,1,120,0.7,17570,17570,16690,159684,2727306065,996150584520,57848466,KSQ
056190,KR7056190002,에스에프에이,KOSDAQ GLOBAL,우량기업부,27700,3,0,0.0,27950,28150,27050,98151,2710546450,994672652000,35908760,KSQ
388720,KR7388720005,유일로보틱스,KOSDAQ,벤처기업부,84200,2,-1000,-1.17,86000,86500,82900,51187,4307897400,991989249000,11781345,KSQ
071055,KR7071051007,한국금융지주우,KOSPI,,169000,3,0,0.0,169900,173200,168100,14628,2489624500,990044419000,5858251,STK
115180,KR7115180002,큐리언트,KOSDAQ,벤처기업부,26200,1,300,1.16,26250,26950,25350,65105,1681775500,982197521000,37488455,KSQ
090460,KR7090460007,비에이치,KOSPI,,29100,1,2300,8.58,32050,32050,28400,1106613,32607236450,981005755800,33711538,STK
280360,KR7280360009,롯데웰푸드,KOSPI,,106300,2,-3900,-3.54,109100,109900,106000,30079,3218069450,978446216200,9204574,STK
499790,KR7499790004,GS피앤엘,KOSPI,,48750,1,650,1.35,47900,49850,47250,99618,4843572225,966753498750,19830841,STK
365550,KR7365550003,ESR켄달스퀘어리츠,KOSPI,,3885,1,130,3.46,3790,3890,3660,459304,1762671035,956055765000,246089000,STK
456040,KR7456040005,OCI,KOSPI,,106600,1,9000,9.22,98500,108000,97200,145425,14966634750,954335967000,8952495,STK
356860,KR7356860007,티엘비,KOSDAQ,우량기업부,95700,2,-5700,-5.62,102500,102500,94100,195465,18885489750,940982691000,9832630,KSQ
126340,KR7126340009,비나텍,KOSDAQ,벤처기업부,130500,1,16600,14.57,120100,133000,111100,312310,39306139050,937044027000,7180414,KSQ
466100,KR7466100005,클로봇,KOSDAQ,기술성장기업부,36800,2,-1100,-2.9,38900,38900,36550,146924,5481365825,936899995200,25459239,KSQ
213420,KR7213420003,덕산네오룩스,KOSDAQ,우량기업부,37500,2,-1350,-3.47,38600,39300,37350,131621,4990881750,931169212500,24831179,KSQ
298050,KR7298050006,HS효성첨단소재,KOSPI,,207000,1,1000,0.49,209000,211000,204000,9538,1983158250,927349236000,4479948,STK
192400,KR7192400000,쿠쿠홀딩스,KOSPI,,26050,3,0,0.0,26200,26700,26000,20797,549265225,926394919250,35562185,STK
048410,KR7048410005,현대바이오,KOSDAQ,중견기업부,9570,1,40,0.42,9570,10190,9270,1351950,12991505820,923558324040,96505572,KSQ
075580,KR7075580001,세진중공업,KOSPI,,16160,1,240,1.51,16180,16640,15620,190647,3085553205,918687208960,56849456,STK
036830,KR7036830008,솔브레인홀딩스,KOSDAQ GLOBAL,우량기업부,44750,2,-2000,-4.28,47200,47200,44250,88779,4015902575,917553149750,20503981,KSQ
006650,KR7006650006,대한유화,KOSPI,,138800,2,-2700,-1.91,140200,142500,137000,30348,4255288050,902200000000,6500000,STK
000670,KR7000670000,영풍,KOSPI,,48800,2,-50,-0.1,49000,49500,48000,27226,1329881800,898441330400,18410683,STK
033640,KR7033640004,네패스,KOSDAQ,중견기업부,38950,1,3050,8.5,36700,41150,35900,976690,38145592000,898155917900,23059202,KSQ
490470,KR7490470002,세미파이브,KOSDAQ,기술성장기업부,26350,2,-1050,-3.83,27900,28100,26300,420959,11325464225,896570344000,34025440,KSQ
033100,KR7033100009,제룡전기,KOSDAQ GLOBAL,우량기업부,55500,2,-300,-0.54,57400,57400,54400,193655,10784201550,891463699500,16062409,KSQ
027360,KR7027360007,아주IB투자,KOSDAQ,중견기업부,7330,2,-360,-4.68,7700,7760,7240,4751382,35506345665,887995825980,121145406,KSQ
248070,KR7248070005,솔루엠,KOSPI,,18570,2,-350,-1.85,18920,19030,18470,198658,3708773385,887947502520,47816236,STK
086450,KR7086450004,동국제약,KOSDAQ GLOBAL,우량기업부,19500,1,40,0.21,19570,19780,19200,285664,5567128245,881993190000,45230420,KSQ
252990,KR7252990007,샘씨엔에스,KOSDAQ,우량기업부,14620,2,-460,-3.05,14970,15400,14180,865848,12603811330,880385537180,60217889,KSQ
005690,KR7005690003,파미셀,KOSPI,,14620,2,-60,-0.41,14820,14970,14190,703714,10191325560,877258684680,60004014,STK
006340,KR7006340004,대원전선,KOSPI,,11150,1,460,4.3,11020,11530,10450,7315288,81537975230,874320738400,78414416,STK
014620,KR7014620009,성광벤드,KOSDAQ GLOBAL,우량기업부,32750,2,-150,-0.46,32850,34800,32400,181925,6058512150,869753671000,26557364,KSQ
122870,KR7122870009,와이지엔터테인먼트,KOSDAQ GLOBAL,우량기업부,46300,1,1300,2.89,44800,46950,44800,75897,3486362825,865395568700,18691049,KSQ
004490,KR7004490009,세방전지,KOSPI,,62400,1,4400,7.59,60400,63000,58800,162734,9948119550,864864000000,13860000,STK
030190,KR7030190003,NICE평가정보,KOSPI,,14680,1,110,0.75,14490,14800,14350,62009,908659645,864821216360,58911527,STK
137310,KR7137310009,에스디바이오센서,KOSPI,,7160,1,20,0.28,7200,7280,7050,63007,449594585,864563570320,120749102,STK
160190,KR7160190005,하이젠알앤엠,KOSDAQ,투자주의환기종목(소속부없음),27800,2,-300,-1.07,28100,28700,27000,80924,2235663275,858686400000,30888000,KSQ
451800,KR7451800007,한화리츠,KOSPI,,4775,2,-285,-5.63,5060,5100,4770,415413,2010832704,857590000000,179600000,STK
036530,KR7036530004,SNT홀딩스,KOSPI,,52500,1,900,1.74,52400,52800,50600,32796,1687500250,855954015000,16303886,STK
079900,KR7079900007,전진건설로봇,KOSPI,,58300,2,-800,-1.35,58800,61600,57000,180812,10713194650,850745373500,14592545,STK
071320,KR7071320006,지역난방공사,KOSPI,,73100,2,-500,-0.68,73600,74800,73100,11195,825305850,846406186400,11578744,STK
222080,KR7222080004,씨아이에스,KOSDAQ GLOBAL,우량기업부,10840,2,-50,-0.46,10920,10990,10570,670223,7248272655,843136760960,77780144,KSQ
044490,KR7044490001,태웅,KOSDAQ,우량기업부,41850,1,7650,22.37,35450,42800,33900,1019433,40507801250,837308894850,20007381,KSQ
00088K,KR700088K015,한화3우B,KOSPI,,43150,1,2100,5.12,41700,43850,41500,58616,2515845300,837301629150,19404441,STK
000370,KR7000370007,한화손해보험,KOSPI,,7150,1,430,6.4,6720,7170,6720,811646,5676012915,834683242250,116738915,STK
439960,KR7439960006,코스모로보틱스,KOSDAQ,기술성장기업부,25550,1,450,1.79,26200,30450,24350,10513420,292697725500,829113494300,32450626,KSQ
035760,KR7035760008,CJ ENM,KOSDAQ GLOBAL,중견기업부,37800,2,-800,-2.07,38400,38550,37600,61937,2351106575,828922021200,21929154,KSQ
214320,KR7214320004,이노션,KOSPI,,20650,2,-400,-1.9,20850,21200,20600,168044,3496333425,826000000000,40000000,STK
006120,KR7006120000,SK디스커버리,KOSPI,,47350,1,900,1.94,47550,49000,46700,38538,1860960900,824541109850,17413751,STK
006110,KR7006110001,삼아알미늄,KOSPI,,54400,2,-4900,-8.26,59700,59700,51900,467590,25241379450,822715952000,15123455,STK
009240,KR7009240003,한샘,KOSPI,,34950,3,0,0.0,35000,35650,34650,48591,1703026225,822510783600,23533928,STK
293490,KR7293490009,카카오게임즈,KOSDAQ GLOBAL,중견기업부,9110,2,-20,-0.22,9040,9240,8940,249117,2272590950,817958759210,89786911,KSQ
484870,KR7484870001,엠앤씨솔루션,KOSPI,,89300,1,1000,1.13,90000,94000,87700,35667,3210764250,817443270000,9153900,STK
124500,KR7124500000,아이티센글로벌,KOSDAQ,우량기업부,35200,2,-6700,-15.99,42450,42700,33500,787481,28781295875,816799350400,23204527,KSQ
003160,KR7003160009,디아이,KOSPI,,28850,2,-450,-1.54,29600,30150,28600,311855,9080015575,816455000000,28300000,STK
023160,KR7023160005,태광,KOSDAQ GLOBAL,우량기업부,31500,3,0,0.0,30950,32200,30300,244619,7685957675,814818123000,25867242,KSQ
064960,KR7064960008,SNT모티브,KOSPI,,30700,2,-400,-1.29,31700,31850,30500,56095,1731305925,814786350400,26540272,STK
005090,KR7005090006,SGC에너지,KOSPI,,56500,1,200,0.36,54700,56700,51200,131668,7033431400,814127314500,14409333,STK
003850,KR7003850005,보령,KOSPI,,9440,1,190,2.05,9270,9560,9250,232740,2205187485,809831234080,85787207,STK
108320,KR7108320003,LX세미콘,KOSPI,,49750,2,-250,-0.5,50100,50800,49300,165249,8215224250,809148925000,16264300,STK
456160,KR7456160001,지투지바이오,KOSDAQ,기술성장기업부,48650,1,3300,7.28,45900,49950,44500,233163,11126328625,809021574900,16629426,KSQ
285130,KR7285130001,SK케미칼,KOSPI,,46700,1,850,1.85,45850,47050,45100,95377,4401253850,807852372200,17298766,STK
376900,KR7376900007,로킷헬스케어,KOSDAQ,기술성장기업부,50700,1,200,0.4,50100,52100,48950,108627,5474159350,804801102300,15873789,KSQ
348370,KR7348370008,엔켐,KOSDAQ,중견기업부,36700,2,-900,-2.39,37050,37150,35300,153690,5532991300,804133443100,21910993,KSQ
336370,KR7336370002,솔루스첨단소재,KOSPI,,11340,2,-1220,-9.71,12590,12600,11200,791441,9189755900,796264680960,70217344,STK
094170,KR7094170008,동운아나텍,KOSDAQ,우량기업부,37850,1,850,2.3,37350,38300,36550,71704,2687489450,791441077600,20909936,KSQ
358570,KR7358570000,지아이이노베이션,KOSDAQ,기술성장기업부,12300,1,410,3.45,11860,12740,11600,750392,9109922360,790420029300,64261791,KSQ
079160,KR7079160008,CJ CGV,KOSPI,,4730,2,-170,-3.47,4900,4935,4705,361421,1735147101,783205087830,165582471,STK
025540,KR7025540006,한국단자,KOSPI,,77300,1,500,0.65,77100,79300,75800,23796,1849198950,781889500000,10115000,STK
053610,KR7053610002,프로텍,KOSDAQ,우량기업부,86800,2,-1500,-1.7,89200,89200,83500,37043,3179696050,781200000000,9000000,KSQ
050890,KR7050890003,쏠리드,KOSDAQ,우량기업부,12810,2,-160,-1.23,13000,13580,12710,1252483,16394112740,778291200540,60756534,KSQ
032190,KR7032190001,다우데이타,KOSDAQ,우량기업부,20150,1,330,1.66,19930,20450,19850,84531,1703251410,771745000000,38300000,KSQ
010780,KR7010780005,아이에스동서,KOSPI,,25350,2,-500,-1.93,25600,26150,25000,108602,2754249550,765239841600,30186976,STK
033240,KR7033240003,자화전자,KOSPI,,35350,2,-50,-0.14,37000,37000,35200,74225,2668945000,763754495700,21605502,STK
046890,KR7046890000,서울반도체,KOSDAQ GLOBAL,중견기업부,13070,2,-90,-0.68,13400,13550,12890,580721,7601108370,762051578000,58305400,KSQ
100840,KR7100840008,SNT에너지,KOSPI,,36750,1,100,0.27,37350,37750,36000,162424,5990033475,760018775250,20680783,STK
171090,KR7171090004,선익시스템,KOSDAQ,우량기업부,75100,1,800,1.08,75700,78400,74700,70302,5368078350,758707212600,10102626,KSQ
052020,KR7052020005,에스티큐브,KOSDAQ,투자주의환기종목(소속부없음),11160,1,280,2.57,10880,11300,10560,328326,3549774815,758693527560,67983291,KSQ
253450,KR7253450001,스튜디오드래곤,KOSDAQ GLOBAL,우량기업부,24900,2,-550,-2.16,25400,25550,24750,52129,1306374625,748456600200,30058498,KSQ
121600,KR7121600001,나노신소재,KOSDAQ,우량기업부,60800,2,-2200,-3.49,63100,63100,60500,53109,3252873300,745024412800,12253691,KSQ
006730,KR7006730006,서부T&D,KOSDAQ GLOBAL,우량기업부,11420,1,170,1.51,11230,11590,11040,466427,5285825000,741465460660,64926923,KSQ
001510,KR7001510007,SK증권,KOSPI,,3200,2,-25,-0.78,3255,3405,3185,5094778,16745794095,740144272000,231295085,STK
476060,KR7476060009,온코닉테라퓨틱스,KOSDAQ,기술성장기업부,16230,1,10,0.06,16250,16650,15980,186686,3025081605,736969243200,45407840,KSQ
033790,KR7033790007,피노,KOSDAQ,중견기업부,8840,2,-530,-5.66,9410,9440,8760,756616,6768507625,727813005920,82331788,KSQ
002350,KR7002350007,넥센타이어,KOSPI,,7440,1,10,0.13,7440,7530,7390,91026,677952175,726649004880,97667877,STK
102710,KR7102710001,이엔에프테크놀로지,KOSDAQ,우량기업부,50700,2,-1000,-1.93,52100,56600,50500,139734,7236175100,724393285200,14287836,KSQ
241710,KR7241710003,코스메카코리아,KOSDAQ GLOBAL,우량기업부,67800,2,-3000,-4.24,70800,73400,67600,75346,5201086500,724104000000,10680000,KSQ
114090,KR7114090004,GKL,KOSPI,,11700,2,-650,-5.26,12330,12420,11530,517842,6165444770,723711339000,61855670,STK
056080,KR7056080005,유진로봇,KOSDAQ,중견기업부,19180,2,-700,-3.52,19900,20050,19100,206950,4005171460,719483075360,37512152,KSQ
00104K,KR700104K010,CJ4우(전환),KOSPI,,169500,1,8000,4.95,161500,170600,160800,9130,1516417400,716393784000,4226512,STK
033160,KR7033160003,엠케이전자,KOSDAQ,중견기업부,29600,1,200,0.68,29900,30700,28650,880929,26067141050,716156193600,24194466,KSQ
002020,KR7002020006,코오롱,KOSPI,,54700,1,1200,2.24,54000,56000,53500,39531,2163520050,706050096000,12907680,STK
059090,KR7059090001,미코,KOSDAQ,벤처기업부,21100,2,-950,-4.31,22450,22450,21050,396408,8550015400,705094015800,33416778,KSQ
052400,KR7052400009,코나아이,KOSDAQ GLOBAL,우량기업부,47400,2,-1950,-3.95,49350,49850,47400,69102,3329623775,690299993400,14563291,KSQ
178920,KR7178920005,PI첨단소재,KOSPI,,23500,2,-50,-0.21,23700,24000,23100,81972,1912113800,690108567000,29366322,STK
093050,KR7093050003,LF,KOSPI,,23600,2,-400,-1.67,24050,24100,23300,26059,612941150,690064000000,29240000,STK
365340,KR7365340009,성일하이텍,KOSDAQ,기술성장기업부,53400,2,-400,-0.74,54300,54600,50000,52686,2816469500,689987541000,12921115,KSQ
036810,KR7036810000,에프에스티,KOSDAQ,중견기업부,31750,2,-1750,-5.22,33400,33650,31550,133394,4294474275,687380800750,21649789,KSQ
005880,KR7005880000,대한해운,KOSPI,,2125,1,10,0.47,2145,2150,2080,2609257,5527383627,685838097500,322747340,STK
069260,KR7069260008,TKG휴켐스,KOSPI,,16710,1,10,0.06,16550,17010,16520,98680,1654313435,683081205480,40878588,STK
425420,KR7425420007,티에프이,KOSDAQ,우량기업부,54600,2,-1700,-3.02,56600,57000,54400,70609,3919810050,674156082600,12347181,KSQ
293940,KR7293940003,신한알파리츠,KOSPI,,5520,1,130,2.41,5390,5560,5310,296179,1632968555,667589478960,120940123,STK
007700,KR7007700008,F&F홀딩스,KOSPI,,17050,1,50,0.29,16290,17340,16290,12573,213938540,666899957350,39114367,STK
330860,KR7330860008,네패스아크,KOSDAQ,중견기업부,54700,2,-3000,-5.2,57000,60500,53200,471599,26349336300,666467261500,12184045,KSQ
174900,KR7174900001,앱클론,KOSDAQ,벤처기업부,33350,1,1600,5.04,31800,34350,30500,247493,8221236475,665403502150,19952129,KSQ
019210,KR7019210004,와이지-원,KOSDAQ,우량기업부,17880,1,540,3.11,17510,18350,16800,744120,13227603385,665023856640,37193728,KSQ
037460,KR7037460003,삼지전자,KOSDAQ,우량기업부,40750,2,-1350,-3.21,42150,42500,40100,106788,4401559200,664979771500,16318522,KSQ
399720,KR7399720002,가온칩스,KOSDAQ,벤처기업부,56000,2,-3200,-5.41,59600,59700,55800,97048,5545723000,662975264000,11838844,KSQ
008060,KR7008060006,대덕,KOSPI,,21100,2,-400,-1.86,21300,21700,21000,92254,1962933900,660157767800,31287098,STK
003620,KR7003620002,KG모빌리티,KOSPI,,3255,1,5,0.15,3270,3300,3230,356637,1158443610,658730338560,202374912,STK
383310,KR7383310000,에코프로에이치엔,KOSDAQ,우량기업부,31400,1,1500,5.02,30000,33500,29450,486485,15534385125,658612864800,20974932,KSQ
102940,KR7102940004,코오롱생명과학,KOSDAQ,중견기업부,50300,2,-1000,-1.95,51800,52500,50000,10001,507750500,658457330900,13090603,KSQ
077360,KR7077360006,덕산하이메탈,KOSDAQ,벤처기업부,14400,2,-280,-1.91,14750,15320,14230,600074,8764896075,654292828800,45437002,KSQ
053800,KR7053800009,안랩,KOSDAQ,우량기업부,58800,2,-200,-0.34,58800,59400,58400,20582,1210359850,654238552800,11126506,KSQ
001270,KR7001270008,부국증권,KOSPI,,63000,1,1300,2.11,61000,63900,61000,6150,388828800,653302818000,10369886,STK
002960,KR7002960003,한국쉘석유,KOSPI,,499000,1,1000,0.2,500000,513000,499000,1965,998260000,648700000000,1300000,STK
001680,KR7001680008,대상,KOSPI,,18720,1,170,0.92,18540,18870,18530,66378,1245090805,648611028000,34648025,STK
317450,KR7317450005,명인제약,KOSPI,,44100,2,-350,-0.79,44650,44950,43100,59173,2583514850,643860000000,14600000,STK
225570,KR7225570001,넥슨게임즈,KOSDAQ,중견기업부,9750,2,-30,-0.31,9830,9880,9700,77429,756543425,642136696500,65860174,KSQ
005180,KR7005180005,빙그레,KOSPI,,69200,2,-800,-1.14,70000,70000,68900,24750,1712166250,641416945200,9269031,STK
001060,KR7001060003,JW중외제약,KOSPI,,27250,2,-800,-2.85,27850,28150,27250,42697,1178645350,634541592500,23285930,STK
001570,KR7001570001,금양,KOSPI,,9900,0,0,0.0,0,0,0,0,0,633275240400,63967196,STK
009520,KR7009520008,포스코엠텍,KOSDAQ GLOBAL,중견기업부,15190,2,-300,-1.94,15470,15580,15130,110449,1685519590,632552658570,41642703,KSQ
014820,KR7014820005,동원시스템즈,KOSPI,,21700,2,-300,-1.36,21800,22250,21550,22626,494283625,629110819400,28991282,STK
383800,KR7383800000,LX홀딩스,KOSPI,,8220,1,50,0.61,8260,8300,8180,83214,685635545,627027271800,76280690,STK
086900,KR7086900008,메디톡스,KOSDAQ,우량기업부,85700,2,-3400,-3.82,88100,90000,85600,46221,4009723100,625481192900,7298497,KSQ
348210,KR7348210006,넥스틴,KOSDAQ,우량기업부,59700,2,-4100,-6.43,63300,64700,59300,134241,8171071150,625477198500,10477005,KSQ
122640,KR7122640006,예스티,KOSDAQ,벤처기업부,28900,2,-2950,-9.26,31100,31200,28500,298588,8734480025,623831585200,21585868,KSQ
041960,KR7041960006,코미팜,KOSDAQ,벤처기업부,8420,1,160,1.94,8400,8690,8250,218077,1845041945,622124287900,73886495,KSQ
017900,KR7017900002,광전자,KOSPI,,10710,1,1710,19.0,9260,11210,9220,13023388,136613547440,620577701730,57943763,STK
249420,KR7249420001,일동제약,KOSPI,,19590,1,90,0.46,19530,19840,18980,139087,2692494065,619793356680,31638252,STK
006380,KR7006380000,카프로,KOSPI,,3660,0,0,0.0,0,0,0,0,0,618539985360,168999996,STK
060250,KR7060250008,NHN KCP,KOSDAQ,우량기업부,15380,2,-230,-1.47,15610,16080,15380,294673,4618887465,617670197180,40160611,KSQ
003030,KR7003030004,세아제강지주,KOSPI,,148800,1,10200,7.36,140200,154200,136100,75170,10975264600,616278561600,4141657,STK
389470,KR7389470006,인벤티지랩,KOSDAQ,기술성장기업부,46150,1,150,0.33,46300,46800,43500,79503,3602855275,614150724200,13307708,KSQ
089890,KR7089890008,코세스,KOSDAQ,우량기업부,37000,2,-850,-2.25,38600,39000,37000,203266,7684036175,613643594000,16584962,KSQ
041830,KR7041830001,인바디,KOSDAQ,우량기업부,45500,2,-50,-0.11,45350,48800,44850,92408,4297711175,613380131000,13480882,KSQ
093320,KR7093320000,케이아이엔엑스,KOSDAQ,우량기업부,125400,2,-10400,-7.66,133800,138400,125000,17173,2197463200,611952000000,4880000,KSQ
112040,KR7112040001,위메이드,KOSDAQ,중견기업부,18020,2,-120,-0.66,18950,19250,17940,156176,2852107965,611751663660,33948483,KSQ
016380,KR7016380008,KG스틸,KOSPI,,6110,2,-110,-1.77,6220,6240,6030,337651,2072026970,611054360670,100008897,STK
000400,KR7000400002,롯데손해보험,KOSPI,,1968,1,82,4.35,1918,1974,1885,401884,773563656,610741877760,310336320,STK
033500,KR7033500000,동성화인텍,KOSDAQ,우량기업부,20250,1,270,1.35,20100,20600,19690,136597,2763344950,607287253500,29989494,KSQ
082270,KR7082270000,젬백스,KOSDAQ,벤처기업부,13710,1,470,3.55,13320,13970,12920,204395,2771812480,606930773130,44269203,KSQ
348340,KR7348340001,뉴로메카,KOSDAQ,기술성장기업부,48600,2,-1300,-2.61,50500,51200,48350,123367,6055385950,603084738600,12409151,KSQ
017940,KR7017940008,E1,KOSPI,,87600,2,-900,-1.02,88900,88900,87000,10133,887289500,600936000000,6860000,STK
001500,KR7001500008,현대차증권,KOSPI,,9660,1,120,1.26,9590,9700,9510,176604,1695639635,597307205040,61833044,STK
002840,KR7002840007,미원상사,KOSPI,,125500,1,3200,2.62,122300,126800,122300,5112,640352100,596125000000,4750000,STK
336570,KR7336570007,원텍,KOSDAQ,우량기업부,6620,2,-390,-5.56,7080,7150,6550,1262597,8526052665,593023876520,89580646,KSQ
094800,KR7094800000,맵스리얼티,KOSPI,,6380,1,210,3.4,6170,6480,6080,272058,1739742450,592283031780,92834331,STK
104830,KR7104830005,원익머트리얼즈,KOSDAQ,우량기업부,46700,2,-1600,-3.31,48300,49000,46550,101495,4791823950,588793600000,12608000,KSQ
253590,KR7253590004,네오셈,KOSDAQ,우량기업부,13390,2,-860,-6.04,14320,14460,13360,477009,6514912550,587408105960,43869164,KSQ
015750,KR7015750003,성우하이텍,KOSDAQ,우량기업부,7330,1,150,2.09,7750,7750,7210,882265,6546164510,586400000000,80000000,KSQ
039130,KR7039130000,하나투어,KOSPI,,37850,1,350,0.93,38600,38600,37400,39319,1485908150,586293926200,15489932,STK
486990,KR7486990005,노타,KOSDAQ,기술성장기업부,27400,1,300,1.11,27750,28150,27150,168213,4633225400,584886702000,21346230,KSQ
000640,KR7000640003,동아쏘시오홀딩스,KOSPI,,85900,1,1100,1.3,85300,86200,83700,11754,1003465900,578324069300,6732527,STK
045100,KR7045100005,한양이엔지,KOSDAQ,우량기업부,32900,2,-2150,-6.13,34700,34750,32700,101413,3385533075,575750000000,17500000,KSQ
272290,KR7272290008,이녹스첨단소재,KOSDAQ GLOBAL,우량기업부,28850,2,-350,-1.2,29300,29750,28550,105165,3057634200,575197134650,19937509,KSQ
327260,KR7327260006,RF머트리얼즈,KOSDAQ,벤처기업부,67600,1,200,0.3,68100,71800,66100,166611,11510713250,574271126000,8495135,KSQ
453340,KR7453340002,현대그린푸드,KOSPI,,17500,2,-80,-0.46,18280,18280,17340,37041,649990310,568252772500,32471587,STK
005389,KR7005383005,현대차3우B,KOSPI,,243000,2,-1500,-0.61,246000,246500,240500,7532,1831201500,565570836000,2327452,STK
005810,KR7005810007,풍산홀딩스,KOSPI,,39200,2,-100,-0.25,40100,40600,39200,47433,1889734000,565157846400,14417292,STK
035890,KR7035890003,서희건설,KOSDAQ,중견기업부,2430,1,75,3.18,2355,2540,2325,1377746,3338928189,558434550510,229808457,KSQ
067160,KR7067160002,SOOP,KOSDAQ GLOBAL,우량기업부,48300,2,-2400,-4.73,50100,52500,48300,82612,4090330650,555197246100,11494767,KSQ
376300,KR7376300000,디어유,KOSDAQ,우량기업부,23300,2,-750,-3.12,23850,24250,23250,73068,1730782775,553104859800,23738406,KSQ
058650,KR7058650003,세아홀딩스,KOSPI,,130000,2,-2400,-1.81,132400,133900,128700,2498,325824400,551490680000,4242236,STK
170920,KR7170920003,엘티씨,KOSDAQ,벤처기업부,52200,2,-1300,-2.43,53500,54000,51400,199058,10447922200,551447377200,10564126,KSQ
005250,KR7005250006,녹십자홀딩스,KOSPI,,11680,1,710,6.47,11130,11710,11030,244109,2788594500,549289492800,47028210,STK
031430,KR7031430002,신세계인터내셔날,KOSPI,,15700,1,70,0.45,15550,15770,15120,169681,2633952515,549280200000,34986000,STK
009410,KR7009410002,태영건설,KOSPI,,1838,1,9,0.49,1830,1919,1770,814066,1512262679,546970563364,297590078,STK
003300,KR7003300001,한일홀딩스,KOSPI,,17450,1,340,1.99,16970,17690,16930,35236,616841675,538008697800,30831444,STK
448900,KR7448900001,한국피아이엠,KOSDAQ,기술성장기업부,88500,1,5100,6.12,85900,92000,81500,89449,7770949700,537589444500,6074457,KSQ
452260,KR7452260003,한화갤러리아,KOSPI,,2770,1,15,0.54,2745,2920,2730,1971960,5519079299,536991119700,193859610,STK
214430,KR7214430001,아이쓰리시스템,KOSDAQ,우량기업부,73100,2,-200,-0.27,73600,78100,71200,59111,4381312100,534157416500,7307215,KSQ
278280,KR7278280003,천보,KOSDAQ,중견기업부,43500,2,-300,-0.68,44150,44400,42800,42656,1861853025,533006587500,12253025,KSQ
002240,KR7002240000,고려제강,KOSPI,,19730,1,130,0.66,19450,20700,19400,14324,282299100,532710000000,27000000,STK
161000,KR7161000005,애경케미칼,KOSPI,,10930,2,-290,-2.58,11470,11470,10850,115087,1266581290,531730389370,48648709,STK
003545,KR7003541000,대신증권우,KOSPI,,21100,1,500,2.43,20550,21200,20550,86421,1817519900,531544173700,25191667,STK
200710,KR7200710002,에이디테크놀로지,KOSDAQ,중견기업부,39150,2,-1250,-3.09,41450,41450,39150,87486,3470375375,527037574050,13462007,KSQ
064290,KR7064290000,인텍플러스,KOSDAQ,중견기업부,40850,2,-450,-1.09,41300,45600,40250,445411,19196179700,525492847700,12863962,KSQ
460930,KR7460930001,현대힘스,KOSDAQ,우량기업부,14740,2,-80,-0.54,14960,15010,14570,109484,1622615405,523427290540,35510671,KSQ
475960,KR7475960001,토모큐브,KOSDAQ,기술성장기업부,38850,1,550,1.44,38900,39550,37800,30781,1191217400,519940194900,13383274,KSQ
284740,KR7284740008,쿠쿠홈시스,KOSPI,,22800,2,-200,-0.87,22850,23050,22450,25583,581206375,511571124000,22437330,STK
005420,KR7005420005,코스모화학,KOSPI,,13250,2,-200,-1.49,13450,13560,13190,110801,1475962540,508909021000,38408228,STK
268280,KR7268280005,미원에스씨,KOSPI,,101700,2,-3200,-3.05,104900,105400,101700,1387,142526550,508500000000,5000000,STK
089010,KR7089010003,켐트로닉스,KOSDAQ,우량기업부,30150,2,-800,-2.58,32200,32200,30000,125523,3840416150,505616314050,16770027,KSQ
460860,KR7460860000,동국제강,KOSPI,,10120,2,-260,-2.5,10360,10380,9940,241043,2445398360,502033132040,49608017,STK
025980,KR7025980004,아난티,KOSDAQ,우량기업부,5130,1,60,1.18,5000,5250,4885,1208049,6164075483,499154078700,97300990,KSQ
200470,KR7200470003,에이팩트,KOSDAQ,중견기업부,11780,2,-370,-3.05,12150,12400,11690,982293,11781601680,499025455540,42362093,KSQ
448730,KR7448730002,삼성FN리츠,KOSPI,,5480,1,100,1.86,5380,5530,5220,144825,792872060,498954000000,91050000,STK
377740,KR7377740006,바이오노트,KOSPI,,4880,2,-75,-1.51,4950,4990,4820,64892,314487030,497203914240,101886048,STK
368770,KR7368770004,파이버프로,KOSDAQ,벤처기업부,15100,1,80,0.53,15160,16560,14950,250928,3948625185,496098797500,32854225,KSQ
211050,KR7211050000,인카금융서비스,KOSDAQ,우량기업부,10070,2,-280,-2.71,10350,10370,9900,109607,1107953820,496085025990,49263657,KSQ
230360,KR7230360000,에코마케팅,KOSDAQ,관리종목(소속부없음),16000,0,0,0.0,0,0,0,0,0,495980128000,30998758,KSQ
356680,KR7356680009,엑스게이트,KOSDAQ,벤처기업부,17290,2,-1420,-7.59,18780,18780,17240,700748,12496864515,493516976680,28543492,KSQ
039440,KR7039440003,에스티아이,KOSDAQ,우량기업부,31800,2,-1100,-3.34,33150,33150,31050,136386,4348423300,493124094600,15507047,KSQ
010690,KR7010690006,화신,KOSPI,,14010,4,3230,29.96,14010,14010,13460,882115,12318172920,489234944100,34920410,STK
041190,KR7041190000,우리기술투자,KOSDAQ,우량기업부,5810,1,100,1.75,5730,5890,5710,540771,3135034280,488040000000,84000000,KSQ
241770,KR7241770007,메카로,KOSDAQ,우량기업부,47850,2,-100,-0.21,47950,47950,46150,23472,1100421025,487717824000,10192640,KSQ
020000,KR7020000006,한섬,KOSPI,,22700,2,-400,-1.73,22650,23100,22100,125509,2847935950,487527763800,21476994,STK
099190,KR7099190001,아이센스,KOSDAQ,중견기업부,16770,1,20,0.12,16750,16950,16480,34656,578815350,482260071930,28757309,KSQ
019170,KR7019170000,신풍제약,KOSPI,,9190,2,-40,-0.43,9280,9360,9120,77224,710361360,481726217180,52418522,STK
001530,KR7001530005,DI동일,KOSPI,,23250,2,-200,-0.85,23750,24350,22450,180259,4135681475,481638188250,20715621,STK
030520,KR7030520001,한글과컴퓨터,KOSDAQ,우량기업부,19900,2,-450,-2.21,20300,20700,19810,110888,2219472195,481176905600,24179744,KSQ
014830,KR7014830004,유니드,KOSPI,,71100,1,600,0.85,70300,71300,69600,14752,1040734250,481176360000,6767600,STK
004710,KR7004710000,한솔테크닉스,KOSPI,,11800,2,-1060,-8.24,13010,13010,11720,733535,8860100630,479428300600,40629517,STK
005945,KR7005941000,NH투자증권우,KOSPI,,25300,1,150,0.6,25300,25650,25200,58317,1484324600,477435490400,18870968,STK
372320,KR7372320002,큐로셀,KOSDAQ,기술성장기업부,31250,1,1500,5.04,30000,31550,29300,78260,2390104025,475809937500,15225918,KSQ
042000,KR7042000000,카페24,KOSDAQ,우량기업부,19670,2,-240,-1.21,19790,19950,19250,82898,1619191990,475584584230,24178169,KSQ
217590,KR7217590009,티엠씨,KOSPI,,19700,1,720,3.79,19910,20350,19390,425446,8423843290,474656232500,24094225,STK
271940,KR7271940009,일진하이솔루스,KOSPI,,13040,2,-280,-2.1,13340,13500,13040,49631,653877830,473523997600,36313190,STK
001200,KR7001200005,유진투자증권,KOSPI,,4880,1,85,1.77,4795,4945,4780,687018,3354718429,472708119840,96866418,STK
016610,KR7016610008,DB증권,KOSPI,,11100,1,160,1.46,11030,11260,10950,162896,1805970510,471154917900,42446389,STK
003000,KR7003000007,부광약품,KOSPI,,4775,3,0,0.0,4775,4795,4605,862809,4074423995,471123804025,98664671,STK
168360,KR7168360006,펨트론,KOSDAQ,벤처기업부,21500,2,-2200,-9.28,23550,23750,21350,184659,4058238300,470987041000,21906374,KSQ
008730,KR7008730004,율촌화학,KOSPI,,18820,2,-10,-0.05,18980,19250,18500,73824,1383251365,466736000000,24800000,STK
006220,KR7006220008,제주은행,KOSPI,,12330,1,40,0.33,12120,13360,12100,4029524,50965057760,466056207810,37798557,STK
003280,KR7003280005,흥아해운,KOSPI,,1937,1,53,2.81,1889,1970,1855,9382293,18071820886,465703029363,240424899,STK
009900,KR7009900002,명신산업,KOSPI,,8800,1,20,0.23,9160,9160,8780,265942,2376185275,461737170400,52470133,STK
160980,KR7160980009,싸이맥스,KOSDAQ,우량기업부,42000,2,-3450,-7.59,45450,46000,41500,160554,6899685675,458818206000,10924243,KSQ
004690,KR7004690004,삼천리,KOSPI,,126100,1,1500,1.2,125400,126100,122600,12165,1517735100,457336579700,3626777,STK
340570,KR7340570001,티앤엘,KOSDAQ,우량기업부,56200,2,-900,-1.58,58300,58300,55800,22335,1261875300,456793600000,8128000,KSQ
034950,KR7034950006,한국기업평가,KOSDAQ,우량기업부,100500,2,-500,-0.5,101000,101400,100200,2981,301024400,456321657000,4540514,KSQ
125490,KR7125490003,한라캐스트,KOSDAQ,벤처기업부,12490,1,30,0.24,12650,13050,12420,785378,9949773305,455914376480,36502352,KSQ
145990,KR7145990008,삼양사,KOSPI,,44200,3,0,0.0,44600,44600,43500,6096,266833450,455854445800,10313449,STK
130660,KR7130660004,한전산업,KOSPI,,13870,3,0,0.0,13970,14160,13730,204745,2855026150,452162000000,32600000,STK
290550,KR7290550003,디케이티,KOSDAQ,우량기업부,22600,1,1100,5.12,23000,24200,21700,454944,10302926575,452027798000,20001230,KSQ
110990,KR7110990009,디아이티,KOSDAQ,우량기업부,23750,2,-1550,-6.13,25400,25400,23450,161691,3891249025,448875000000,18900000,KSQ
000070,KR7000070003,삼양홀딩스,KOSPI,,57800,1,700,1.23,57900,58300,57100,13411,775498500,448712439800,7763191,STK
052710,KR7052710001,아모텍,KOSDAQ,중견기업부,30700,1,1700,5.86,30900,31900,28450,974681,29501300775,448605162200,14612546,KSQ
381970,KR7381970003,케이카,KOSPI,,9180,1,40,0.44,9350,9490,9150,141912,1312194345,448175384640,48820848,STK
034310,KR7034310003,NICE,KOSPI,,12170,1,80,0.66,12090,12290,11990,72217,879584930,447334600690,36757157,STK
251970,KR7251970000,펌텍코리아,KOSDAQ GLOBAL,우량기업부,36000,2,-1400,-3.74,36600,38250,35750,31391,1146633775,446400000000,12400000,KSQ
060280,KR7060280005,큐렉소,KOSDAQ,중견기업부,10770,2,-100,-0.92,10870,11100,10710,176587,1920560695,444367938300,41259790,KSQ
393890,KR7393890009,더블유씨피,KOSDAQ,기술성장기업부,13130,2,-110,-0.83,13270,13640,12910,215345,2832274160,444360480720,33843144,KSQ
024850,KR7024850000,HLB이노베이션,KOSDAQ,중견기업부,13960,2,-620,-4.25,14580,15900,13200,408610,5865592480,443279474240,31753544,KSQ
060980,KR7060980000,HL홀딩스,KOSPI,,48700,1,1700,3.62,47050,49000,46150,52272,2502897025,442139848900,9078847,STK
018290,KR7018290007,브이티,KOSDAQ,우량기업부,12650,2,-170,-1.33,12840,13150,12550,114048,1454977515,442014250700,34941838,KSQ
036620,KR7036620003,감성코퍼레이션,KOSDAQ,우량기업부,4870,2,-140,-2.79,4990,5030,4845,391257,1914879168,440753364770,90503771,KSQ
006910,KR7006910004,보성파워텍,KOSDAQ,우량기업부,8950,1,370,4.31,8760,9170,8520,2280735,20368463605,439711924800,49129824,KSQ
011930,KR7011930005,신성이엔지,KOSPI,,21350,2,-2150,-9.15,23600,23600,21150,877555,19164770225,439485800250,20584815,STK
0011T0,KR70011T0008,채비,KOSDAQ,기술성장기업부,9360,1,340,3.77,9020,9640,8950,286151,2676964790,439448171760,46949591,KSQ
072710,KR7072710007,농심홀딩스,KOSPI,,94200,1,300,0.32,93700,94500,93000,3450,323037200,436879818000,4637790,STK
101160,KR7101160000,월덱스,KOSDAQ,우량기업부,26400,2,-600,-2.22,27550,27550,26350,71579,1906990900,435890215200,16510993,KSQ
092190,KR7092190008,서울바이오시스,KOSDAQ,투자주의환기종목(소속부없음),9500,2,-50,-0.52,9650,9880,9350,185801,1775279940,435749638500,45868383,KSQ
403550,KR7403550007,쏘카,KOSPI,,11450,1,40,0.35,11500,11620,11200,64634,741108465,434412335900,37939942,STK
192650,KR7192650000,드림텍,KOSPI,,6260,2,-60,-0.95,6500,6520,5570,2728853,16488592325,431778485740,68974199,STK
101930,KR7101930006,인화정공,KOSDAQ,우량기업부,9350,1,60,0.65,9400,9470,9070,25007,232872290,431637233500,46164410,KSQ
010820,KR7010820009,퍼스텍,KOSPI,,8840,1,790,9.81,8400,10460,8350,11922793,113720924740,431143931920,48771938,STK
078130,KR7078130002,국일제지,KOSDAQ,중견기업부,3815,2,-15,-0.39,3830,3890,3600,195662,741984058,430105339405,112740587,KSQ
016590,KR7016590002,신대양제지,KOSPI,,10580,3,0,0.0,10580,10800,10030,16944,174115065,426350935600,40297820,STK
306200,KR7306200007,세아제강,KOSPI,,150000,1,3200,2.18,147000,154000,144100,10272,1527320750,425445000000,2836300,STK
029530,KR7029530003,신도리코,KOSPI,,43650,1,150,0.34,43150,44200,42500,9623,415111850,424091570850,9715729,STK
219130,KR7219130002,타이거일렉,KOSDAQ,벤처기업부,67000,2,-6800,-9.21,73800,75800,66300,123425,8791612550,423057430000,6314290,KSQ
013030,KR7013030002,하이록코리아,KOSDAQ,우량기업부,35750,1,150,0.42,35750,36150,34950,56431,1996681050,420711148000,11768144,KSQ
950210,KR8702070002,프레스티지바이오파마,KOSPI,,7000,3,0,0.0,7150,7200,6800,47212,327312550,420673085000,60096155,STK
095660,KR7095660007,네오위즈,KOSDAQ,우량기업부,19390,2,-380,-1.92,19770,19940,19270,54841,1070597860,419530940010,21636459,KSQ
215200,KR7215200007,메가스터디교육,KOSDAQ,우량기업부,40450,1,400,1.0,39550,41000,39500,33854,1370112450,419272987200,10365216,KSQ
078160,KR7078160009,메디포스트,KOSDAQ,벤처기업부,10690,1,20,0.19,10920,11050,10500,77321,828745520,419097206070,39204603,KSQ
027410,KR7027410000,BGF,KOSPI,,4360,1,130,3.07,4230,4430,4200,208807,906905285,417325208760,95716791,STK
114810,KR7114810005,한솔아이원스,KOSDAQ,우량기업부,14810,2,-490,-3.2,15510,15510,14670,175329,2628372260,416800406940,28143174,KSQ
002030,KR7002030005,아세아,KOSPI,,202000,1,2000,1.0,198000,210000,196800,5138,1042483150,415888104000,2058852,STK
015360,KR7015360001,INVENI,KOSPI,,15210,2,-70,-0.46,15290,15600,15140,43293,658791360,414472500000,27250000,STK
089590,KR7089590004,제주항공,KOSPI,,5120,2,-30,-0.58,5150,5260,5010,869502,4459450580,412881843200,80640985,STK
079940,KR7079940003,가비아,KOSDAQ,우량기업부,30750,2,-150,-0.49,31100,31150,30450,13049,401551500,412686033000,13420684,KSQ
025320,KR7025320003,시노펙스,KOSDAQ,우량기업부,4475,2,-150,-3.24,4680,4735,4460,395041,1794905930,412426977175,92162453,KSQ
004700,KR7004700001,조광피혁,KOSPI,,61900,2,-400,-0.64,61800,63100,61400,1564,96804550,411581642200,6649138,STK
417310,KR7417310000,코람코더원리츠,KOSPI,,10160,1,10,0.1,10150,10200,10020,140411,1427019615,410464000000,40400000,STK
025900,KR7025900002,동화기업,KOSDAQ,중견기업부,8080,2,-190,-2.3,8220,8310,8050,50510,411446450,408502862800,50557285,KSQ
064260,KR7064260003,다날,KOSDAQ,중견기업부,5390,3,0,0.0,5490,5590,5340,607486,3304246880,407729013230,75645457,KSQ
357120,KR7357120005,코람코라이프인프라리츠,KOSPI,,4180,1,275,7.04,3915,4255,3905,667659,2790139529,406861779720,97335354,STK
493280,KR7493280002,아이엠바이오로직스,KOSDAQ,기술성장기업부,27350,1,850,3.21,26350,28300,25650,74913,2029933250,405530730150,14827449,KSQ
107640,KR7107640005,한중엔시에스,KOSDAQ,기술성장기업부,44500,1,50,0.11,45200,45950,43500,86954,3893340475,403390097000,9064946,KSQ
012030,KR7012030003,DB,KOSPI,,2005,1,44,2.24,2025,2025,1920,689353,1363832733,403353735665,201173933,STK
067630,KR7067630004,HLB생명과학,KOSDAQ,투자주의환기종목(소속부없음),3305,1,225,7.31,3060,3835,2975,883155,3003267526,402935876690,121917058,KSQ
006405,KR7006401004,삼성SDI우,KOSPI,,249000,2,-3500,-1.39,261500,262500,248000,7076,1775689000,402856104000,1617896,STK
000157,KR7000152009,두산2우B,KOSPI,,451000,1,12500,2.85,446000,465000,443500,1254,571028000,402760138000,893038,STK
002810,KR7002810000,삼영무역,KOSPI,,21750,1,50,0.23,21750,22200,21300,12272,265673000,401656119000,18466948,STK
389500,KR7389500000,에스비비테크,KOSDAQ,기술성장기업부,60200,2,-2200,-3.53,63100,64000,59600,78427,4762361000,401141014400,6663472,KSQ
069540,KR7069540003,빛과전자,KOSDAQ,벤처기업부,3690,1,275,8.05,3530,3950,3460,21631010,79886765450,400934045970,108654213,KSQ
468530,KR7468530001,프로티나,KOSDAQ,기술성장기업부,36200,1,2100,6.16,33850,36500,33250,69046,2448249550,399474529600,11035208,KSQ
105840,KR7105840003,우진,KOSPI,,19690,1,830,4.4,19180,20500,18810,358171,7077687035,397692122300,20197670,STK
145720,KR7145720009,덴티움,KOSPI,,46000,2,-500,-1.08,46000,46550,45900,15660,723505300,396698986000,8623891,STK
482630,KR7482630001,삼양엔씨켐,KOSDAQ,중견기업부,18070,1,620,3.55,18250,18700,17480,697047,12581988230,395521219600,21888280,KSQ
394280,KR7394280002,오픈엣지테크놀로지,KOSDAQ,기술성장기업부,15010,2,-710,-4.52,16100,16100,15010,109584,1677827340,395461415300,26346530,KSQ
047920,KR7047920004,HLB제약,KOSDAQ,기술성장기업부,12040,1,1080,9.85,10960,13630,10250,715354,8921675980,394904246240,32799356,KSQ
0120G0,KR70120G0001,삼양바이오팜,KOSPI,,52700,1,1000,1.93,52200,53700,51100,12041,628529200,391870349000,7435870,STK
144960,KR7144960002,뉴파워프라즈마,KOSDAQ,우량기업부,8960,2,-320,-3.45,9390,9640,8880,594860,5496588365,391485911040,43692624,KSQ
080580,KR7080580004,오킨스전자,KOSDAQ,벤처기업부,18460,2,-680,-3.55,19140,19240,17970,383212,7100112430,389339029300,21090955,KSQ
138080,KR7138080007,오이솔루션,KOSDAQ,벤처기업부,31450,2,-100,-0.32,31600,34000,31450,248102,8055125125,389280489100,12377758,KSQ
085910,KR7085910008,네오티스,KOSDAQ,중견기업부,28150,1,600,2.18,27900,28950,27050,98221,2736664050,388324126700,13794818,KSQ
119850,KR7119850006,지엔씨에너지,KOSDAQ,우량기업부,23500,1,500,2.17,23100,24350,22600,127644,2978495300,386549361500,16448909,KSQ
199800,KR7199800004,툴젠,KOSDAQ,기술성장기업부,42900,2,-100,-0.23,43000,43800,42350,19447,831819600,385998284100,8997629,KSQ
092790,KR7092790005,넥스틸,KOSPI,,14840,1,640,4.51,14330,14850,13760,324885,4655739510,385869680000,26002000,STK
344820,KR7344820006,KCC글라스,KOSPI,,24150,1,600,2.55,23950,24150,23300,21937,519440550,385687864800,15970512,STK
017810,KR7017810003,풀무원,KOSPI,,10090,1,40,0.4,10050,10200,9990,25382,255266020,384636268780,38120542,STK
424870,KR7424870004,이뮨온시아,KOSDAQ,기술성장기업부,4195,2,-35,-0.83,4235,4395,4130,671222,2829747207,382887168455,91272269,KSQ
117730,KR7117730002,티로보틱스,KOSDAQ,벤처기업부,16920,1,260,1.56,18080,18080,16910,209514,3606019690,381682087560,22558043,KSQ
090435,KR7090431008,아모레퍼시픽우,KOSPI,,35900,2,-600,-1.64,36500,37050,35700,16167,582605775,379026097000,10557830,STK
078350,KR7078350006,한양디지텍,KOSDAQ,우량기업부,24800,2,-1850,-6.94,27150,27500,24500,222180,5662428350,378060673600,15244382,KSQ
091810,KR7091810002,트리니티항공,KOSPI,,915,1,21,2.35,900,929,886,1762527,1597465081,377867078775,412969485,STK
455900,KR7455900001,엔젤로보틱스,KOSDAQ,기술성장기업부,24550,2,-700,-2.77,26200,26200,24150,63547,1561177075,375659951050,15301831,KSQ
098070,KR7098070006,한텍,KOSDAQ,중견기업부,33650,1,1150,3.54,33300,34850,32500,71570,2404553025,374226394650,11121141,KSQ
097520,KR7097520001,엠씨넥스,KOSPI,,21500,2,-200,-0.92,22000,22200,21500,30854,668039800,374132250000,17401500,STK
183190,KR7183190008,아세아시멘트,KOSPI,,10230,2,-30,-0.29,10300,10390,10020,26070,265135355,373460758440,36506428,STK
287840,KR7287840003,인투셀,KOSDAQ,기술성장기업부,24850,2,-50,-0.2,26250,26950,23850,148233,3718091800,373295706000,15021960,KSQ
005950,KR7005950001,이수화학,KOSPI,,14180,2,-1160,-7.56,15530,15670,14000,922292,13432526430,372851316420,26294169,STK
02826K,KR702826K016,삼성물산우B,KOSPI,,254000,1,2000,0.79,254500,255000,247000,8276,2081120250,372767860000,1467590,STK
265520,KR7265520007,AP시스템,KOSDAQ,우량기업부,24750,2,-900,-3.51,26450,26600,24650,65966,1668017400,372507819750,15050821,KSQ
078020,KR7078020005,LS증권,KOSDAQ,우량기업부,6710,1,70,1.05,6640,6880,6600,155755,1054423800,372278784900,55481190,KSQ
425040,KR7425040003,티이엠씨,KOSDAQ,우량기업부,17400,2,-820,-4.5,18410,18420,17170,557527,9809888425,371919466800,21374682,KSQ
206650,KR7206650004,유바이오로직스,KOSDAQ,우량기업부,10110,2,-720,-6.65,10830,10980,10000,494928,5101619280,371272633770,36723307,KSQ
187660,KR7187660006,페니트리움바이오,KOSDAQ,중견기업부,6680,2,-100,-1.47,6900,7250,6550,609281,4157487990,370514570040,55466253,KSQ
029460,KR7029460003,케이씨,KOSPI,,33550,1,200,0.6,34500,34900,33100,24697,839297050,369738949250,11020535,STK
417840,KR7417840006,저스템,KOSDAQ,벤처기업부,16300,2,-1020,-5.89,17490,17590,16200,747697,12563178615,369422075300,22663931,KSQ
015860,KR7015860000,일진홀딩스,KOSPI,,7440,1,40,0.54,7500,7750,7290,278493,2085698890,367145273520,49347483,STK
254490,KR7254490006,미래반도체,KOSDAQ,우량기업부,25350,2,-900,-3.43,26450,26750,25100,182531,4677363300,366003300000,14438000,KSQ
200880,KR7200880003,서연이화,KOSPI,,13490,1,900,7.15,13820,15200,13000,767341,10710174730,364613615130,27028437,STK
105630,KR7105630008,한세실업,KOSPI,,9110,1,160,1.79,9010,9180,8900,54873,499815025,364400000000,40000000,STK
452280,KR7452280001,한선엔지니어링,KOSDAQ,우량기업부,18800,2,-2800,-12.96,21700,22300,18340,992263,19513557115,361856196000,19247670,KSQ
003800,KR7003800000,에이스침대,KOSDAQ,우량기업부,32600,2,-300,-0.91,33050,33350,32550,3728,122316875,361534000000,11090000,KSQ
079370,KR7079370003,제우스,KOSDAQ,우량기업부,11640,2,-370,-3.08,12030,12220,11560,228367,2681165525,361037763600,31016990,KSQ
376270,KR7376270005,HEM파마,KOSDAQ,기술성장기업부,49750,1,1450,3.0,49150,52000,49000,17914,899366200,358358553250,7203187,KSQ
354320,KR7354320004,알멕,KOSDAQ,기술성장기업부,55900,1,2200,4.1,54600,57400,53100,110391,6138748550,357278197900,6391381,KSQ
042520,KR7042520007,한스바이오메드,KOSDAQ,벤처기업부,25050,1,850,3.51,24300,25150,23550,142917,3459572375,357247243350,14261367,KSQ
215600,KR7215600008,신라젠,KOSDAQ,중견기업부,2575,2,-5,-0.19,2580,2640,2550,375012,964920374,356775427300,138553564,KSQ
204620,KR7204620009,글로벌텍스프리,KOSDAQ,우량기업부,5070,3,0,0.0,5080,5200,4905,764138,3835191602,356336483100,70283330,KSQ
484590,KR7484590005,삼양컴텍,KOSDAQ,벤처기업부,8640,1,600,7.46,8070,9220,8030,825714,7207088540,356058288000,41210450,KSQ
049070,KR7049070006,인탑스,KOSDAQ,우량기업부,20700,1,900,4.55,21500,21550,20100,242452,5024227325,356040000000,17200000,KSQ
170900,KR7170900005,동아에스티,KOSPI,,36550,1,150,0.41,36450,36950,36100,12382,450214925,355551784450,9727819,STK
126720,KR7126720002,수산인더스트리,KOSPI,,24800,1,50,0.2,25200,25600,24550,20781,518550650,354292800000,14286000,STK
332570,KR7332570001,PS일렉트로닉스,KOSDAQ,우량기업부,7560,2,-350,-4.42,7920,8030,7550,1277995,9809694025,353139416280,46711563,KSQ
005610,KR7005610001,삼립,KOSPI,,40850,2,-550,-1.33,41000,41800,40800,3937,161821100,352495017650,8629009,STK
092230,KR7092230002,KPX홀딩스,KOSPI,,83100,3,0,0.0,83600,84400,83100,934,78306700,351068082600,4224646,STK
036200,KR7036200004,유니셈,KOSDAQ,우량기업부,11440,2,-510,-4.27,12100,12130,11430,347024,4055600455,350798711120,30664223,KSQ
005720,KR7005720008,넥센,KOSPI,,6650,1,250,3.91,6350,6650,6350,30778,201584655,349417447050,52543977,STK
069080,KR7069080000,웹젠,KOSDAQ GLOBAL,우량기업부,11270,2,-710,-5.93,11870,12000,11210,143430,1643516860,348993300250,30966575,KSQ
036890,KR7036890002,진성티이씨,KOSDAQ,우량기업부,15810,2,-450,-2.77,16390,16600,15700,120091,1927209640,348335769630,22032623,KSQ
477850,KR7477850002,마키나락스,KOSDAQ,기술성장기업부,19850,2,-2250,-10.18,22400,22550,19740,820748,17134004485,348201554000,17541640,KSQ
389650,KR7389650003,넥스트바이오메디컬,KOSDAQ,기술성장기업부,42000,1,950,2.31,41000,42550,39200,66033,2717584875,347646012000,8277286,KSQ
011760,KR7011760006,현대코퍼레이션,KOSPI,,26200,1,750,2.95,25450,26350,25050,30770,794257325,346598909200,13228966,STK
065680,KR7065680001,우주일렉트로,KOSDAQ,우량기업부,37500,2,-3700,-8.98,41000,41150,37400,27772,1059689050,346517662500,9240471,KSQ
092870,KR7092870005,엑시콘,KOSDAQ,우량기업부,26500,2,-2200,-7.67,28700,29450,26350,308432,8341238925,345846120500,13050797,KSQ
001940,KR7001940006,KISCO홀딩스,KOSPI,,24350,1,400,1.67,24000,24350,23650,3230,77468825,345194853000,14176380,STK
002710,KR7002710002,TCC스틸,KOSPI,,13150,2,-190,-1.42,13450,13500,12900,56319,737619620,344710115550,26213697,STK
230240,KR7230240004,에치에프알,KOSDAQ,중견기업부,25850,2,-1750,-6.34,27400,28200,24700,182587,4874593425,344037650000,13309000,KSQ
064820,KR7064820004,케이프,KOSDAQ,우량기업부,11110,1,410,3.83,10750,11250,10640,99459,1092297430,342856988650,30860215,KSQ
007690,KR7007690001,국도화학,KOSPI,,36850,2,-450,-1.21,37250,38500,36550,33194,1249656600,341261659200,9260832,STK
084110,KR7084110006,휴온스글로벌,KOSDAQ,우량기업부,26850,2,-250,-0.92,27200,27400,26450,21612,579115900,339915952200,12659812,KSQ
456010,KR7456010008,아이씨티케이,KOSDAQ,기술성장기업부,24250,1,50,0.21,25000,25800,24050,512492,12670063100,339764179500,14010894,KSQ
126560,KR7126560002,현대퓨처넷,KOSPI,,3110,1,70,2.3,3040,3120,3030,52797,161929991,339615234400,109201040,STK
243070,KR7243070000,휴온스,KOSDAQ,우량기업부,28300,2,-500,-1.74,28800,29450,28000,23864,674044300,339024519500,11979665,KSQ
092460,KR7092460005,한라IMS,KOSDAQ,우량기업부,19750,1,870,4.61,18890,20700,18890,139662,2804225505,337916180000,17109680,KSQ
445090,KR7445090004,에이직랜드,KOSDAQ,벤처기업부,30900,1,250,0.82,30650,31450,29550,112562,3440445075,337602832200,10925658,KSQ
058430,KR7058430000,포스코스틸리온,KOSPI,,5610,2,-60,-1.06,5680,5720,5520,262579,1467972835,336600000000,60000000,STK
441270,KR7441270006,파인엠텍,KOSDAQ,벤처기업부,8000,1,30,0.38,8150,8260,7900,163039,1306538675,336352376000,42044047,KSQ
194370,KR7194370003,제이에스코퍼레이션,KOSPI,,11530,2,-180,-1.54,11720,11890,11490,61003,712762485,334563219740,29016758,STK
234340,KR7234340008,헥토파이낸셜,KOSDAQ,우량기업부,23800,1,50,0.21,24100,25350,23550,322270,7919892025,332501612800,13970656,KSQ
317330,KR7317330009,덕산테코피아,KOSDAQ,중견기업부,16220,1,10,0.06,16370,17000,16170,141011,2318824780,332130192480,20476584,KSQ
091700,KR7091700005,파트론,KOSDAQ,우량기업부,6630,1,10,0.15,6600,6750,6590,232229,1545092930,331500000000,50000000,KSQ
232530,KR7232530006,이엠티,KONEX,일반기업부,12910,1,310,2.46,13180,13180,12550,2081,26421180,330680664640,25614304,KNX
304360,KR7304360001,에스바이오메딕스,KOSDAQ,벤처기업부,26550,1,250,0.95,28500,28500,25750,118902,3155360775,328825148400,12385128,KSQ
179900,KR7179900006,유티아이,KOSDAQ,투자주의환기종목(소속부없음),16550,2,-990,-5.64,17780,17790,16130,153919,2556952075,327531318600,19790412,KSQ
104700,KR7104700000,한국철강,KOSPI,,8980,1,100,1.13,8970,9060,8820,51653,459994940,327321000000,36450000,STK
002310,KR7002310001,아세아제지,KOSPI,,8270,1,150,1.85,8160,8280,8020,86828,712182010,326247447700,39449510,STK
025860,KR7025860008,남해화학,KOSPI,,6530,1,50,0.77,6490,6580,6410,236837,1540683240,324402844790,49678843,STK
488900,KR7488900002,비츠로넥스텍,KOSDAQ,기술성장기업부,11180,1,60,0.54,11600,11760,11110,66361,751579075,323956632740,28976443,KSQ
034830,KR7034830000,한국토지신탁,KOSPI,,1278,1,33,2.65,1246,1307,1246,735547,945245763,322681235940,252489230,STK
086390,KR7086390002,유니테스트,KOSDAQ,중견기업부,15250,2,-650,-4.09,15970,16050,15180,213806,3299281550,322295421500,21134126,KSQ
236200,KR7236200002,슈프리마,KOSDAQ,우량기업부,46100,1,1100,2.44,45750,46800,44700,45735,2105635350,321515737100,6974311,KSQ
089980,KR7089980007,상아프론테크,KOSDAQ,우량기업부,20050,1,480,2.45,19900,20250,19360,48453,961859530,320580191850,15989037,KSQ
228760,KR7228760005,지노믹트리,KOSDAQ,기술성장기업부,12890,1,170,1.34,12860,13000,12490,51766,658120130,320435113780,24859202,KSQ
018250,KR7018250001,애경산업,KOSPI,,12100,2,-190,-1.55,12340,12450,12000,28248,342781920,319560213500,26409935,STK
001390,KR7001390004,KG케미칼,KOSPI,,4740,2,-40,-0.84,4800,4870,4705,160565,762018240,318684562200,67233030,STK
272450,KR7272450008,진에어,KOSPI,,6090,2,-110,-1.77,6220,6270,6030,258735,1582655655,317898000000,52200000,STK
200670,KR7200670008,휴메딕스,KOSDAQ,우량기업부,28100,2,-700,-2.43,28800,28950,27900,24083,680798225,315561033000,11229930,KSQ
187870,KR7187870001,디바이스,KOSDAQ,우량기업부,22900,2,-1450,-5.95,24000,25000,22650,249675,5822748275,315334374000,13770060,KSQ
016800,KR7016800005,퍼시스,KOSPI,,27400,1,450,1.67,27000,27400,26900,769,20840500,315100000000,11500000,STK
078340,KR7078340007,컴투스,KOSDAQ GLOBAL,중견기업부,26000,1,450,1.76,25550,26250,25550,30370,788314900,314374138000,12091313,KSQ
001230,KR7001230002,동국홀딩스,KOSPI,,2020,1,65,3.32,1980,2065,1938,602729,1202153917,314125584300,155507715,STK
009290,KR7009290008,광동제약,KOSPI,,6290,2,-10,-0.16,6360,6490,6260,127576,804043090,313240792320,49799808,STK
108670,KR7108670001,LX하우시스,KOSPI,,34900,1,200,0.58,34300,35400,34100,16992,591071925,312971683000,8967670,STK
094360,KR7094360005,칩스앤미디어,KOSDAQ,벤처기업부,14630,2,-50,-0.34,15090,15370,14500,78686,1165530535,312427658620,21355274,KSQ
000430,KR7000430009,대원강업,KOSPI,,5030,2,-100,-1.95,5180,5230,4875,601829,3003524335,311860000000,62000000,STK
241520,KR7241520006,DSC인베스트먼트,KOSDAQ,중견기업부,11710,2,-60,-0.51,11850,12070,11520,272024,3204345235,311486000000,26600000,KSQ
462350,KR7462350000,이노스페이스,KOSDAQ,기술성장기업부,14800,2,-200,-1.33,15020,15750,14650,342500,5128335925,311006815200,21013974,KSQ
035810,KR7035810001,이지홀딩스,KOSDAQ,우량기업부,4785,1,335,7.53,4450,4945,4430,1162622,5571561734,308709945225,64516185,KSQ
061970,KR7061970000,LB세미콘,KOSDAQ,중견기업부,5300,2,-240,-4.33,5520,5660,5240,349971,1890266190,307839931800,58083006,KSQ
092200,KR7092200005,디아이씨,KOSPI,,7910,2,-1040,-11.62,8950,9100,7850,1965615,16207494155,307608580790,38888569,STK
203650,KR7203650007,드림시큐리티,KOSDAQ,중견기업부,3010,2,-50,-1.63,3140,3215,2905,2559244,7675703813,306130496840,101704484,KSQ
286940,KR7286940002,롯데이노베이트,KOSPI,,20200,2,-50,-0.25,20450,20600,20050,21914,444671000,305613213400,15129367,STK
136480,KR7136480001,하림,KOSDAQ,우량기업부,2870,2,-10,-0.35,2890,2910,2835,989298,2827831450,304821844740,106209702,KSQ
042370,KR7042370007,비츠로테크,KOSDAQ,우량기업부,11630,1,70,0.61,11650,11880,11400,240347,2800285245,304706290750,26200025,KSQ
084690,KR7084690007,대상홀딩스,KOSPI,,8390,2,-160,-1.87,8560,8680,8300,73723,619970230,303823193820,36212538,STK
378340,KR7378340004,필에너지,KOSDAQ,중견기업부,13930,2,-180,-1.28,14130,14400,13790,27237,380850335,301241571260,21625382,KSQ
084010,KR7084010008,대한제강,KOSPI,,8720,2,-220,-2.46,8950,8950,8630,21886,190319310,299720317120,34371596,STK
365270,KR7365270008,큐라클,KOSDAQ,기술성장기업부,13540,1,40,0.3,13370,14000,13160,112773,1525678315,298854771680,22071992,KSQ
046970,KR7046970000,우리로,KOSDAQ,벤처기업부,6800,1,230,3.5,6700,7300,6560,1579698,10858706900,298009993200,43824999,KSQ
101730,KR7101730000,위메이드맥스,KOSDAQ,중견기업부,3555,1,55,1.57,4055,4120,3555,361133,1346981691,297920681730,83803286,KSQ
003720,KR7003720000,삼영,KOSPI,,8760,1,100,1.15,8680,8820,8300,577714,4934354210,297840000000,34000000,STK
060720,KR7060720000,KH바텍,KOSDAQ,중견기업부,12560,1,820,6.98,11940,12930,11940,414602,5184639155,297388671520,23677442,KSQ
272110,KR7272110008,케이엔제이,KOSDAQ,우량기업부,37050,2,-300,-0.8,37900,39450,36500,138126,5170824225,297340884750,8025395,KSQ
314930,KR7314930009,바이오다인,KOSDAQ,기술성장기업부,9980,1,50,0.5,9930,10150,9800,34667,344999800,297045747940,29764103,KSQ
033270,KR7033270000,유나이티드제약,KOSPI,,18640,2,-10,-0.05,18700,18800,18490,8051,149930405,296576846000,15910775,STK
389260,KR7389260001,대명에너지,KOSDAQ,우량기업부,16550,1,2320,16.3,14200,17410,13800,1500344,24386804305,296515178750,17916325,KSQ
009160,KR7009160003,SIMPAC,KOSPI,,4520,2,-20,-0.44,4595,4595,4400,80967,362426570,295476775360,65370968,STK
123890,KR7123890006,한국자산신탁,KOSPI,,2390,1,80,3.46,2340,2455,2325,817827,1956939291,292473683140,122373926,STK
025770,KR7025770009,한국정보통신,KOSDAQ,우량기업부,7800,2,-20,-0.26,7920,8050,7730,94611,741158770,292065313800,37444271,KSQ
036800,KR7036800001,나이스정보통신,KOSDAQ,우량기업부,29100,3,0,0.0,29050,29350,28600,8863,256364200,291000000000,10000000,KSQ
043150,KR7043150002,바텍,KOSDAQ,우량기업부,19540,1,180,0.93,19540,19720,19450,21028,410106570,290252162240,14854256,KSQ
475400,KR7475400008,씨메스로보틱스,KOSDAQ,기술성장기업부,24650,2,-1050,-4.09,25900,26450,24650,51989,1305821150,289786928300,11756062,KSQ
452430,KR7452430002,사피엔반도체,KOSDAQ,기술성장기업부,35000,2,-1300,-3.58,37000,37950,34850,82032,2957388425,288939735000,8255421,KSQ
001750,KR7001750009,한양증권,KOSPI,,22700,2,-350,-1.52,23100,23350,22700,21386,490654425,288937721800,12728534,STK
096760,KR7096760004,JW홀딩스,KOSPI,,3905,2,-40,-1.01,3945,3990,3870,70179,275660917,288676898510,73924942,STK
298830,KR7298830001,슈어소프트테크,KOSDAQ,우량기업부,5400,2,-20,-0.37,5450,5520,5320,322381,1742966310,288675894600,53458499,KSQ
051500,KR7051500007,CJ프레시웨이,KOSDAQ,우량기업부,24300,2,-50,-0.21,24650,24750,23850,26377,641490650,288479539800,11871586,KSQ
144510,KR7144510005,지씨셀,KOSDAQ,중견기업부,18170,1,850,4.91,17110,18230,17010,89503,1585661390,287092250480,15800344,KSQ
024720,KR7024720005,콜마홀딩스,KOSPI,,8360,1,40,0.48,8250,8450,8250,24679,205672750,286716725240,34296259,STK
159010,KR7159010008,아스플로,KOSDAQ,벤처기업부,21500,2,-250,-1.15,22400,23500,21000,68237,1517161425,286696888500,13334739,KSQ
000650,KR7000650002,천일고속,KOSPI,,200500,1,600,0.3,200000,204000,197000,7711,1544087150,286558610000,1429220,STK
064850,KR7064850001,에프앤가이드,KOSDAQ,벤처기업부,25100,2,-150,-0.59,25250,26300,24600,67022,1708957025,286399333200,11410332,KSQ
037710,KR7037710001,광주신세계,KOSPI,,37350,2,-350,-0.93,38050,38100,36850,20275,755292025,284874874200,7627172,STK
017390,KR7017390006,서울가스,KOSPI,,57400,1,200,0.35,57100,57700,56800,6165,352392800,284130000000,4950000,STK
099430,KR7099430001,바이오플러스,KOSDAQ,우량기업부,4605,2,-70,-1.5,4660,4735,4510,370401,1699085652,283855524810,61640722,KSQ
419530,KR7419530001,SAMG엔터,KOSDAQ,기술성장기업부,27700,1,2500,9.92,25200,28400,24950,144931,3858092350,282743234900,10207337,KSQ
043370,KR7043370006,피에이치에이,KOSDAQ,우량기업부,13450,1,550,4.26,12990,13600,12870,58453,781168365,282450000000,21000000,KSQ
005680,KR7005680004,삼영전자,KOSPI,,14100,1,450,3.3,13490,14160,13470,51644,722690200,282000000000,20000000,STK
078520,KR7078520004,에이블씨엔씨,KOSPI,,10800,2,-300,-2.7,11210,11440,10750,68169,744724110,280952938800,26014161,STK
002900,KR7002900009,TYM,KOSPI,,6740,2,-60,-0.88,6810,7050,6720,295209,2021743465,279036000000,41400000,STK
035600,KR7035600006,KG이니시스,KOSDAQ,우량기업부,10110,1,20,0.2,10110,10250,10010,59365,599879100,278575327740,27554434,KSQ
001340,KR7001340009,PKC,KOSPI,,6160,2,-220,-3.45,6430,6540,6120,247415,1559283660,277373028240,45028089,STK
001250,KR7001250000,GS글로벌,KOSPI,,3350,1,230,7.37,3130,3780,3030,7358492,25766461023,276488109400,82533764,STK
023410,KR7023410004,유진기업,KOSDAQ,중견기업부,3575,1,35,0.99,3555,3595,3520,89447,318696010,276386335225,77310863,KSQ
026890,KR7026890004,스틱인베스트먼트,KOSPI,,7110,2,-50,-0.7,7120,7250,7020,185325,1317416565,275660651070,38770837,STK
0001A0,KR70001A0001,덕양에너젠,KOSDAQ,중견기업부,11050,1,90,0.82,10960,11290,10770,102253,1132194575,275047704750,24891195,KSQ
472850,KR7472850007,폰드그룹,KOSDAQ,중견기업부,4775,1,30,0.63,4790,4820,4700,24572,116875785,274904638300,57571652,KSQ
900140,KYG5307W1015,엘브이엠씨홀딩스,KOSPI,,1418,2,-27,-1.87,1439,1461,1390,392793,554769296,274014932576,193240432,STK
114190,KR7114190002,강원에너지,KOSDAQ,중견기업부,10450,2,-170,-1.6,10720,10890,10300,70909,740965695,272985747100,26123038,KSQ
054950,KR7054950001,제이브이엠,KOSDAQ,우량기업부,22550,1,300,1.35,22200,22750,22000,45122,1014167700,272627064600,12089892,KSQ
112290,KR7112290002,와이씨켐,KOSDAQ,기술성장기업부,13420,2,-290,-2.12,14040,14500,13300,196768,2681998365,271367027800,20221090,KSQ
382900,KR7382900009,범한퓨얼셀,KOSDAQ,벤처기업부,30950,1,1750,5.99,29550,31400,28750,57737,1733012550,271152950000,8761000,KSQ
448280,KR7448280008,에코아이,KOSDAQ,중견기업부,9150,1,360,4.1,8880,9180,8680,22901,203876470,271124830350,29631129,KSQ
200130,KR7200130003,콜마비앤에이치,KOSDAQ GLOBAL,우량기업부,9210,1,100,1.1,9230,9390,9110,78378,722621020,270917289180,29415558,KSQ
092730,KR7092730001,네오팜,KOSDAQ,우량기업부,16900,2,-330,-1.92,17360,17480,16810,27450,466019080,270873014100,16027989,KSQ
108860,KR7108860008,셀바스AI,KOSDAQ,벤처기업부,10050,2,-360,-3.46,10420,10590,9980,409555,4211443210,270493639500,26914790,KSQ
151860,KR7151860004,KG에코솔루션,KOSDAQ,우량기업부,5670,2,-160,-2.74,5940,5940,5600,127488,725151390,269909021340,47603002,KSQ
0008Z0,KR70008Z0005,에스엔시스,KOSDAQ,벤처기업부,28600,2,-1050,-3.54,29650,29650,28350,36889,1059822600,269885730400,9436564,KSQ
352480,KR7352480008,씨앤씨인터내셔널,KOSDAQ,우량기업부,19800,1,590,3.07,19220,20300,19110,41061,806077975,269872039800,13629901,KSQ
078150,KR7078150000,HB테크놀러지,KOSDAQ,우량기업부,2910,2,-80,-2.68,3060,3120,2900,1718782,5104436806,269803315560,92715916,KSQ
005430,KR7005430004,한국공항,KOSPI,,85000,1,800,0.95,84700,86000,81800,14645,1231770000,269140175000,3166355,STK
215000,KR7215000001,골프존,KOSDAQ,우량기업부,42800,1,200,0.47,42250,43100,42200,24621,1046003775,268587762000,6275415,KSQ
309710,KR7309710002,아이티켐,KOSDAQ,관리종목(소속부없음),21000,0,0,0.0,0,0,0,0,0,268443021000,12783001,KSQ
073490,KR7073490005,LIG아큐버,KOSDAQ,우량기업부,35200,1,100,0.28,35500,38100,34350,104370,3768377700,267655379200,7603846,KSQ
005010,KR7005010004,휴스틸,KOSPI,,4755,1,120,2.59,4680,4770,4545,318012,1483311186,267174296625,56188075,STK
267980,KR7267980001,매일유업,KOSDAQ,우량기업부,34650,1,600,1.76,33800,34700,33800,13400,460987125,265545056700,7663638,KSQ
182400,KR7182400002,엔케이젠바이오텍코리아,KOSDAQ,관리종목(소속부없음),3670,0,0,0.0,0,0,0,0,0,265496721770,72342431,KSQ
014940,KR7014940001,오리엔탈정공,KOSDAQ,우량기업부,5820,1,40,0.69,5800,6000,5760,117693,691177780,265238707020,45573661,KSQ
003120,KR7003120003,일성아이에스,KOSPI,,19890,2,-110,-0.55,19900,20000,19440,7064,138788000,264537000000,13300000,STK
003920,KR7003920006,남양유업,KOSPI,,44000,1,950,2.21,43150,44850,42600,18456,815521750,264000000000,6000000,STK
002320,KR7002320000,한진,KOSPI,,17000,1,90,0.53,17110,17120,16720,22450,378647300,263816472000,15518616,STK
450950,KR7450950001,아스테라시스,KOSDAQ,벤처기업부,7010,2,-270,-3.71,7300,7470,7000,35427,251152960,263769419920,37627592,KSQ
011500,KR7011500006,한농화성,KOSPI,,16840,2,-160,-0.94,17030,17200,16300,69473,1170733965,263327787280,15637042,STK
053030,KR7053030003,바이넥스,KOSDAQ,중견기업부,8050,2,-150,-1.83,8200,8270,7950,137883,1107979185,263107713400,32684188,KSQ
017890,KR7017890005,한국알콜,KOSDAQ,우량기업부,12300,1,250,2.07,12080,12390,11900,36958,447828935,261664123800,21273506,KSQ
322310,KR7322310004,오로스테크놀로지,KOSDAQ,벤처기업부,27900,2,-1600,-5.42,29500,30700,27700,322798,9366671525,261326521800,9366542,KSQ
251370,KR7251370003,와이엠티,KOSDAQ,벤처기업부,14500,1,140,0.97,14550,14980,14270,90599,1319641230,261191588500,18013213,KSQ
005500,KR7005500004,삼진제약,KOSPI,,19550,1,10,0.05,19700,19700,19250,55029,1069283840,260406000000,13320000,STK
220100,KR7220100002,퓨쳐켐,KOSDAQ,기술성장기업부,11590,1,190,1.67,11500,11690,11030,174391,1974934480,259933797800,22427420,KSQ
017860,KR7017860008,DS단석,KOSPI,,14630,2,-350,-2.34,15010,15200,14570,86204,1274446520,259816203570,17759139,STK
004360,KR7004360004,세방,KOSPI,,13570,2,-30,-0.22,13590,13760,13430,45809,620035925,259398732710,19115603,STK
058970,KR7058970005,엠로,KOSDAQ,기술성장기업부,20900,2,-1100,-5.0,22100,22100,20900,62239,1320211425,258382394600,12362794,KSQ
180400,KR7180400004,DXVX,KOSDAQ,관리종목(소속부없음),2620,1,10,0.38,2610,2645,2520,94251,241945200,257885111840,98429432,KSQ
065660,KR7065660003,안트로젠,KOSDAQ,기술성장기업부,25650,2,-400,-1.54,27450,27450,24800,14450,367608175,256656465000,10006100,KSQ
122900,KR7122900004,아이마켓코리아,KOSPI,,7670,2,-30,-0.39,7750,7780,7600,151815,1167160930,256399202800,33428840,STK
121800,KR7121800007,비덴트,KOSDAQ,관리종목(소속부없음),3320,0,0,0.0,0,0,0,0,0,256309348520,77201611,KSQ
355150,KR7355150004,코스텍시스,KOSDAQ,벤처기업부,32850,2,-250,-0.76,33900,36050,32400,137485,4732591850,256142947500,7797350,KSQ
051360,KR7051360006,토비스,KOSDAQ,우량기업부,17150,2,-350,-2.0,17610,17890,17000,58782,1020301960,255841007450,14917843,KSQ
217730,KR7217730001,강스템바이오텍,KOSDAQ,기술성장기업부,2715,1,50,1.88,2665,2735,2590,302763,801572883,255357014535,94054149,KSQ
194700,KR7194700001,노바렉스,KOSDAQ,우량기업부,13980,2,-350,-2.44,14260,14430,13880,101925,1425832210,255202775040,18254848,KSQ
003200,KR7003200003,일신방직,KOSPI,,11070,1,100,0.91,10920,11090,10830,12336,135086170,254167200000,22960000,STK
036710,KR7036710002,심텍홀딩스,KOSDAQ,중견기업부,4800,2,-210,-4.19,5020,5160,4790,309142,1524094322,253573219200,52827754,KSQ
000680,KR7000680009,LS네트웍스,KOSPI,,3215,1,15,0.47,3210,3280,3170,192009,617336996,253351696440,78803016,STK
377460,KR7377460001,큐에이드,KOSDAQ,관리종목(소속부없음),4080,0,0,0.0,0,0,0,0,0,253187202960,62055687,KSQ
274090,KR7274090000,켄코아에어로스페이스,KOSDAQ,기술성장기업부,18370,1,270,1.49,18600,19950,17650,1078922,20191093445,253032182590,13774207,KSQ
018000,KR7018000000,유니슨,KOSDAQ,중견기업부,973,1,43,4.62,932,1174,909,27977765,29362308093,252491830332,259498284,KSQ
0082N0,KR70082N0008,카나프테라퓨틱스,KOSDAQ,기술성장기업부,19000,2,-360,-1.86,18220,19180,17630,377973,6968254710,252036520000,13265080,KSQ
004430,KR7004430005,송원산업,KOSPI,,10500,2,-80,-0.76,10710,10720,10000,74905,781230050,252000000000,24000000,STK
125020,KR7125020008,티씨머티리얼즈,KOSDAQ,중견기업부,7180,1,190,2.72,7030,7240,6760,1116503,7844823900,251576789000,35038550,KSQ
416180,KR7416180008,신성에스티,KOSDAQ,벤처기업부,27750,2,-450,-1.6,28400,28400,27600,12356,344246100,250853839500,9039778,KSQ
318060,KR7318060001,그래피,KOSDAQ,기술성장기업부,22450,1,450,2.05,22250,23400,21300,93186,2096912750,250837823650,11173177,KSQ
290690,KR7290690007,소룩스,KOSDAQ,중견기업부,4920,2,-230,-4.47,5300,5300,4875,900505,4504480720,250785629880,50972689,KSQ
464080,KR7464080001,에스오에스랩,KOSDAQ,기술성장기업부,13970,1,440,3.25,13620,14520,12660,741643,10279175825,250720218650,17947045,KSQ
900290,HK0000307485,GRT,KOSDAQ,외국기업(소속부없음),3065,3,0,0.0,3070,3095,2970,330289,992012317,250717000000,81800000,KSQ
046120,KR7046120002,오르비텍,KOSDAQ,중견기업부,7400,2,-60,-0.8,7620,7810,7330,387656,2914117145,250530204200,33855433,KSQ
041920,KR7041920000,메디아나,KOSDAQ,우량기업부,13460,2,-140,-1.03,13600,13820,13330,39077,528921895,250332081580,18598223,KSQ
091580,KR7091580001,상신이디피,KOSDAQ,우량기업부,18780,2,-410,-2.14,19210,19620,18650,101262,1915444330,250303952820,13328219,KSQ
314130,KR7314130006,지놈앤컴퍼니,KOSDAQ,기술성장기업부,5540,3,0,0.0,5540,5750,5380,326713,1820914180,249889411680,45106392,KSQ
242040,KR7242040004,나무기술,KOSDAQ,기술성장기업부,7210,2,-940,-11.53,8260,8300,7190,3232252,24345408795,249511163440,34606264,KSQ
950170,KR8392080006,JTC,KOSDAQ,외국기업(소속부없음),4810,2,-60,-1.23,4870,4915,4775,73574,354429401,248899933880,51746348,KSQ
019010,KR7019010008,베뉴지,KOSDAQ,중견기업부,5160,2,-140,-2.64,5300,5380,5120,58794,307007225,248712000000,48200000,KSQ
094480,KR7094480001,갤럭시아머니트리,KOSDAQ,우량기업부,6310,1,70,1.12,6200,6340,6190,108576,680931395,247540277780,39229838,KSQ
003960,KR7003960002,사조대림,KOSPI,,27000,1,450,1.69,27200,27200,26400,7762,206685450,247440609000,9164467,STK
003070,KR7003070000,코오롱글로벌,KOSPI,,9730,1,80,0.83,9650,10070,9560,39992,390459420,247375121070,25423959,STK
459510,KR7459510004,나우로보틱스,KOSDAQ,기술성장기업부,18990,2,-90,-0.47,19730,19810,18600,67274,1277950825,246459474180,12978382,KSQ
243840,KR7243840006,신흥에스이씨,KOSDAQ,우량기업부,6390,1,70,1.11,6450,6450,6260,114473,725193010,246387121650,38558235,KSQ
474650,KR7474650009,링크솔루션,KOSDAQ,기술성장기업부,42800,1,750,1.78,42550,46000,41300,66819,2930101175,246104579600,5750107,KSQ
037270,KR7037270006,YG PLUS,KOSPI,,3860,2,-20,-0.52,3875,3960,3845,235991,917184529,245739604600,63663110,STK
065710,KR7065710006,서호전기,KOSDAQ,우량기업부,47700,1,350,0.74,47400,48400,47300,20284,971521775,245655000000,5150000,KSQ
036170,KR7036170009,에이치엠넥스,KOSDAQ,중견기업부,3995,2,-110,-2.68,4125,4175,3920,872559,3490412939,245155675870,61365626,KSQ
067390,KR7067390005,아스트,KOSDAQ,중견기업부,588,1,10,1.73,592,630,575,1430108,860861323,244112656452,415157579,KSQ
004310,KR7004310009,현대약품,KOSPI,,7600,1,160,2.15,7870,9300,6660,34030187,281894434225,243200000000,32000000,STK
000540,KR7000540005,흥국화재,KOSPI,,3785,1,70,1.88,3755,3835,3675,73289,273705173,243158411325,64242645,STK
307180,KR7307180000,아이엘,KOSDAQ,벤처기업부,6590,2,-110,-1.64,6730,7100,6550,612595,4115505345,243076604840,36885676,KSQ
084850,KR7084850007,아이티엠반도체,KOSDAQ,중견기업부,10710,2,-280,-2.55,11150,11150,10630,33146,356789775,242934223140,22682934,KSQ
244920,KR7244920005,에이플러스에셋,KOSPI,,10720,1,120,1.13,10600,10800,10560,34848,371991855,242354468960,22607693,STK
439090,KR7439090002,마녀공장,KOSDAQ,우량기업부,14770,1,170,1.16,14600,14910,14500,85370,1257849370,242128450200,16393260,KSQ
334890,KR7334890001,이지스밸류플러스리츠,KOSPI,,3485,1,5,0.14,3480,3535,3440,166480,578098358,242028660255,69448683,STK
404990,KR7404990004,신한서부티엔디리츠,KOSPI,,3950,2,-165,-4.01,4215,4275,3900,366436,1492760775,241868706800,61232584,STK
478340,KR7478340003,나라스페이스테크놀로지,KOSDAQ,기술성장기업부,20900,1,350,1.7,20700,21850,20500,127097,2688812125,241052051900,11533591,KSQ
098120,KR7098120009,마이크로컨텍솔,KOSDAQ,우량기업부,28950,2,-1400,-4.61,30350,30500,28800,76065,2235066700,240654575700,8312766,KSQ
093520,KR7093520005,매커스,KOSDAQ,우량기업부,20200,2,-200,-0.98,20650,20700,19990,36644,743645185,240417107400,11901837,KSQ
126640,KR7126640002,화신정공,KOSDAQ,우량기업부,6830,4,1570,29.85,6830,6830,5910,20066678,130867555220,239431865300,35055910,KSQ
475560,KR7475560009,더본코리아,KOSPI,,16120,2,-110,-0.68,16370,16420,16010,7099,114305975,239026876400,14827970,STK
034120,KR7034120006,SBS,KOSPI,,12870,1,270,2.14,12820,13000,12790,28421,366780440,238754433060,18551238,STK
357550,KR7357550003,석경에이티,KOSDAQ,기술성장기업부,43750,1,150,0.34,43450,44500,42750,3008,130539000,238656250000,5455000,KSQ
000050,KR7000050005,경방,KOSPI,,8700,3,0,0.0,8640,8740,8550,27702,238808945,238512849000,27415270,STK
128820,KR7128820008,대성산업,KOSPI,,5270,3,0,0.0,5350,5360,5140,178861,934828300,238390969060,45235478,STK
255220,KR7255220006,SG,KOSDAQ,중견기업부,2175,1,35,1.64,2140,2325,2080,2276212,5033958985,238300181850,109563302,KSQ
000320,KR7000320002,노루홀딩스,KOSPI,,17900,1,50,0.28,18060,18330,17870,7700,138942540,237911602900,13291151,STK
000490,KR7000490003,대동,KOSPI,,8240,2,-40,-0.48,8300,8430,8180,131460,1089352275,237533367600,28826865,STK
03473K,KR703473K016,SK우,KOSPI,,419000,1,2500,0.6,415500,429000,408000,2015,842615750,237210565000,566135,STK
012860,KR7012860003,모베이스전자,KOSDAQ,우량기업부,3235,1,60,1.89,3215,3280,3070,711952,2285253207,236910233395,73233457,KSQ
045390,KR7045390002,대아티아이,KOSDAQ,우량기업부,3350,1,85,2.6,3200,3500,3115,1226777,4098388638,236085812950,70473377,KSQ
023760,KR7023760002,한국캐피탈,KOSDAQ,우량기업부,748,2,-12,-1.58,760,767,748,456945,345878312,236075962848,315609576,KSQ
206640,KR7206640005,바디텍메드,KOSDAQ,우량기업부,10760,2,-100,-0.92,10850,10980,10660,24436,262347920,235729229960,21907921,KSQ
0030R0,KR70030R0007,대신밸류리츠,KOSPI,,3935,1,45,1.16,3895,4040,3895,172550,690693395,235234300000,59780000,STK
025560,KR7025560004,미래산업,KOSPI,,46200,1,2400,5.48,45350,46800,41250,157116,6986753350,235196253600,5090828,STK
095500,KR7095500005,미래나노텍,KOSDAQ,우량기업부,7580,2,-90,-1.17,7710,7780,7490,64351,486521210,235055792420,31009999,KSQ
003520,KR7003520004,영진약품,KOSPI,,1285,1,14,1.1,1270,1302,1260,242019,308966177,235017159335,182892731,STK
011560,KR7011560000,세보엠이씨,KOSDAQ,우량기업부,23300,1,300,1.3,23250,24050,22050,48832,1146919500,234977517600,10084872,KSQ
001460,KR7001460005,BYC,KOSPI,,37400,2,-1000,-2.6,37900,38500,37100,2839,106312250,233606010000,6246150,STK
348950,KR7348950007,제이알글로벌리츠,KOSPI,,1182,0,0,0.0,0,0,0,0,0,233298432000,197376000,STK
010955,KR7010951002,S-Oil우,KOSPI,,57900,1,1500,2.66,56400,58200,55600,26191,1499479650,232869573300,4021927,STK
044450,KR7044450005,KSS해운,KOSPI,,10070,1,20,0.2,9990,10250,9880,57324,574037670,232474811600,23085880,STK
308430,KR7308430008,셀비온,KOSDAQ,기술성장기업부,17980,2,-70,-0.39,18050,18290,17740,33196,595410605,232036412980,12905251,KSQ
461300,KR7461300006,아이스크림미디어,KOSDAQ,벤처기업부,17390,1,610,3.64,16800,17600,16630,50278,869045205,231703194870,13323933,KSQ
394800,KR7394800007,쓰리빌리언,KOSDAQ,기술성장기업부,7270,1,230,3.27,7080,7390,6860,322732,2282718630,231349960310,31822553,KSQ
115450,KR7115450009,HLB테라퓨틱스,KOSDAQ,중견기업부,2605,1,130,5.25,2475,2850,2395,1069245,2777565168,230751183945,88580109,KSQ
099440,KR7099440000,스맥,KOSDAQ,중견기업부,3380,1,35,1.05,3345,3435,3330,242858,822017431,230662671720,68243394,KSQ
082800,KR7082800004,비보존 제약,KOSDAQ,중견기업부,3795,2,-155,-3.92,3950,4050,3710,810193,3105847300,230431132470,60719666,KSQ
100120,KR7100120005,뷰웍스,KOSDAQ,우량기업부,25650,2,-200,-0.77,25900,26200,25350,19444,499263350,230116692150,8971411,KSQ
294570,KR7294570007,쿠콘,KOSDAQ,우량기업부,22750,1,400,1.79,22400,23000,22250,18119,410642975,229586903000,10091732,KSQ
000480,KR7000480004,CR홀딩스,KOSPI,,4885,1,5,0.1,4880,4915,4855,17474,85282375,229060043650,46890490,STK
494120,KR7494120009,큐리오시스,KOSDAQ,기술성장기업부,29950,1,3950,15.19,26000,31000,24500,161081,4653706650,228514965900,7629882,KSQ
190510,KR7190510008,나무가,KOSDAQ,우량기업부,16160,2,-180,-1.1,16560,16790,16140,50972,832613330,227618722720,14085317,KSQ
389020,KR7389020009,자람테크놀로지,KOSDAQ,기술성장기업부,32900,2,-700,-2.08,34000,34250,32650,43305,1434997900,227177197800,6905082,KSQ
094820,KR7094820008,일진파워,KOSDAQ,우량기업부,15050,3,0,0.0,15280,15410,14670,200431,3035392765,226934570450,15078709,KSQ
446540,KR7446540007,메가터치,KOSDAQ,중견기업부,7800,2,-100,-1.27,7900,8220,7720,115711,912610790,226817065800,29079111,KSQ
136490,KR7136490000,선진,KOSPI,,9520,2,-60,-0.63,9600,9630,9450,49155,468232750,226381830080,23779604,STK
134380,KR7134380005,미원화학,KOSPI,,10290,2,-40,-0.39,10330,10330,10110,4551,46379750,226304677200,21992680,STK
053690,KR7053690004,한미글로벌,KOSPI,,20650,2,-50,-0.24,21000,22000,20000,291383,6135876125,226273407500,10957550,STK
030210,KR7030210009,다올투자증권,KOSPI,,3705,1,10,0.27,3685,3770,3670,78814,292060460,225675647730,60911106,STK
012210,KR7012210001,삼미금속,KOSDAQ,중견기업부,10130,1,190,1.91,10150,10500,9940,70364,715459320,224805081560,22192012,KSQ
199820,KR7199820002,제일일렉트릭,KOSDAQ,우량기업부,10110,2,-10,-0.1,10190,10400,9920,228236,2310317065,224644200000,22220000,KSQ
025000,KR7025000001,KPX케미칼,KOSPI,,51300,1,600,1.18,51100,53000,50600,2881,148186800,224627771700,4378709,STK
0015G0,KR70015G0009,그린광학,KOSDAQ,기술성장기업부,19180,1,490,2.62,18950,21150,18950,177477,3545335175,224454736380,11702541,KSQ
051370,KR7051370005,인터플렉스,KOSDAQ,우량기업부,9620,1,110,1.16,9750,9950,9560,128099,1246801490,224410280640,23327472,KSQ
051905,KR7051901007,LG생활건강우,KOSPI,,107000,3,0,0.0,107000,108700,106100,10706,1147009650,224299713000,2096259,STK
054210,KR7054210000,이랜텍,KOSDAQ,우량기업부,8860,2,-100,-1.12,9090,9180,8740,137341,1219941020,224080120600,25291210,KSQ
036030,KR7036030005,케이티알파,KOSDAQ,우량기업부,4570,1,15,0.33,4550,4600,4550,5017,22952530,224018123310,49019283,KSQ
033920,KR7033920000,무학,KOSPI,,7850,1,30,0.38,7880,7920,7770,22558,176681715,223725000000,28500000,STK
028100,KR7028100006,동아지질,KOSPI,,16690,1,40,0.24,16510,16930,16510,63379,1061891880,223470788380,13389502,STK
061090,KR7061090007,세나테크놀로지,KOSDAQ,중견기업부,39900,2,-950,-2.33,41400,41500,39650,27993,1121738425,223009080000,5589200,KSQ
005710,KR7005710009,대원산업,KOSDAQ,우량기업부,11110,1,70,0.63,11080,11110,10880,6867,75358920,222617736000,20037600,KSQ
010580,KR7010580009,에스엠벡셀,KOSPI,,1999,2,-61,-2.96,2060,2085,1998,343231,691051239,222392268240,111251760,STK
009680,KR7009680000,모토닉,KOSPI,,10180,1,40,0.39,10290,10290,10010,44985,452527445,221242896920,21733094,STK
338840,KR7338840002,와이바이오로직스,KOSDAQ,기술성장기업부,14380,3,0,0.0,14380,14700,13960,72043,1027213360,220972872780,15366681,KSQ
018310,KR7018310003,삼목에스폼,KOSDAQ,우량기업부,15030,2,-490,-3.16,15680,15680,15020,21380,324977720,220941000000,14700000,KSQ
035510,KR7035510007,신세계 I&C,KOSPI,,15800,2,-330,-2.05,16400,16600,15710,84756,1357351940,220898220000,13980900,STK
007160,KR7007160005,사조산업,KOSPI,,43950,2,-450,-1.01,45050,45050,41500,2426,105871900,219750000000,5000000,STK
226320,KR7226320000,잇츠한불,KOSPI,,10020,1,200,2.04,9940,10050,9820,13006,129210380,219731736300,21929315,STK
357880,KR7357880004,SKAI,KOSDAQ,기술성장기업부,4165,1,30,0.73,4140,4475,4030,1552863,6499049338,219415098840,52680696,KSQ
084990,KR7084990001,헬릭스미스,KOSDAQ,기술성장기업부,4760,2,-145,-2.96,4905,5010,4700,238454,1145179818,219401713720,46092797,KSQ
003650,KR7003650009,미창석유,KOSPI,,126000,1,100,0.08,126000,129400,126000,1951,248804000,219198672000,1739672,STK
008490,KR7008490005,서흥,KOSPI,,18940,2,-400,-2.07,19550,19550,18800,23857,453387985,219119000220,11569113,STK
009470,KR7009470006,삼화전기,KOSPI,,33100,2,-200,-0.6,34300,34850,32850,77523,2603437450,218917442000,6613820,STK
241590,KR7241590009,화승엔터프라이즈,KOSPI,,3610,2,-90,-2.43,3695,3790,3600,32095,116687880,218727286360,60589276,STK
013890,KR7013890009,지누스,KOSPI,,9900,1,190,1.96,9890,10000,9800,18380,181684515,217065548700,21925813,STK
053300,KR7053300000,한국정보인증,KOSDAQ,우량기업부,5340,2,-110,-2.02,5460,5540,5340,71173,384592225,216756452640,40591096,KSQ
004980,KR7004980009,성신양회,KOSPI,,8840,1,290,3.39,8680,8880,8600,75693,662861040,216722085320,24516073,STK
210980,KR7210980009,SK디앤디,KOSPI,,11620,1,170,1.48,11450,11630,11310,15280,175026335,216333978840,18617382,STK
049630,KR7049630007,재영솔루텍,KOSDAQ,우량기업부,9240,2,-290,-3.04,9740,9740,9200,232481,2175238480,216026690880,23379512,KSQ
006805,KR7006801005,미래에셋증권우,KOSPI,,15310,3,0,0.0,15410,16490,15270,154101,2442004310,215499732500,14075750,STK
353810,KR7353810005,이지바이오,KOSDAQ,우량기업부,6510,2,-20,-0.31,6500,6590,6480,50892,332401375,215363299200,33081920,KSQ
068930,KR7068930007,디지털대성,KOSDAQ,우량기업부,7770,2,-90,-1.15,7860,7890,7770,16382,128165960,215037407340,27675342,KSQ
035150,KR7035150002,백산,KOSPI,,10710,2,-230,-2.1,10950,11050,10560,60078,646705190,214508887110,20028841,STK
088260,KR7088260005,이리츠코크렙,KOSPI,,3380,1,10,0.3,3370,3410,3265,1355386,4523617726,214094574200,63341590,STK
138610,KR7138610001,나이벡,KOSDAQ,기술성장기업부,18820,2,-80,-0.42,18790,19340,18430,24815,464542380,213941864260,11367793,KSQ
013120,KR7013120001,동원개발,KOSDAQ,우량기업부,2355,1,45,1.95,2440,2440,2285,69308,162126000,213853075500,90808100,KSQ
007860,KR7007860000,서연,KOSPI,,9100,1,310,3.53,9000,9580,9000,173657,1595253000,213666580400,23479844,STK
053210,KR7053210001,스카이라이프,KOSPI,,4495,1,20,0.45,4470,4590,4420,35993,159759460,213615682725,47522955,STK
001790,KR7001790005,대한제당,KOSPI,,2470,1,5,0.2,2485,2490,2440,125832,310735512,213017530050,86241915,STK
003555,KR7003551009,LG우,KOSPI,,70700,2,-1000,-1.39,71800,71900,70000,16546,1165962250,212891769300,3011199,STK
457550,KR7457550002,우진엔텍,KOSDAQ,중견기업부,22650,1,300,1.34,22400,23050,21650,108471,2422995325,211074398700,9318958,KSQ
484810,KR7484810007,티엑스알로보틱스,KOSDAQ,벤처기업부,13660,2,-430,-3.05,14300,14490,13450,52563,721936740,211059498900,15450915,KSQ
451760,KR7451760003,컨텍,KOSDAQ,기술성장기업부,12970,1,500,4.01,12610,13860,12400,319335,4220453470,210101989780,16199074,KSQ
298690,KR7298690009,에어부산,KOSPI,,1799,2,-64,-3.44,1861,1862,1799,326072,595403047,209835360000,116640000,STK
432320,KR7432320000,KB스타리츠,KOSPI,,1390,2,-23,-1.63,1414,1439,1378,1537952,2152647993,209562356150,150764285,STK
388790,KR7388790008,라이콤,KOSDAQ,벤처기업부,6830,2,-470,-6.44,7500,7690,6790,1505684,10840332985,209094712800,30614160,KSQ
001630,KR7001630003,종근당홀딩스,KOSPI,,41600,1,400,0.97,41500,41950,40800,5198,214566875,208410217600,5009861,STK
004560,KR7004560009,현대비앤지스틸,KOSPI,,13800,2,-50,-0.36,13920,14150,13630,44343,611838560,208087591800,15078811,STK
122990,KR7122990005,와이솔,KOSDAQ,중견기업부,7810,1,80,1.03,7680,7890,7630,92369,717612230,208051222610,26639081,KSQ
380540,KR7380540005,옵티코어,KOSDAQ,관리종목(소속부없음),8450,0,0,0.0,0,0,0,0,0,206658126350,24456583,KSQ
382800,KR7382800001,지앤비에스 에코,KOSDAQ,우량기업부,6460,1,170,2.7,6430,6770,6110,696108,4544600390,205628524860,31831041,KSQ
121440,KR7121440002,골프존홀딩스,KOSDAQ,우량기업부,4800,1,140,3.0,4700,4870,4650,119522,571694008,205616726400,42836818,KSQ
052330,KR7052330008,코텍,KOSDAQ,우량기업부,11550,3,0,0.0,11700,11800,11430,14417,168356760,205146352950,17761589,KSQ
039570,KR7039570007,HDC랩스,KOSPI,,7900,1,10,0.13,8000,8000,7840,15574,122683005,205065047900,25957601,STK
092070,KR7092070002,디엔에프,KOSDAQ,중견기업부,17720,2,-460,-2.53,18180,18520,17420,61376,1085095820,205053323760,11571858,KSQ
394420,KR7394420004,리센스메디컬,KOSDAQ,기술성장기업부,18750,1,450,2.46,18300,19560,17910,125024,2340026965,205030087500,10934938,KSQ
432720,KR7432720001,퀄리타스반도체,KOSDAQ,기술성장기업부,14390,1,90,0.63,15300,16820,14310,862813,13247433410,204159161080,14187572,KSQ
126730,KR7126730001,코칩,KOSDAQ,벤처기업부,23250,2,-100,-0.43,24300,24750,22500,316605,7433677825,203905429500,8770126,KSQ
126600,KR7126600006,BGF에코머티리얼즈,KOSDAQ,우량기업부,3245,1,75,2.37,3170,3255,3135,89120,284013533,203678587255,62766899,KSQ
003220,KR7003220001,대원제약,KOSPI,,9080,2,-350,-3.71,9400,9420,9050,138340,1271502295,203642453640,22427583,STK
108380,KR7108380007,대양전기공업,KOSDAQ,우량기업부,21250,1,350,1.67,20750,22200,19800,142254,3014536680,203305826250,9567333,KSQ
064550,KR7064550007,바이오니아,KOSDAQ,중견기업부,7870,2,-730,-8.49,8250,8300,7870,289472,2319167160,203126990170,25810291,KSQ
119610,KR7119610004,인터로조,KOSDAQ,우량기업부,17790,2,-410,-2.25,18390,18440,17610,53380,951702595,203050559130,11413747,KSQ
339770,KR7339770000,교촌에프앤비,KOSPI,,4060,1,20,0.5,4045,4130,3980,146593,596204741,202858224800,49965080,STK
004380,KR7004380002,삼익THK,KOSPI,,9770,2,-460,-4.5,10230,10430,9700,122832,1219981075,202239000000,20700000,STK
001130,KR7001130004,대한제분,KOSPI,,11930,2,-40,-0.33,12240,12240,11720,26269,310609660,201617000000,16900000,STK
088800,KR7088800008,에이스테크,KOSDAQ,중견기업부,2670,2,-60,-2.2,2730,2810,2660,153019,415823219,201602178780,75506434,KSQ
095570,KR7095570008,AJ네트웍스,KOSPI,,4450,2,-5,-0.11,4495,4555,4385,187841,839343678,201374777550,45252759,STK
487570,KR7487570004,HS효성,KOSPI,,54000,3,0,0.0,53800,54800,53400,6201,334072600,201200058000,3725927,STK
033530,KR7033530007,SJG세종,KOSPI,,7230,1,190,2.7,7300,7420,7060,273223,1983070390,201145548030,27820961,STK
481070,KR7481070001,에이유브랜즈,KOSDAQ,중견기업부,14030,1,510,3.77,13320,14040,13320,19418,266958415,201053407500,14330250,KSQ
102260,KR7102260007,동성케미컬,KOSPI,,3965,1,55,1.41,3990,4045,3885,193803,770589985,200904928315,50669591,STK
083310,KR7083310003,엘오티베큠,KOSDAQ,우량기업부,11280,2,-560,-4.73,11870,12010,11260,107993,1245439145,200897172240,17810033,KSQ
214180,KR7214180002,헥토이노베이션,KOSDAQ,우량기업부,15450,2,-80,-0.52,15630,16040,15420,42779,671328950,200747520150,12993367,KSQ
304100,KR7304100001,솔트룩스,KOSDAQ,기술성장기업부,15900,2,-620,-3.75,16560,16850,15810,115187,1840750420,200242294500,12593855,KSQ
484120,KR7484120001,도우인시스,KOSDAQ,중견기업부,18260,1,530,2.99,17780,18340,17610,13224,237149230,200082525720,10957422,KSQ
003547,KR7003542008,대신증권2우B,KOSPI,,20400,1,460,2.31,20050,20750,19860,38573,786413490,199987993200,9803333,STK
149950,KR7149950008,아바텍,KOSDAQ,우량기업부,14620,1,160,1.11,14720,14930,14010,226850,3290591110,199821817860,13667703,KSQ
054450,KR7054450002,텔레칩스,KOSDAQ,중견기업부,13190,2,-260,-1.93,13600,14020,13180,154216,2083905470,199752433270,15144233,KSQ
034810,KR7034810002,해성산업,KOSDAQ,중견기업부,6300,2,-10,-0.16,6310,6350,6240,9317,58554710,198954957600,31580152,KSQ
256840,KR7256840000,한국비엔씨,KOSDAQ,우량기업부,2900,2,-55,-1.86,2955,3000,2890,325568,952355895,198345169400,68394886,KSQ
024840,KR7024840001,KBI메탈,KOSDAQ,중견기업부,4750,2,-30,-0.63,4805,5080,4610,2347619,11241339461,197240990250,41524419,KSQ
036560,KR7036560001,KZ정밀,KOSDAQ,우량기업부,12510,1,100,0.81,12450,12600,12370,6106,76287420,197032500000,15750000,KSQ
123860,KR7123860009,아나패스,KOSDAQ,우량기업부,16240,3,0,0.0,16430,16680,16000,40049,649337325,196884259600,12123415,KSQ
298000,KR7298000001,효성화학,KOSPI,,51900,2,-3100,-5.64,55000,56600,46800,343677,17788143425,196794990900,3791811,STK
001780,KR7001780006,알루코,KOSPI,,2030,1,20,1.0,2020,2085,2000,865102,1764944293,196565167960,96830132,STK
036190,KR7036190007,금화피에스시,KOSDAQ,우량기업부,32700,2,-100,-0.3,32550,33350,32550,9456,311818600,196200000000,6000000,KSQ
117580,KR7117580001,대성에너지,KOSPI,,7120,1,90,1.28,7030,7180,7000,80089,568285630,195800000000,27500000,STK
418550,KR7418550000,제이오,KOSDAQ,기술성장기업부,6110,1,40,0.66,6200,6240,5940,120172,729929375,195627982030,32017673,KSQ
000140,KR7000140004,하이트진로홀딩스,KOSPI,,8400,1,20,0.24,8420,8450,8340,11839,99103680,194936826000,23206765,STK
176750,KR7176750008,듀켐바이오,KOSDAQ,기술성장기업부,6830,1,410,6.39,8000,8100,6620,147988,1054107190,194577957600,28488720,KSQ
067080,KR7067080002,대화제약,KOSDAQ,중견기업부,10450,2,-250,-2.34,10820,10850,10140,211712,2185429535,194543992500,18616650,KSQ
101360,KR7101360006,에코앤드림,KOSDAQ,벤처기업부,10910,2,-650,-5.62,11580,11600,10860,145905,1613407875,194046503740,17786114,KSQ
138360,KR7138360003,앤로보틱스,KOSDAQ,벤처기업부,2520,1,40,1.61,2485,2600,2455,532492,1343135910,194019139440,76991722,KSQ
489500,KR7489500009,엘케이켐,KOSDAQ,벤처기업부,30350,1,300,1.0,30900,30900,29325,27632,827524925,193974073300,6391238,KSQ
402490,KR7402490007,그린리소스,KOSDAQ,기술성장기업부,11380,2,-470,-3.97,12000,12190,11370,240022,2796123680,192722769460,16935217,KSQ
100250,KR7100250000,진양홀딩스,KOSPI,,3015,1,15,0.5,3000,3020,2980,82606,247885745,192658500000,63900000,STK
237880,KR7237880000,클리오,KOSDAQ,우량기업부,10640,2,-40,-0.37,10680,10780,10550,16282,172886785,192279195920,18071353,KSQ
002150,KR7002150001,도화엔지니어링,KOSPI,,5680,1,330,6.17,5370,5890,5300,216659,1230619485,191529600000,33720000,STK
016580,KR7016580003,환인제약,KOSPI,,10280,1,40,0.39,10250,10320,10120,49488,504351655,191208719600,18600070,STK
039830,KR7039830005,오로라,KOSDAQ,우량기업부,17750,2,-250,-1.39,18000,18750,17630,51702,928913190,191041297500,10762890,KSQ
192440,KR7192440006,슈피겐코리아,KOSDAQ,우량기업부,30700,3,0,0.0,30500,31000,30350,4334,132824750,190842344100,6216363,KSQ
003460,KR7003460003,유화증권,KOSPI,,3355,1,140,4.35,3215,3375,3205,193021,638834890,190236602325,56702415,STK
270660,KR7270660004,에브리봇,KOSDAQ,벤처기업부,14980,2,-1590,-9.6,16540,16600,14860,131503,2004552295,190104933340,12690583,KSQ
0088M0,KR70088M0003,메쥬,KOSDAQ,기술성장기업부,19200,1,230,1.21,18980,19770,18710,59664,1148583580,189729600000,9881750,KSQ
083930,KR7083930008,아바코,KOSDAQ,우량기업부,12890,2,-290,-2.2,13300,13300,12870,105254,1365737685,189189739610,14677249,KSQ
013580,KR7013580006,계룡건설,KOSPI,,21150,1,400,1.93,20450,21750,20400,79032,1674326675,188888683050,8930907,STK
405100,KR7405100009,큐알티,KOSDAQ,중견기업부,15370,2,-130,-0.84,15520,15980,15300,62306,970431820,188886556370,12289301,KSQ
126700,KR7126700004,하이비젼시스템,KOSDAQ,우량기업부,12640,1,330,2.68,12620,13200,12130,143787,1813810895,188868295680,14942112,KSQ
102120,KR7102120003,어보브반도체,KOSDAQ,벤처기업부,10590,2,-250,-2.31,10970,11270,10580,160808,1733557665,188298174270,17780753,KSQ
003610,KR7003610003,방림,KOSPI,,5190,1,40,0.78,5150,5190,5120,33186,171166800,187889200020,36202158,STK
066620,KR7066620006,국보디자인,KOSDAQ,우량기업부,25050,2,-50,-0.2,25100,25400,24550,5675,141499950,187875000000,7500000,KSQ
016790,KR7016790008,현대사료,KOSDAQ,관리종목(소속부없음),994,0,0,0.0,0,0,0,0,0,187340898626,188471729,KSQ
003350,KR7003350006,한국화장품제조,KOSPI,,8200,2,-70,-0.85,8280,8390,8150,51615,423574465,185812000000,22660000,STK
462860,KR7462860008,더즌,KOSDAQ,벤처기업부,2585,2,-15,-0.58,2600,2660,2505,146150,380131159,185490611955,71756523,KSQ
194480,KR7194480000,데브시스터즈,KOSDAQ,벤처기업부,15260,2,-430,-2.74,15630,15830,15140,39743,612541605,185090829000,12129150,KSQ
950140,KR8840110108,잉글우드랩,KOSDAQ,외국기업(소속부없음),9280,3,0,0.0,9440,9450,9150,7893,73111610,184373796480,19867866,KSQ
102460,KR7102460003,이연제약,KOSPI,,9910,2,-10,-0.1,9950,10100,9790,34600,342435545,184195297010,18586811,STK
402030,KR7402030001,코난테크놀로지,KOSDAQ,기술성장기업부,14680,2,-70,-0.47,15170,15240,14170,44899,647962935,183756723840,12517488,KSQ
002100,KR7002100006,경농,KOSPI,,9400,1,190,2.06,9220,9560,9190,112093,1053764915,183512205000,19522575,STK
388050,KR7388050007,지투파워,KOSDAQ,우량기업부,9790,1,700,7.7,9180,10090,9060,781143,7605903900,183165388230,18709437,KSQ
372170,KR7372170001,윤성에프앤씨,KOSDAQ,우량기업부,22950,2,-650,-2.75,23700,23800,22900,7935,183933775,183119151600,7979048,KSQ
234080,KR7234080000,JW생명과학,KOSPI,,11480,2,-50,-0.43,11590,11710,11320,41844,477728300,181780679920,15834554,STK
080160,KR7080160005,모두투어,KOSDAQ,우량기업부,9600,2,-30,-0.31,9900,9900,9560,67162,650140185,181440000000,18900000,KSQ
016450,KR7016450009,한세예스24홀딩스,KOSPI,,4530,1,25,0.55,4505,4545,4370,26582,119191137,181200000000,40000000,STK
039840,KR7039840004,디오,KOSDAQ,중견기업부,13460,1,30,0.22,13460,13770,13420,11124,150309345,180577044880,13415828,KSQ
042420,KR7042420000,네오위즈홀딩스,KOSDAQ,우량기업부,22150,1,350,1.61,21800,22350,21700,5609,124052600,180351568450,8142283,KSQ
000390,KR7000390005,SP삼화,KOSPI,,6620,1,20,0.3,6610,6710,6340,121216,805594405,180086964780,27203469,STK
211270,KR7211270004,AP위성,KOSDAQ,우량기업부,11930,2,-70,-0.58,12160,12550,11910,196000,2376318660,179931886720,15082304,KSQ
0007C0,KR70007C0003,아크릴,KOSDAQ,기술성장기업부,22400,2,-1450,-6.08,22200,22600,21600,256454,5674223075,179879257600,8030324,KSQ
216080,KR7216080002,제테마,KOSDAQ,벤처기업부,4815,2,-155,-3.12,4915,5120,4810,137293,670013620,179537381685,37287099,KSQ
071200,KR7071200000,인피니트헬스케어,KOSDAQ,중견기업부,7350,2,-160,-2.13,7600,7600,7300,38596,285120675,179313966300,24396458,KSQ
232680,KR7232680009,라온로보틱스,KOSDAQ,기술성장기업부,13550,2,-170,-1.24,13870,14110,13250,224699,3032700860,178961625000,13207500,KSQ
140610,KR7140610007,엔솔바이오사이언스,KONEX,일반기업부,12880,1,80,0.63,12800,13300,12760,5080,65207570,178891260240,13889073,KNX
086820,KR7086820008,바이오솔루션,KOSDAQ,기술성장기업부,6880,2,-40,-0.58,6930,7130,6710,161576,1100132310,178357704800,25924085,KSQ
226590,KR7226590008,엠디바이스,KOSDAQ,기술성장기업부,16600,1,190,1.16,16440,17300,16210,85930,1440713365,177898614400,10716784,KSQ
086670,KR7086670007,비엠티,KOSDAQ,우량기업부,17840,2,-10,-0.06,17990,18100,17550,56998,1016740655,177077788400,9925885,KSQ
143240,KR7143240000,사람인,KOSDAQ,우량기업부,16480,2,-320,-1.9,16710,16720,16210,16769,276157315,176875406880,10732731,KSQ
462520,KR7462520008,조선내화,KOSPI,,14870,1,30,0.2,14840,15250,14610,21930,327411200,176286348160,11855168,STK
377190,KR7377190004,디앤디플랫폼리츠,KOSPI,,1994,2,-51,-2.49,2050,2065,1970,2043624,4081143463,176269600000,88400000,STK
012610,KR7012610002,경인양행,KOSPI,,4210,2,-100,-2.32,4350,4395,4160,276993,1172878569,175204896650,41616365,STK
049430,KR7049430002,코메론,KOSDAQ,우량기업부,19350,2,-280,-1.43,19800,19940,18810,15510,300463680,175078800000,9048000,KSQ
264450,KR7264450008,유비쿼스,KOSDAQ,우량기업부,11890,2,-100,-0.83,12000,12180,11700,51645,611776070,174372711770,14665493,KSQ
001080,KR7001080001,만호제강,KOSPI,,4200,2,-130,-3.0,4340,4365,4200,9118,38915240,174300000000,41500000,STK
000860,KR7000860007,강남제비스코,KOSPI,,13400,1,80,0.6,13240,13560,13210,12401,165348610,174200000000,13000000,STK
079960,KR7079960001,동양이엔피,KOSDAQ,우량기업부,22150,1,200,0.91,22100,22500,21700,25798,571936750,174099000000,7860000,KSQ
000300,KR7000300004,DH오토넥스,KOSPI,,4200,0,0,0.0,0,0,0,0,0,174035631000,41437055,STK
199430,KR7199430000,케이엔알시스템,KOSDAQ,기술성장기업부,15580,2,-530,-3.29,16300,16400,15550,29460,463860060,173624189940,11144043,KSQ
031440,KR7031440001,신세계푸드,KOSPI,,44700,1,150,0.34,44600,45950,43900,5446,245349000,173099856000,3872480,STK
084680,KR7084680008,이월드,KOSPI,,1219,2,-34,-2.71,1253,1253,1214,218372,267712637,172861749267,141806193,STK
044820,KR7044820009,코스맥스비티아이,KOSPI,,17990,2,-100,-0.55,18070,18340,17700,13780,248424890,172774538790,9603921,STK
118990,KR7118990001,모트렉스,KOSDAQ,우량기업부,7040,1,20,0.28,6960,7070,6900,60034,418763690,172743091840,24537371,KSQ
078070,KR7078070000,유비쿼스홀딩스,KOSDAQ,중견기업부,10120,2,-180,-1.75,10250,10450,10110,27205,277515455,172635491160,17058843,KSQ
037560,KR7037560000,LG헬로비전,KOSPI,,2225,2,-15,-0.67,2265,2270,2185,749629,1660907539,172319274625,77446865,STK
092130,KR7092130004,이크레더블,KOSDAQ,중견기업부,14300,1,30,0.21,14270,14500,14170,4648,66611960,172223480000,12043600,KSQ
101530,KR7101530004,해태제과식품,KOSPI,,5910,2,-20,-0.34,5930,5930,5820,16085,94439580,172080418020,29116822,STK
024800,KR7024800005,유성티엔에스,KOSDAQ,우량기업부,4635,1,20,0.43,4665,4665,4495,43432,198351355,171735148620,37051812,KSQ
001045,KR7001041003,CJ우,KOSPI,,75900,1,2800,3.83,75000,76000,74100,2719,204526500,171550925700,2260223,STK
458650,KR7458650009,성우,KOSDAQ,벤처기업부,11400,1,60,0.53,11400,11600,11170,12105,137656905,171520638000,15045670,KSQ
123410,KR7123410003,코리아에프티,KOSDAQ,우량기업부,6160,2,-220,-3.45,6530,6570,6110,162902,1013669965,171500954240,27841064,KSQ
119830,KR7119830008,아이텍,KOSDAQ,중견기업부,6460,1,90,1.41,6400,6580,6240,106130,677718590,171438942560,26538536,KSQ
403850,KR7403850001,더핑크퐁컴퍼니,KOSDAQ,중견기업부,11930,1,200,1.71,11930,12130,11700,23625,280527725,171207549300,14351010,KSQ
0017J0,KR70017J0004,세미티에스,KOSDAQ,벤처기업부,5680,2,-850,-13.02,7000,7640,5470,22326566,145666112815,171176018640,30136623,KSQ
474170,KR7474170008,루미르,KOSDAQ,기술성장기업부,9580,1,10,0.1,9660,10140,9570,174250,1700982345,170693527680,17817696,KSQ
024060,KR7024060006,흥구석유,KOSDAQ,중견기업부,11370,1,300,2.71,11070,11500,11030,624675,7055855390,170550000000,15000000,KSQ
452450,KR7452450000,피아이이,KOSDAQ,벤처기업부,4730,2,-20,-0.42,4770,5000,4700,117969,561805927,170414805000,36028500,KSQ
015230,KR7015230006,대창단조,KOSPI,,6250,3,0,0.0,6250,6350,6130,54478,342201270,169647625000,27143620,STK
123330,KR7123330003,제닉,KOSDAQ,우량기업부,21250,2,-700,-3.19,22300,22300,21000,48632,1042399650,169334450000,7968680,KSQ
012200,KR7012200002,계양전기,KOSPI,,6200,3,0,0.0,6250,6330,6070,262851,1626612735,168781539800,27222829,STK
038390,KR7038390001,레드캡투어,KOSDAQ,우량기업부,10090,1,70,0.7,10130,10130,10000,14366,144372520,168713093980,16720822,KSQ
042600,KR7042600007,새로닉스,KOSDAQ,중견기업부,13580,2,-60,-0.44,13640,13640,13120,14654,195776960,168712134920,12423574,KSQ
011690,KR7011690005,와이투솔루션,KOSPI,,4590,1,300,6.99,4300,4720,4190,543943,2459109847,168473168460,36704394,STK
400760,KR7400760005,NH올원리츠,KOSPI,,3065,1,15,0.49,3050,3080,3035,138295,423004685,168358227875,54929275,STK
146320,KR7146320007,비씨엔씨,KOSDAQ,벤처기업부,13140,1,340,2.66,13370,13930,12900,57205,761011380,168164708220,12797923,KSQ
418420,KR7418420006,라온텍,KOSDAQ,기술성장기업부,5470,2,-30,-0.55,5520,5800,5350,341371,1894286085,167934103510,30700933,KSQ
016880,KR7016880007,웅진,KOSPI,,2100,1,75,3.7,2080,2165,2030,263413,553850960,167846868000,79927080,STK
092220,KR7092220003,KEC,KOSPI,,4180,2,-155,-3.58,4335,4460,4110,636231,2670822423,167837985040,40152628,STK
488280,KR7488280009,에스투더블유,KOSDAQ,기술성장기업부,15500,2,-750,-4.62,16260,16440,15500,66041,1043157575,167454033000,10803486,KSQ
039860,KR7039860002,나노엔텍,KOSDAQ,중견기업부,4390,2,-80,-1.79,4470,4515,4345,129346,567748894,167228502670,38093053,KSQ
245620,KR7245620000,EDGC,KOSDAQ,관리종목(소속부없음),741,0,0,0.0,0,0,0,0,0,167118555474,225531114,KSQ
264850,KR7264850009,이랜시스,KOSDAQ,중견기업부,5490,2,-100,-1.79,5680,5700,5460,230324,1277083835,166317419880,30294612,KSQ
011785,KR7011781002,금호석유화학우,KOSPI,,55000,2,-300,-0.54,55700,55800,54700,7569,416719750,166291730000,3023486,STK
032580,KR7032580003,피델릭스,KOSDAQ,중견기업부,5010,2,-470,-8.58,5590,5590,4955,762185,3929644208,165991640640,33132064,KSQ
077500,KR7077500007,유니퀘스트,KOSPI,,7680,2,-120,-1.54,7820,7940,7640,167403,1299032585,165888783360,21600102,STK
109740,KR7109740001,디에스케이,KOSDAQ,벤처기업부,6450,2,-250,-3.73,6650,6800,6000,68614,441179100,165832015500,25710390,KSQ
293580,KR7293580007,나우IB,KOSDAQ,중견기업부,1746,1,129,7.98,1643,1836,1632,1435029,2532623964,165747692700,94929950,KSQ
097955,KR7097951008,CJ제일제당 우,KOSPI,,124800,2,-700,-0.56,125600,126000,124200,5269,656430850,165663638400,1327433,STK
002170,KR7002170009,SYTS,KOSPI,,55200,1,700,1.28,55900,55900,54000,1341,73213500,165600000000,3000000,STK
361390,KR7361390008,제노코,KOSDAQ,벤처기업부,17000,1,270,1.61,16800,17750,16750,75460,1301742655,165518477000,9736381,KSQ
377450,KR7377450002,리파인,KOSDAQ,우량기업부,9520,2,-80,-0.83,9510,9620,9400,17675,167576630,164981600000,17330000,KSQ
293480,KR7293480000,하나제약,KOSPI,,9270,1,30,0.32,9240,9270,9100,22843,210234340,164755209420,17772946,STK
017550,KR7017550005,수산세보틱스,KOSPI,,2635,1,75,2.93,2530,2965,2435,5712652,15804425284,164421707550,62399130,STK
371950,KR7371950007,풍원정밀,KOSDAQ,기술성장기업부,7250,2,-260,-3.46,7510,7730,7230,20579,150836430,164303473000,22662548,KSQ
058820,KR7058820002,CMG제약,KOSDAQ,중견기업부,1111,2,-11,-0.98,1122,1147,1110,255791,285718929,164252665313,147842183,KSQ
213500,KR7213500002,한솔제지,KOSPI,,6900,2,-30,-0.43,6990,7060,6860,150970,1052158705,164223974400,23800576,STK
048870,KR7048870000,시너지이노베이션,KOSDAQ,중견기업부,1857,2,-45,-2.37,1873,1902,1813,467508,860772204,163614630291,88106963,KSQ
036010,KR7036010007,아비코전자,KOSDAQ,중견기업부,12300,2,-10,-0.08,12810,13900,12170,1129991,14758285250,163503088200,13292934,KSQ
008350,KR7008350001,남선알미늄,KOSPI,,1266,1,17,1.36,1256,1280,1230,1257397,1579605494,163414127940,129079090,STK
007570,KR7007570005,일양약품,KOSPI,,8540,1,40,0.47,8500,8590,8300,23030,194464890,162991570560,19085664,STK
041020,KR7041020009,폴라리스오피스,KOSDAQ,벤처기업부,3280,1,60,1.86,3220,3335,3205,624679,2028151994,162962841040,49683793,KSQ
083500,KR7083500009,에프엔에스테크,KOSDAQ,우량기업부,19600,2,-180,-0.91,20100,20200,19130,143291,2794580220,162804989200,8306377,KSQ
032620,KR7032620007,GC메디아이,KOSDAQ,우량기업부,3110,2,-45,-1.43,3160,3195,3075,94136,292237880,162333102290,52197139,KSQ
002990,KR7002990000,금호건설,KOSPI,,4355,1,340,8.47,4040,4570,4000,451456,1968344663,162267186770,37259974,STK
445180,KR7445180003,퓨릿,KOSDAQ,우량기업부,9440,2,-400,-4.07,9900,10000,9400,41386,396599390,162265934720,17189188,KSQ
025820,KR7025820002,이구산업,KOSPI,,4850,2,-40,-0.82,4890,4955,4800,225359,1099996438,162193700000,33442000,STK
046440,KR7046440004,KG파이낸셜,KOSDAQ,우량기업부,4250,1,30,0.71,4235,4265,4195,78206,330634653,161545908500,38010802,KSQ
060150,KR7060150000,인선이엔티,KOSDAQ,중견기업부,3545,1,85,2.46,3460,3550,3440,65294,227544791,161523004540,45563612,KSQ
143160,KR7143160000,아이디스,KOSDAQ,우량기업부,15050,2,-310,-2.02,15550,15550,15050,8321,126139590,161281669500,10716390,KSQ
011040,KR7011040003,경동제약,KOSDAQ,중견기업부,5240,1,70,1.35,5200,5280,5090,50087,257798365,161228333840,30768766,KSQ
071840,KR7071840003,롯데하이마트,KOSPI,,6820,1,20,0.29,6810,6860,6740,17575,119405615,161004595840,23607712,STK
007330,KR7007330004,푸른저축은행,KOSDAQ,투자주의환기종목(소속부없음),10670,1,40,0.38,10760,10850,10540,13726,146601750,160933476000,15082800,KSQ
104480,KR7104480009,티케이케미칼,KOSDAQ,중견기업부,1767,2,-25,-1.4,1791,1813,1756,361255,641261278,160612231878,90895434,KSQ
460850,KR7460850001,동국씨엠,KOSPI,,5360,2,-50,-0.92,5400,5410,5310,46770,250368600,160256796160,29898656,STK
023910,KR7023910003,대한약품,KOSDAQ,우량기업부,26700,2,-150,-0.56,26700,26850,26250,12956,344112400,160200000000,6000000,KSQ
297090,KR7297090003,씨에스베어링,KOSDAQ,투자주의환기종목(소속부없음),5860,4,1345,29.79,4515,5860,4450,1892275,10326182108,159802200000,27270000,KSQ
086980,KR7086980000,쇼박스,KOSDAQ,중견기업부,2550,3,0,0.0,2550,2600,2540,117564,300558780,159726900000,62638000,KSQ
066410,KR7066410002,버킷스튜디오,KOSDAQ,투자주의환기종목(소속부없음),1153,0,0,0.0,0,0,0,0,0,159637252154,138453818,KSQ
090350,KR7090350000,노루페인트,KOSPI,,7970,1,120,1.53,7850,8070,7840,58595,467225855,159400000000,20000000,STK
147830,KR7147830004,제룡산업,KOSDAQ,벤처기업부,7960,3,0,0.0,8070,8140,7830,234760,1871909655,159200000000,20000000,KSQ
046070,KR7046070009,코다코,KOSDAQ,관리종목(소속부없음),10280,0,0,0.0,0,0,0,0,0,159196994920,15486089,KSQ
140670,KR7140670001,알에스오토메이션,KOSDAQ,중견기업부,12320,2,-180,-1.44,12740,12750,12250,119749,1482901205,158186828800,12839840,KSQ
114840,KR7114840002,아이패밀리에스씨,KOSDAQ,우량기업부,9130,2,-340,-3.59,9500,9550,9130,36121,332748080,158130687000,17319900,KSQ
179290,KR7179290002,엠아이텍,KOSDAQ,우량기업부,4885,2,-85,-1.71,4970,5050,4795,98747,479228856,158106337030,32365678,KSQ
072870,KR7072870009,메가스터디,KOSDAQ,우량기업부,13220,1,20,0.15,13200,13305,13070,28037,369917745,157595077980,11920959,KSQ
000520,KR7000520007,삼일제약,KOSPI,,7240,2,-280,-3.72,7520,7610,7200,100766,741151585,157048711640,21691811,STK
285490,KR7285490009,노바텍,KOSDAQ,벤처기업부,14830,2,-50,-0.34,14880,15210,14660,45470,681997455,156839573730,10575831,KSQ
073010,KR7073010001,케이에스피,KOSDAQ,우량기업부,3895,2,-15,-0.38,3910,3995,3805,172124,669287870,156544918750,40191250,KSQ
040350,KR7040350001,크레오에스지,KOSDAQ,벤처기업부,8010,5,-3430,-29.98,11470,11540,8010,750092,6813517150,156359461320,19520532,KSQ
271980,KR7271980005,제일약품,KOSPI,,10590,2,-110,-1.03,10700,10710,10450,15765,166528030,155724594480,14704872,STK
308080,KR7308080001,바이젠셀,KOSDAQ,기술성장기업부,7590,2,-290,-3.68,8110,8110,7490,454712,3473008980,155589383400,20499260,KSQ
260870,KR7260870001,SK시그넷,KONEX,일반기업부,7170,1,10,0.14,7380,7380,7110,5510,39549040,155407935990,21674747,KNX
125210,KR7125210005,아모그린텍,KOSDAQ,우량기업부,9410,1,360,3.98,9320,10280,9080,602927,5948000290,155234793900,16496790,KSQ
000970,KR7000970004,한국주철관,KOSPI,,6800,1,30,0.44,6740,6860,6720,17063,116337640,155043400000,22800500,STK
066430,KR7066430000,아이로보틱스,KOSDAQ,중견기업부,3955,2,-325,-7.59,4225,4225,3855,3729278,14710701477,154851997580,39153476,KSQ
417010,KR7417010006,나노팀,KOSDAQ,벤처기업부,7670,1,150,1.99,7560,7930,7560,194980,1502050185,154724823760,20172728,KSQ
267320,KR7267320000,나인테크,KOSDAQ,벤처기업부,2690,2,-60,-2.18,2840,2840,2680,471699,1284406212,154447143550,57415295,KSQ
005960,KR7005960000,동부건설,KOSPI,,6710,1,170,2.6,6580,7050,6470,90345,613188265,153972108730,22946663,STK
004090,KR7004090007,한국석유,KOSPI,,12100,1,250,2.11,11850,12140,11800,99689,1198375305,153598852000,12694120,STK
051980,KR7051980001,중앙첨단소재,KOSDAQ,중견기업부,1379,1,6,0.44,1380,1400,1353,476325,652146321,153195466711,111091709,KSQ
093190,KR7093190007,빅솔론,KOSDAQ,우량기업부,7960,2,-140,-1.73,8100,8120,7850,13723,109966550,153141683800,19238905,KSQ
006060,KR7006060008,화승인더,KOSPI,,2765,2,-15,-0.54,2785,2800,2735,38095,104812190,152959800000,55320000,STK
003830,KR7003830007,대한화섬,KOSPI,,114900,1,400,0.35,117100,117100,112300,163,18439800,152587200000,1328000,STK
081000,KR7081000002,일진다이아,KOSPI,,10740,2,-70,-0.65,10850,10920,10630,16588,178697595,152539951500,14202975,STK
049960,KR7049960008,쎌바이오텍,KOSDAQ,벤처기업부,16200,2,-140,-0.86,16210,16460,16010,6031,97450540,152280000000,9400000,KSQ
380550,KR7380550004,뉴로핏,KOSDAQ,기술성장기업부,12430,1,320,2.64,12220,12830,11840,227622,2780368365,151631904380,12198866,KSQ
053080,KR7053080008,케이엔솔,KOSDAQ,중견기업부,11660,2,-230,-1.93,11900,12150,11450,91292,1069050985,151577749620,12999807,KSQ
000700,KR7000700005,유수홀딩스,KOSPI,,5810,1,30,0.52,5790,5890,5690,43967,255848430,151302927720,26041812,STK
234690,KR7234690006,녹십자웰빙,KOSDAQ,우량기업부,8420,1,250,3.06,8290,9190,8270,213132,1829879970,151250901800,17963290,KSQ
220260,KR7220260004,켐트로스,KOSDAQ,벤처기업부,4705,2,-155,-3.19,4860,4900,4665,95531,451939835,150899018775,32072055,KSQ
289080,KR7289080004,SV인베스트먼트,KOSDAQ,중견기업부,2505,1,110,4.59,2430,2510,2365,456582,1124637429,150646273665,60138233,KSQ
259630,KR7259630002,엠플러스,KOSDAQ,우량기업부,12320,2,-400,-3.14,12720,12960,12200,91174,1131891210,150579918720,12222396,KSQ
187790,KR7187790001,나노,KOSDAQ,벤처기업부,4875,1,365,8.09,4600,5200,4520,543078,2708386609,150349046250,30840830,KSQ
038290,KR7038290003,마크로젠,KOSDAQ,중견기업부,13860,2,-60,-0.43,13920,14250,13520,33803,466058235,150261804000,10841400,KSQ
000020,KR7000020008,동화약품,KOSPI,,5370,3,0,0.0,5470,5470,5340,38348,205904225,149991993900,27931470,STK
005160,KR7005160007,동국산업,KOSDAQ,중견기업부,2755,1,155,5.96,2605,3165,2530,934672,2690642125,149443547910,54244482,KSQ
067280,KR7067280008,멀티캠퍼스,KOSDAQ,우량기업부,25200,2,-150,-0.59,25650,25650,25050,2790,70354350,149354830800,5926779,KSQ
001520,KR7001520006,동양,KOSPI,,624,1,66,11.83,563,641,561,2528051,1524288180,148938855312,238684063,STK
041440,KR7041440009,현대에버다임,KOSDAQ,우량기업부,8340,1,160,1.96,8200,8830,8000,496742,4195748160,148799878080,17841712,KSQ
299030,KR7299030007,하나기술,KOSDAQ,벤처기업부,18590,2,-410,-2.16,19170,19170,18370,36594,685170200,148625376900,7994910,KSQ
008970,KR7008970006,KBI동양철관,KOSPI,,1430,1,3,0.21,1436,1449,1414,551627,787622044,148386677010,103766907,STK
334970,KR7334970001,프레스티지바이오로직스,KOSDAQ,기술성장기업부,1908,2,-17,-0.88,1938,1938,1840,99491,188383239,148352031396,77752637,KSQ
003480,KR7003480001,한진중공업홀딩스,KOSPI,,5020,2,-20,-0.4,5080,5100,4990,16837,84662685,148239656240,29529812,STK
115500,KR7115500001,케이씨에스,KOSDAQ,중견기업부,12350,2,-280,-2.22,12560,12760,12100,159103,1961980560,148200000000,12000000,KSQ
105330,KR7105330005,케이엔더블유,KOSDAQ,중견기업부,9250,2,-20,-0.22,9270,9360,8990,26828,243871990,148180560000,16019520,KSQ
289930,KR7289930000,웨이비스,KOSDAQ,기술성장기업부,11250,1,390,3.59,11290,12400,11070,204260,2353016220,147926362500,13149010,KSQ
00279K,KR700279K010,아모레퍼시픽홀딩스3우C,KOSPI,,20850,3,0,0.0,20850,21150,20400,7103,147509900,147872370000,7092200,STK
106190,KR7106190002,하이텍팜,KOSDAQ,우량기업부,13890,1,80,0.58,13820,13990,13660,20708,286396560,147694772970,10633173,KSQ
011280,KR7011280005,태림포장,KOSPI,,2085,2,-5,-0.24,2090,2155,2015,163039,337378534,147630384900,70805940,STK
282880,KR7282880004,코윈테크,KOSDAQ,우량기업부,12600,2,-130,-1.02,12730,13000,12500,29368,370983870,147345433200,11694082,KSQ
054800,KR7054800008,아이디스홀딩스,KOSDAQ,중견기업부,14230,1,200,1.43,14100,14290,14020,8475,119684440,147248567880,10347756,KSQ
056090,KR7056090004,시지메드텍,KOSDAQ,벤처기업부,1421,1,163,12.96,1253,1504,1247,3821925,5399456251,146731090156,103259036,KSQ
047310,KR7047310008,파워로직스,KOSDAQ,우량기업부,4000,2,-45,-1.11,4080,4120,3995,136903,551200735,146443020000,36610755,KSQ
039560,KR7039560008,다산네트웍스,KOSDAQ,중견기업부,3400,2,-30,-0.87,3495,3555,3375,296069,1023505337,145820791200,42888468,KSQ
004970,KR7004970000,신라교역,KOSPI,,9110,3,0,0.0,9050,9140,9050,4662,42406765,145760000000,16000000,STK
005990,KR7005990007,매일홀딩스,KOSDAQ,우량기업부,10940,1,90,0.83,10770,10980,10510,2970,31759120,145483445760,13298304,KSQ
317400,KR7317400000,자이에스앤디,KOSPI,,3750,1,80,2.18,3710,3835,3655,105026,395635194,145434450000,38782520,STK
018470,KR7018470005,조일알미늄,KOSPI,,1146,1,16,1.42,1132,1151,1128,541561,616536020,145119952266,126631721,STK
037030,KR7037030004,파워넷,KOSDAQ,우량기업부,5670,2,-300,-5.03,5990,6030,5600,546619,3156747010,144658664640,25512992,KSQ
260970,KR7260970009,에스앤디,KOSDAQ,우량기업부,50000,1,300,0.6,49150,51000,49150,14681,732060600,144637700000,2892754,KSQ
264660,KR7264660002,씨앤지하이테크,KOSDAQ,우량기업부,14860,2,-530,-3.44,15450,15650,14830,66793,1003228540,144456615920,9721172,KSQ
002220,KR7002220002,한일철강,KOSPI,,5380,2,-270,-4.78,5540,5550,5150,218504,1166042260,143632334800,26697460,STK
004150,KR7004150009,한솔홀딩스,KOSPI,,3500,2,-140,-3.85,3650,3685,3500,275626,980420109,143593170000,41026620,STK
094280,KR7094280005,효성ITX,KOSPI,,12340,1,130,1.06,12210,12450,12210,18468,227314390,142628188000,11558200,STK
023600,KR7023600000,삼보판지,KOSDAQ,우량기업부,8890,1,110,1.25,8800,8990,8720,13509,119325790,142313787000,16008300,KSQ
001540,KR7001540004,안국약품,KOSDAQ,우량기업부,10910,2,-310,-2.76,11290,11380,10800,99677,1096425455,142292802200,13042420,KSQ
049720,KR7049720006,고려신용정보,KOSDAQ,우량기업부,9930,1,50,0.51,9880,9960,9820,27336,270668250,141999000000,14300000,KSQ
473980,KR7473980001,노머스,KOSDAQ,기술성장기업부,12830,2,-610,-4.54,13440,13440,12710,50019,645463490,141891101260,11059322,KSQ
032940,KR7032940009,원익,KOSDAQ,우량기업부,7790,2,-820,-9.52,8610,8610,7750,257911,2067138990,141725261700,18193230,KSQ
163730,KR7163730005,핑거,KOSDAQ,벤처기업부,15000,1,560,3.88,14510,15090,14440,61707,914159895,141098520000,9406568,KSQ
209640,KR7209640002,와이제이링크,KOSDAQ,중견기업부,4960,1,170,3.55,4795,5210,4790,677530,3407919108,141078004160,28443146,KSQ
166480,KR7166480004,코아스템켐온,KOSDAQ,벤처기업부,2665,1,85,3.29,2630,2665,2570,126270,329097994,140899552040,52870376,KSQ
205500,KR7205500002,넥써쓰,KOSDAQ,중견기업부,2195,1,90,4.28,2135,2210,1995,568590,1215484726,140726057305,64112099,KSQ
221800,KR7221800006,지구홀딩스,KOSDAQ,투자주의환기종목(소속부없음),8610,1,560,6.96,8070,8690,8000,47622,397685665,140505307110,16318851,KSQ
297890,KR7297890006,HB솔루션,KOSDAQ,우량기업부,1920,2,-37,-1.89,1957,2015,1917,235037,460008565,140430554880,73140914,KSQ
331920,KR7331920009,셀레믹스,KOSDAQ,기술성장기업부,14290,2,-390,-2.66,14680,15280,14020,42184,600276605,139998801330,9796977,KSQ
009070,KR7009070004,KCTC,KOSPI,,4665,1,155,3.44,4580,4670,4510,118660,546425530,139950000000,30000000,STK
272550,KR7272550005,삼양패키징,KOSPI,,9270,1,20,0.22,9160,9270,9100,37450,343839510,139684123620,15068406,STK
015890,KR7015890007,태경산업,KOSPI,,4765,2,-10,-0.21,4835,4835,4745,15942,75925420,139274993750,29228750,STK
322510,KR7322510009,제이엘케이,KOSDAQ,기술성장기업부,5410,1,330,6.5,5120,5520,5120,234065,1257320795,139177075720,25725892,KSQ
095700,KR7095700001,제넥신,KOSDAQ,기술성장기업부,3050,1,55,1.84,2995,3085,2960,128288,386291098,138898506700,45540494,KSQ
017510,KR7017510009,세명전기,KOSDAQ,벤처기업부,9090,1,160,1.79,8970,9170,8830,263948,2384371470,138586140000,15246000,KSQ
037350,KR7037350006,성도이엔지,KOSDAQ,우량기업부,9090,2,-350,-3.71,9450,9490,9000,134927,1239064350,138258900000,15210000,KSQ
002460,KR7002460004,HS화성,KOSPI,,13620,2,-50,-0.37,13670,13850,13140,21070,286334890,138243000000,10150000,STK
474610,KR7474610003,RF시스템즈,KOSDAQ,벤처기업부,9640,1,1300,15.59,8500,10500,8500,1776317,17473652890,137925726720,14307648,KSQ
002780,KR7002780005,진흥기업,KOSPI,,948,1,44,4.87,904,1031,901,3822750,3710301390,137907214260,145471745,STK
086890,KR7086890001,이수앱지스,KOSDAQ,중견기업부,3380,2,-150,-4.25,3535,3550,3375,110741,382258104,137818317000,40774650,KSQ
204610,KR7204610000,티쓰리,KOSDAQ,벤처기업부,2480,2,-55,-2.17,2525,2585,2400,165494,413121016,137692625600,55521220,KSQ
001360,KR7001360007,삼성제약,KOSPI,,1462,1,32,2.24,1435,1469,1430,419324,607658444,137664959498,94162079,STK
217950,KR7217950005,파마리서치바이오,KONEX,일반기업부,32850,2,-100,-0.3,33300,33950,32500,201,6673700,137419434000,4183240,KNX
101970,KR7101970002,우양에이치씨,KOSDAQ,중견기업부,9290,2,-140,-1.48,9210,9480,9000,16010,147515040,137399183610,14790009,KSQ
014280,KR7014280002,금강공업,KOSPI,,4670,1,145,3.2,4525,4690,4510,91246,418609860,136968097190,29329357,STK
293780,KR7293780003,압타바이오,KOSDAQ,기술성장기업부,4870,2,-35,-0.71,4935,5500,4810,348164,1781777660,136814882350,28093405,KSQ
469610,KR7469610000,이노테크,KOSDAQ,중견기업부,15240,1,10,0.07,15470,15470,14990,20622,311943590,136289796000,8942900,KSQ
210540,KR7210540001,디와이파워,KOSPI,,12340,2,-310,-2.45,12650,12740,12210,130513,1619280360,136254676720,11041708,STK
222040,KR7222040008,코스맥스엔비티,KOSDAQ,중견기업부,6600,1,140,2.17,6550,6720,6450,55276,365345760,136144800000,20628000,KSQ
142210,KR7142210004,유니트론텍,KOSDAQ,우량기업부,6560,2,-370,-5.34,6930,7000,6530,371409,2467124545,136129203680,20751403,KSQ
021080,KR7021080007,에이티넘인베스트,KOSDAQ,우량기업부,2835,2,-80,-2.74,2925,2940,2830,479622,1370070516,136080000000,48000000,KSQ
004960,KR7004960001,한신공영,KOSPI,,11730,1,310,2.71,11420,12450,11300,118412,1413822580,135724334460,11570702,STK
037070,KR7037070000,파세코,KOSDAQ,중견기업부,6780,2,-170,-2.45,6950,7100,6760,132123,903296645,135600000000,20000000,KSQ
453450,KR7453450009,그리드위즈,KOSDAQ,중견기업부,17070,1,410,2.46,16690,17760,16500,68311,1168447615,135582742500,7942750,KSQ
307750,KR7307750000,국전,KOSDAQ,중견기업부,2510,3,0,0.0,2500,2545,2465,115970,290014965,135505582880,53986288,KSQ
136540,KR7136540002,윈스테크넷,KOSDAQ,우량기업부,11000,1,470,4.46,10600,11060,10570,43590,475555255,135077206000,12279746,KSQ
019180,KR7019180009,티에이치엔,KOSPI,,7500,1,140,1.9,7410,7770,7350,290530,2174584755,135000000000,18000000,STK
101170,KR7101170009,우림피티에스,KOSDAQ,벤처기업부,10000,1,60,0.6,9920,10450,9680,168778,1684346910,135000000000,13500000,KSQ
214420,KR7214420002,토니모리,KOSPI,,5610,2,-70,-1.23,5680,5770,5570,60368,339545870,134947422390,24054799,STK
321550,KR7321550006,티움바이오,KOSDAQ,기술성장기업부,4460,1,20,0.45,4455,4580,4240,304490,1347720747,133971598500,30038475,KSQ
108230,KR7108230004,톱텍,KOSDAQ,우량기업부,3520,2,-70,-1.95,3695,3695,3495,68530,241973637,133841822400,38023245,KSQ
013990,KR7013990007,아가방컴퍼니,KOSDAQ,우량기업부,4060,2,-80,-1.93,4170,4185,4060,52967,216637755,133523396160,32887536,KSQ
089470,KR7089470009,HDC현대EP,KOSPI,,4185,2,-145,-3.35,4295,4365,4160,101272,433604058,133501500000,31900000,STK
0011A0,KR70011A0009,액스비스,KOSDAQ,벤처기업부,14270,1,30,0.21,14340,14510,13910,94245,1342175535,133192469800,9333740,KSQ
095190,KR7095190005,신화프리텍,KOSDAQ,중견기업부,2040,1,53,2.67,1986,2060,1971,80336,161687892,133131342480,65260462,KSQ
408920,KR7408920007,메쎄이상,KOSDAQ,우량기업부,3075,2,-15,-0.49,3190,3190,3000,27915,85120945,132939799125,43232455,KSQ
069510,KR7069510006,에스텍,KOSDAQ,우량기업부,12180,1,120,1.0,12260,12430,12010,16708,203135620,132883800000,10910000,KSQ
009270,KR7009270000,신원,KOSPI,,1154,2,-6,-0.52,1163,1170,1130,435768,501230768,132445033522,114770393,STK
158430,KR7158430009,아톤,KOSDAQ,벤처기업부,5400,3,0,0.0,5430,5530,5330,164370,889639835,132203296800,24482092,KSQ
269620,KR7269620001,시스웍,KOSDAQ,관리종목(소속부없음),889,0,0,0.0,0,0,0,0,0,132090012299,148582691,KSQ
300080,KR7300080009,플리토,KOSDAQ,기술성장기업부,8000,2,-150,-1.84,8200,8250,7860,75252,599947930,132043608000,16505451,KSQ
078000,KR7078000007,텔코웨어,KOSPI,,14290,3,0,0.0,14010,14380,14010,4569,64576800,132040700330,9240077,STK
047770,KR7047770003,코데즈컴바인,KOSDAQ,중견기업부,3485,2,-100,-2.79,3580,3780,3455,4720299,17037902985,131881467970,37842602,KSQ
217270,KR7217270008,넵튠,KOSDAQ,중견기업부,2820,2,-5,-0.18,2830,2850,2650,44015,122069920,131794513260,46735643,KSQ
107590,KR7107590002,미원홀딩스,KOSPI,,56800,3,0,0.0,56800,58000,56800,43,2459300,131776000000,2320000,STK
079430,KR7079430005,현대리바트,KOSPI,,6530,1,50,0.77,6550,6690,6480,84513,553839315,131345739060,20114202,STK
059120,KR7059120006,아진엑스텍,KOSDAQ,벤처기업부,7170,2,-90,-1.24,7320,7680,7100,259474,1882360145,131283173220,18310066,KSQ
214390,KR7214390007,경보제약,KOSPI,,5490,2,-200,-3.51,5650,5790,5450,62809,348958255,131248661400,23906860,STK
008040,KR7008040008,사조동아원,KOSPI,,926,2,-14,-1.49,935,946,925,265538,247008064,130699899600,141144600,STK
013520,KR7013520002,화승코퍼레이션,KOSPI,,2600,1,110,4.42,2550,2620,2475,147262,376262970,130133255200,50051252,STK
004080,KR7004080008,신흥,KOSPI,,13800,1,40,0.29,13760,13880,13670,2055,28342850,129720000000,9400000,STK
333430,KR7333430007,일승,KOSDAQ,중견기업부,4200,1,100,2.44,4095,4210,4065,43165,178963539,129052337400,30726747,KSQ
070960,KR7070960000,모나용평,KOSPI,,2670,1,165,6.59,2500,2670,2500,41600,107521150,128515999110,48133333,STK
122450,KR7122450000,KX,KOSDAQ,중견기업부,2855,2,-10,-0.35,2945,2945,2830,53659,153271395,127960626070,44819834,KSQ
321370,KR7321370009,센서뷰,KOSDAQ,기술성장기업부,2475,2,-10,-0.4,2545,2685,2425,1233745,3125820547,127870642350,51664906,KSQ
452190,KR7452190002,한빛레이저,KOSDAQ,벤처기업부,5330,2,-10,-0.19,5530,5680,5250,339683,1836333135,127496568810,23920557,KSQ
350520,KR7350520003,이지스레지던스리츠,KOSPI,,3450,2,-10,-0.29,3465,3490,3430,74699,258824543,127188396900,36866202,STK
263860,KR7263860009,지니언스,KOSDAQ,벤처기업부,14000,2,-410,-2.85,14410,14500,13950,30270,427222855,127114400000,9079600,KSQ
0117P0,KR70117P0005,피스피스스튜디오,KOSDAQ,중견기업부,8970,2,-1060,-10.57,9900,10230,8950,1042200,9883382035,127095131670,14168911,KSQ
024090,KR7024090003,디씨엠,KOSPI,,11140,1,20,0.18,11120,11240,11120,1794,20064610,126996000000,11400000,STK
148150,KR7148150006,세경하이테크,KOSDAQ,우량기업부,3570,2,-5,-0.14,3575,3635,3550,66393,237082560,126887860260,35542818,KSQ
396300,KR7396300006,세아메카닉스,KOSDAQ,우량기업부,4790,1,280,6.21,4510,5190,4495,1878660,9409622175,126884705000,26489500,KSQ
003100,KR7003100005,선광,KOSDAQ,우량기업부,19200,1,400,2.13,18960,19380,18920,14529,277370500,126720000000,6600000,KSQ
067990,KR7067990002,도이치모터스,KOSDAQ,우량기업부,4340,1,100,2.36,4290,4390,4235,97468,419188095,126647927000,29181550,KSQ
010100,KR7010100006,한국무브넥스,KOSPI,,4135,1,5,0.12,4195,4225,4105,329878,1368742988,125912486700,30450420,STK
016740,KR7016740003,두올,KOSPI,,4385,2,-30,-0.68,4400,4500,4370,11783,51896700,125735595240,28674024,STK
036690,KR7036690006,코맥스,KOSDAQ,관리종목(소속부없음),2885,0,0,0.0,0,0,0,0,0,125692107675,43567455,KSQ
014710,KR7014710008,사조씨푸드,KOSPI,,7210,2,-90,-1.23,7430,7440,7100,9702,69494830,124145695030,17218543,STK
007540,KR7007540008,샘표,KOSPI,,43100,1,250,0.58,43200,43300,42700,1692,72741175,123946980000,2875800,STK
306620,KR7306620006,지아이에스,KOSDAQ,벤처기업부,2585,3,0,0.0,2600,2725,2550,638761,1679759780,123930545640,47942184,KSQ
290740,KR7290740000,액트로,KOSDAQ,벤처기업부,12290,1,690,5.95,11780,12400,11550,54860,658014420,123698985190,10065011,KSQ
340450,KR7340450006,지씨지놈,KOSDAQ,기술성장기업부,5210,2,-110,-2.07,5270,5360,5140,84392,441422920,123220631530,23650793,KSQ
005800,KR7005800008,신영와코루,KOSPI,,13680,1,170,1.26,13640,13680,13460,3116,42153390,123120000000,9000000,STK
027710,KR7027710003,팜스토리,KOSDAQ,우량기업부,1105,1,47,4.44,1058,1123,1055,947367,1040058709,123115343000,111416600,KSQ
240550,KR7240550004,동방메디컬,KOSDAQ,중견기업부,5880,2,-120,-2.0,6050,6130,5830,100672,594713795,123091567200,20933940,KSQ
080420,KR7080420003,모다이노칩,KOSDAQ,중견기업부,1544,2,-6,-0.39,1606,1606,1515,8142,12458856,123090184368,79721622,KSQ
115310,KR7115310005,인포바인,KOSDAQ,벤처기업부,7710,2,-340,-4.22,7990,7990,7610,13583,105252340,123085639650,15964415,KSQ
950190,KR8344390008,고스트스튜디오,KOSDAQ,외국기업(소속부없음),9450,1,70,0.75,9400,9460,9230,56584,530156950,123011207550,13017059,KSQ
008830,KR7008830002,대동기어,KOSDAQ,중견기업부,13670,2,-380,-2.7,14200,14440,13580,84114,1167244375,122859398400,8987520,KSQ
013310,KR7013310008,아진산업,KOSDAQ,우량기업부,3165,1,85,2.76,3200,3215,3105,355376,1123208595,122822832030,38806582,KSQ
338220,KR7338220007,뷰노,KOSDAQ,기술성장기업부,8770,1,20,0.23,9120,9360,8580,67069,585246560,122795987710,14001823,KSQ
256940,KR7256940008,킵스파마,KOSDAQ,벤처기업부,6110,2,-120,-1.93,6230,6340,6030,37604,230410230,122677478170,20078147,KSQ
021820,KR7021820006,세원정공,KOSPI,,12240,1,140,1.16,12100,12720,12090,20477,251308380,122400000000,10000000,STK
054540,KR7054540000,삼영엠텍,KOSDAQ,우량기업부,9400,1,180,1.95,9450,9990,9000,219033,2091890185,122200000000,13000000,KSQ
012800,KR7012800009,대창,KOSPI,,1335,1,25,1.91,1311,1342,1295,455814,603487471,121672566165,91140499,STK
212560,KR7212560007,네오오토,KOSDAQ,우량기업부,10250,1,80,0.79,10330,10550,10080,67991,697943500,121075470250,11812241,KSQ
0004V0,KR70004V0003,엔비알모션,KOSDAQ,기술성장기업부,11620,1,20,0.17,11600,11950,10910,518531,5915091055,120899918160,10404468,KSQ
123040,KR7123040008,엠에스오토텍,KOSDAQ,중견기업부,1926,1,15,0.78,1914,1933,1886,162715,311363137,120622103874,62628299,KSQ
089600,KR7089600001,KT나스미디어,KOSDAQ,우량기업부,10420,2,-80,-0.76,10410,10560,10410,7854,82193460,120540258460,11568163,KSQ
267290,KR7267290005,경동도시가스,KOSPI,,20400,1,100,0.49,20300,20850,20300,65874,1348060175,120266282400,5895406,STK
053700,KR7053700001,삼보모터스,KOSDAQ,우량기업부,4505,1,20,0.45,4550,4610,4405,216764,973001616,119960595115,26628323,KSQ
090850,KR7090850009,현대이지웰,KOSDAQ,우량기업부,5330,3,0,0.0,5330,5390,5240,22305,118033170,119807222990,22477903,KSQ
016710,KR7016710006,대성홀딩스,KOSPI,,7420,1,140,1.92,7300,7450,7250,12346,90489170,119383785780,16089459,STK
012320,KR7012320008,경동인베스트,KOSPI,,50400,1,400,0.8,50800,51400,49850,4768,240341250,119197159200,2365023,STK
156100,KR7156100000,엘앤케이바이오,KOSDAQ,벤처기업부,5330,1,100,1.91,5150,5420,5110,73307,387408370,119131645490,22351153,KSQ
088130,KR7088130000,동아엘텍,KOSDAQ,우량기업부,6800,1,120,1.8,6730,7020,6720,106451,725008955,118900135200,17485314,KSQ
020120,KR7020120002,키다리스튜디오,KOSPI,,3205,1,5,0.16,3200,3260,3160,62234,198689003,118789370030,37063766,STK
311320,KR7311320006,지오엘리먼트,KOSDAQ,기술성장기업부,9410,1,530,5.97,8870,9900,8570,374362,3515227890,118703009600,12614560,KSQ
063570,KR7063570006,NICE인프라,KOSDAQ,우량기업부,3475,1,25,0.72,3450,3475,3415,39547,136125688,118663354800,34147728,KSQ
235980,KR7235980000,메드팩토,KOSDAQ,기술성장기업부,3460,3,0,0.0,3510,3510,3200,97174,332020267,118591918660,34275121,KSQ
365330,KR7365330000,에스와이스틸텍,KOSDAQ,우량기업부,2355,1,10,0.43,2325,2490,2260,733181,1749043074,118152705000,50171000,KSQ
068790,KR7068790005,DMS,KOSDAQ,우량기업부,5230,2,-90,-1.69,5370,5370,5180,37157,194047485,118042271520,22570224,KSQ
357580,KR7357580000,아모센스,KOSDAQ,기술성장기업부,10000,1,460,4.82,9700,10420,9390,302679,3005274760,117897620000,11789762,KSQ
37550L,KR737550K029,DL이앤씨2우(전환),KOSPI,,55800,1,6700,13.65,49150,55800,49100,16026,854581650,117846865800,2111951,STK
336680,KR7336680004,탑런토탈솔루션,KOSDAQ,중견기업부,3010,2,-15,-0.5,3000,3045,2990,7626,22953562,117828129580,39145558,KSQ
015590,KR7015590003,DKME,KOSPI,,2205,1,90,4.26,2115,2285,2005,330989,703597999,117738859140,53396308,STK
475580,KR7475580007,에이럭스,KOSDAQ,벤처기업부,8640,1,350,4.22,8290,8870,8290,134524,1160847630,117719136000,13624900,KSQ
035000,KR7035000009,HS애드,KOSPI,,7260,1,20,0.28,7240,7360,7240,31249,227837150,117667495440,16207644,STK
192410,KR7192410009,오늘이엔엠,KOSDAQ,중견기업부,4670,2,-110,-2.3,4780,4890,4430,89349,417434305,117618195030,25185909,KSQ
339950,KR7339950008,아이비김영,KOSDAQ,우량기업부,2615,2,-15,-0.57,2630,2665,2585,54591,142910197,117535502825,44946655,KSQ
323990,KR7323990002,박셀바이오,KOSDAQ,기술성장기업부,5050,2,-40,-0.79,5080,5170,4945,73916,370612600,117449592250,23257345,KSQ
054920,KR7054920004,한컴위드,KOSDAQ,중견기업부,4145,2,-55,-1.31,4270,4380,4125,260727,1096839581,116959800745,28217081,KSQ
006620,KR7006620009,동구바이오제약,KOSDAQ,우량기업부,4105,1,5,0.12,4105,4195,4010,61601,252228090,116848792160,28464992,KSQ
027970,KR7027970003,한국제지,KOSPI,,614,2,-1,-0.16,615,616,610,31242,19175763,116752542080,190150720,STK
054050,KR7054050000,NH농우바이오,KOSDAQ,우량기업부,7280,1,20,0.28,7270,7300,7240,33655,244536040,116702484080,16030561,KSQ
002450,KR7002450005,삼익악기,KOSPI,,1287,2,-11,-0.85,1298,1323,1269,163923,211369085,116513287605,90530915,STK
067900,KR7067900001,와이엔텍,KOSDAQ,우량기업부,6400,2,-10,-0.16,6410,6460,6310,16979,108048880,116477817600,18199659,KSQ
034590,KR7034590000,인천도시가스,KOSPI,,26600,1,150,0.57,26200,26600,26200,1346,35628750,116368456400,4374754,STK
396270,KR7396270001,넥스트칩,KOSDAQ,벤처기업부,3535,2,-10,-0.28,3555,3640,3455,154680,542004317,116257068585,32887431,KSQ
048550,KR7048550008,SM C&C,KOSDAQ,중견기업부,1201,1,2,0.17,1203,1288,1090,2297387,2761449373,116154258620,96714620,KSQ
025620,KR7025620006,차AI헬스케어,KOSPI,,6380,2,-60,-0.93,6400,6910,6310,24567,159775265,116141347740,18203973,STK
041590,KR7041590001,플래스크,KOSDAQ,관리종목(소속부없음),2370,0,0,0.0,0,0,0,0,0,116064014460,48972158,KSQ
950250,KR8826050005,테라뷰,KOSDAQ,기술성장기업부,3265,1,35,1.08,3230,3500,3180,245282,810038972,115965391715,35517731,KSQ
049520,KR7049520000,유아이엘,KOSDAQ,우량기업부,3755,1,25,0.67,3705,3780,3705,45253,168997102,115814056875,30842625,KSQ
310200,KR7310200001,애니플러스,KOSDAQ,중견기업부,2220,2,-10,-0.45,2230,2255,2210,52801,117506744,115801495920,52162836,KSQ
002620,KR7002620003,제일파마홀딩스,KOSPI,,7240,2,-110,-1.5,7320,7400,7240,2468,18015870,115647090200,15973355,STK
021320,KR7021320007,KCC건설,KOSDAQ,우량기업부,5400,1,130,2.47,5300,5720,5170,71987,386903470,115560000000,21400000,KSQ
172670,KR7172670002,에이엘티,KOSDAQ,벤처기업부,12880,2,-50,-0.39,13220,13470,12830,37954,494461680,115408135920,8960259,KSQ
009580,KR7009580002,무림P&P,KOSPI,,1850,1,14,0.76,1831,1880,1831,80503,149287623,115381399400,62368324,STK
071280,KR7071280002,로체시스템즈,KOSDAQ,우량기업부,7540,2,-170,-2.2,7800,7940,7480,62792,481232400,115336386620,15296603,KSQ
083420,KR7083420000,그린케미칼,KOSPI,,4800,3,0,0.0,4800,4835,4710,68242,325426524,115200000000,24000000,STK
004250,KR7004250007,NPC,KOSPI,,3135,2,-60,-1.88,3210,3245,3135,28265,89361360,115117200000,36720000,STK
062970,KR7062970009,한국첨단소재,KOSDAQ,중견기업부,2015,2,-5,-0.25,2070,2150,1985,2522685,5149377358,115033557210,57088614,KSQ
290720,KR7290720002,푸드나무,KOSDAQ,중견기업부,3240,2,-160,-4.71,3395,3400,3150,89140,289160400,114889593240,35459751,KSQ
203400,KR7203400007,에이비온,KOSDAQ,기술성장기업부,1268,1,8,0.63,1262,1316,1219,616923,784451476,114248453472,90101304,KSQ
014530,KR7014530000,극동유화,KOSPI,,3275,1,10,0.31,3255,3355,3250,121920,401861534,114197350500,34869420,STK
33626K,KR733626K013,두산퓨얼셀1우,KOSPI,,8540,1,130,1.55,8500,8800,8280,29191,245972040,114130268000,13364200,STK
120030,KR7120030002,조선선재,KOSPI,,90400,1,400,0.44,89300,90900,89300,1271,114369400,113691650400,1257651,STK
018120,KR7018120006,진로발효,KOSDAQ,우량기업부,17170,2,-100,-0.58,17270,17270,17140,3802,65261855,113684630400,6621120,KSQ
040160,KR7040160004,누리플렉스,KOSDAQ,중견기업부,9430,2,-220,-2.28,9580,9710,9210,28323,266382000,113683695050,12055535,KSQ
417500,KR7417500006,제이아이테크,KOSDAQ,우량기업부,3455,2,-75,-2.12,3515,3575,3415,182555,636235547,113271290520,32784744,KSQ
051160,KR7051160000,지어소프트,KOSDAQ,중견기업부,7310,3,0,0.0,7250,7370,7190,24651,179126830,113118083300,15474430,KSQ
014580,KR7014580005,태경비케이,KOSPI,,4095,2,-5,-0.12,4100,4160,4065,42116,172072805,112952794500,27583100,STK
115440,KR7115440000,우리넷,KOSDAQ,우량기업부,10460,2,-290,-2.7,10850,11350,10370,176132,1895848600,112908294320,10794292,KSQ
228850,KR7228850004,레이언스,KOSDAQ,우량기업부,6800,3,0,0.0,6810,6970,6730,32597,223748630,112818895200,16591014,KSQ
307930,KR7307930008,컴퍼니케이,KOSDAQ,중견기업부,7220,2,-50,-0.69,7270,7590,7160,108374,795662965,112704200000,15610000,KSQ
104460,KR7104460001,디와이피엔에프,KOSDAQ,우량기업부,10680,2,-120,-1.11,10800,11000,10420,19753,211911850,112333318680,10518101,KSQ
381620,KR7381620004,제닉스로보틱스,KOSDAQ,중견기업부,8560,2,-200,-2.28,8950,9090,8300,130090,1130749900,112289395200,13117920,KSQ
123690,KR7123690000,한국화장품,KOSPI,,6980,2,-10,-0.14,7000,7090,6900,50189,350390110,112154640000,16068000,STK
073560,KR7073560005,우리손에프앤지,KOSDAQ,우량기업부,1619,2,-7,-0.43,1613,1633,1606,97543,157610020,112095744017,69237643,KSQ
109610,KR7109610006,에스와이,KOSDAQ,중견기업부,2290,1,20,0.88,2270,2370,2240,205731,471887087,111997946000,48907400,KSQ
149980,KR7149980005,하이로닉,KOSDAQ,중견기업부,5280,3,0,0.0,5360,5360,5150,28286,146965510,111906236640,21194363,KSQ
322180,KR7322180001,LS티라유텍,KOSDAQ,벤처기업부,5340,2,-90,-1.66,5430,5550,5300,100950,542574125,111723394560,20921984,KSQ
040300,KR7040300006,YTN,KOSDAQ,중견기업부,2340,2,-15,-0.64,2390,2390,2320,42765,100438445,111564133200,47676980,KSQ
263720,KR7263720005,디앤씨미디어,KOSDAQ,우량기업부,8980,2,-140,-1.54,9050,9240,8970,12050,108809680,111465067180,12412591,KSQ
002390,KR7002390003,한독,KOSPI,,8080,2,-20,-0.25,8130,8150,7980,2926,23511975,111209346640,13763533,STK
227840,KR7227840006,현대코퍼레이션홀딩스,KOSPI,,12210,1,90,0.74,12180,12270,12080,15236,185754335,111121207560,9100836,STK
475230,KR7475230009,엔알비,KOSDAQ,벤처기업부,10170,2,-490,-4.6,10660,10790,9980,67249,683746675,110839606110,10898683,KSQ
025950,KR7025950007,동신건설,KOSDAQ,우량기업부,13180,1,880,7.15,12320,15490,12030,638099,9227400865,110712000000,8400000,KSQ
323350,KR7323350009,다원넥스뷰,KOSDAQ,기술성장기업부,13800,2,-300,-2.13,14170,14370,12900,52109,717119270,110548653600,8010772,KSQ
396470,KR7396470007,워트,KOSDAQ,중견기업부,6850,2,-200,-2.84,7090,7160,6850,70747,492299610,110422000000,16120000,KSQ
451220,KR7451220008,아이엠티,KOSDAQ,기술성장기업부,14000,1,190,1.38,13730,14110,13460,89874,1245487085,110244554000,7874611,KSQ
004100,KR7004100004,태양금속,KOSPI,,3000,2,-40,-1.32,3040,3080,2965,496023,1494254045,110100000000,36700000,STK
100130,KR7100130004,동국S&C,KOSDAQ,중견기업부,1925,1,277,16.81,1648,2140,1609,6122975,12403997724,110000275000,57143000,KSQ
052260,KR7052260007,현대바이오랜드,KOSDAQ,우량기업부,3665,3,0,0.0,3665,3685,3640,21705,79316235,109950000000,30000000,KSQ
007210,KR7007210008,벽산,KOSPI,,1682,1,38,2.31,1644,1683,1636,138232,229991699,109935520000,65360000,STK
044990,KR7044990000,에이치엔에스하이텍,KOSDAQ,기술성장기업부,14300,1,50,0.35,14310,15100,14120,34142,493986670,109901577500,7685425,KSQ
366030,KR7366030005,공구우먼,KOSDAQ,중견기업부,4850,2,-65,-1.32,4920,5100,4820,36236,177333320,109871172500,22653850,KSQ
382840,KR7382840007,원준,KOSDAQ,중견기업부,7190,2,-150,-2.04,7390,7530,7150,68294,497179245,109802667390,15271581,KSQ
282720,KR7282720002,금양그린파워,KOSDAQ,중견기업부,9040,1,730,8.78,8310,9800,8210,635671,5903323275,109560280000,12119500,KSQ
011810,KR7011810009,STX,KOSPI,,3530,0,0,0.0,0,0,0,0,0,109493282310,31017927,STK
009780,KR7009780008,엠에스씨,KOSDAQ,우량기업부,6220,2,-30,-0.48,6200,6300,6160,6392,39923020,109472000000,17600000,KSQ
041520,KR7041520008,이엘씨,KOSDAQ,투자주의환기종목(소속부없음),8980,2,-220,-2.39,9500,9500,8980,19425,178832390,109454795400,12188730,KSQ
013570,KR7013570007,디와이,KOSPI,,4155,1,45,1.09,4125,4250,4100,94238,391785465,109358075115,26319633,STK
487580,KR7487580003,폴레드,KOSDAQ,벤처기업부,4335,1,425,10.87,3885,4750,3870,3991139,17535557001,109167702435,25182861,KSQ
229500,KR7229500004,노브메타파마,KONEX,일반기업부,8500,2,-590,-6.49,9700,9790,8420,6363,57131700,109153209000,12841554,KNX
078890,KR7078890001,가온그룹,KOSDAQ,중견기업부,5900,1,40,0.68,5910,6030,5800,305878,1805624760,108707163700,18424943,KSQ
457370,KR7457370005,한켐,KOSDAQ,중견기업부,13480,2,-190,-1.39,14110,14900,13190,1340922,18923218040,108677566320,8062134,KSQ
086960,KR7086960002,MDS테크,KOSDAQ,우량기업부,2580,3,0,0.0,2585,2700,2550,467731,1219640083,108657004440,42115118,KSQ
129920,KR7129920005,대성하이텍,KOSDAQ,벤처기업부,6670,1,960,16.81,5720,7420,5720,1006432,6869310580,108378802320,16248696,KSQ
205100,KR7205100001,엑셈,KOSDAQ,벤처기업부,1532,2,-73,-4.55,1598,1640,1528,1382985,2133178607,108291600036,70686423,KSQ
047560,KR7047560008,이스트소프트,KOSDAQ,중견기업부,9210,2,-170,-1.81,9390,9640,9110,90715,837498865,108245885220,11753082,KSQ
107600,KR7107600009,새빗켐,KOSDAQ,벤처기업부,19170,2,-530,-2.69,19590,19610,19100,12480,239980720,108137088180,5640954,KSQ
389030,KR7389030008,지니너스,KOSDAQ,기술성장기업부,2760,2,-10,-0.36,2770,2855,2700,155431,426358931,107761555920,39044042,KSQ
234030,KR7234030005,싸이닉솔루션,KOSDAQ,중견기업부,4560,2,-120,-2.56,4675,4755,4510,61383,283327330,107638800000,23605000,KSQ
074430,KR7074430000,아미노로직스,KOSDAQ,중견기업부,1224,1,3,0.25,1233,1243,1209,115640,141020586,107500057056,87826844,KSQ
065450,KR7065450009,빅텍,KOSDAQ,벤처기업부,3640,1,180,5.2,3465,4045,3465,3698198,14132264334,107364722920,29495803,KSQ
267850,KR7267850006,아시아나IDT,KOSPI,,9670,2,-30,-0.31,9700,9750,9300,9502,91291790,107337000000,11100000,STK
093640,KR7093640001,케이알엠,KOSDAQ,벤처기업부,3280,1,25,0.77,3380,3625,3220,108376,362487936,107175462880,32675446,KSQ
214680,KR7214680001,디알텍,KOSDAQ,벤처기업부,1281,2,-25,-1.91,1330,1360,1270,236013,306080200,106934108736,83477056,KSQ
217820,KR7217820000,원익피앤이,KOSDAQ,중견기업부,2250,2,-80,-3.43,2330,2350,2230,258404,585577191,106772757750,47454559,KSQ
309960,KR7309960003,LB인베스트먼트,KOSDAQ,중견기업부,4585,1,65,1.44,4485,4625,4485,13717,62518699,106451040815,23217239,KSQ
248170,KR7248170003,샘표식품,KOSPI,,23300,2,-150,-0.64,23450,23500,23150,6123,142820550,106441063800,4568286,STK
255440,KR7255440000,야스,KOSDAQ,벤처기업부,8150,1,340,4.35,8040,8500,7960,41144,335015125,106422700000,13058000,KSQ
141000,KR7141000000,비아트론,KOSDAQ,벤처기업부,8770,2,-400,-4.36,9170,9330,8760,25356,226713855,106246006700,12114710,KSQ
489460,KR7489460006,바이오비쥬,KOSDAQ,벤처기업부,7050,2,-30,-0.42,7100,7220,6900,79988,563407110,106063231500,15044430,KSQ
250060,KR7250060001,모비스,KOSDAQ,기술성장기업부,3290,2,-20,-0.6,3365,3385,3245,227125,749057794,105843623060,32171314,KSQ
182360,KR7182360008,큐브엔터,KOSDAQ,우량기업부,6800,1,30,0.44,6780,6930,6700,18947,128680120,105738973200,15549849,KSQ
084670,KR7084670009,동양고속,KOSPI,,36450,2,-250,-0.68,36700,37100,35750,54893,1987728500,105543490050,2895569,STK
014790,KR7014790000,HL D&I,KOSPI,,2785,1,40,1.46,2800,2865,2745,111451,311412005,105436203785,37858601,STK
215100,KR7215100009,로보로보,KOSDAQ,벤처기업부,5170,2,-110,-2.08,5330,5400,5150,118653,617662720,105201507180,20348454,KSQ
131030,KR7131030009,옵투스제약,KOSDAQ,우량기업부,5950,2,-150,-2.46,6050,6230,5890,136586,817448050,104997210500,17646590,KSQ
052900,KR7052900008,KX하이텍,KOSDAQ,우량기업부,1435,2,-81,-5.34,1537,1553,1435,2370874,3496690428,104862138535,73074661,KSQ
002230,KR7002230001,피에스텍,KOSDAQ,우량기업부,5600,2,-180,-3.11,5810,5850,5580,109586,623792850,104749792000,18705320,KSQ
001290,KR7001290006,상상인증권,KOSPI,,966,1,20,2.11,952,983,947,229418,221150550,104653657920,108337120,STK
246710,KR7246710008,티앤알바이오팹,KOSDAQ,기술성장기업부,2195,1,95,4.52,2120,2200,2075,122213,262573301,104623586280,47664504,KSQ
136150,KR7136150000,원일티엔아이,KOSDAQ,벤처기업부,12470,1,280,2.3,12220,12480,12000,12278,150185490,104511444100,8381030,KSQ
038540,KR7038540001,상상인,KOSDAQ,중견기업부,1888,2,-2,-0.11,1909,1914,1879,30286,57252255,104459854944,55328313,KSQ
264900,KR7264900002,크라운제과,KOSPI,,8340,1,90,1.09,8370,8450,8220,19127,159702335,104448909000,12523850,STK
039340,KR7039340005,한국경제TV,KOSDAQ,우량기업부,4735,2,-10,-0.21,4705,4785,4690,9650,45645895,104170000000,22000000,KSQ
045970,KR7045970001,코아시아,KOSDAQ,중견기업부,3935,1,5,0.13,3960,4030,3855,60890,238766943,103549037060,26314876,KSQ
331740,KR7331740001,아우토크립트,KOSDAQ,기술성장기업부,10620,1,810,8.26,9810,10750,9800,88600,907953475,103541718420,9749691,KSQ
007610,KR7007610009,선도전기,KOSPI,,5730,2,-70,-1.21,5880,6100,5600,397096,2292424940,103140000000,18000000,STK
049950,KR7049950009,미래컴퍼니,KOSDAQ,중견기업부,11680,2,-270,-2.26,11960,12250,11160,25773,304677920,102992885120,8817884,KSQ
360070,KR7360070007,탑머티리얼,KOSDAQ,중견기업부,12510,2,-50,-0.4,12690,12690,12200,16078,199635460,102432417930,8188043,KSQ
337930,KR7337930002,젝시믹스,KOSDAQ,우량기업부,3450,1,50,1.47,3415,3510,3375,76528,263697127,102383838750,29676475,KSQ
035080,KR7035080001,그래디언트,KOSDAQ,중견기업부,8950,2,-210,-2.29,9390,9390,8890,22475,201843230,102309991800,11431284,KSQ
096240,KR7096240007,크레버스,KOSDAQ,우량기업부,9510,1,70,0.74,9440,9550,9440,28975,275150705,102120091800,10738180,KSQ
067830,KR7067830000,세이브존I&C,KOSPI,,2485,1,45,1.84,2445,2485,2435,31200,76813790,101986624075,41040895,STK
059210,KR7059210005,메타바이오메드,KOSDAQ,우량기업부,3750,1,10,0.27,3770,3770,3670,108545,403248342,101892918750,27171445,KSQ
005860,KR7005860002,한일사료,KOSDAQ,우량기업부,2575,1,70,2.79,2510,2590,2505,459254,1175151808,101464488875,39403685,KSQ
058850,KR7058850009,KTcs,KOSPI,,2445,1,15,0.62,2425,2450,2415,100054,243798430,101233880250,41404450,STK
066980,KR7066980004,한성크린텍,KOSDAQ,벤처기업부,1949,1,133,7.32,1845,1960,1799,1630524,3061434456,101221558625,51935125,KSQ
090470,KR7090470006,제이스로보틱스,KOSDAQ,벤처기업부,5780,2,-20,-0.34,6150,6150,5670,52898,306613640,101014713320,17476594,KSQ
119650,KR7119650000,KC코트렐,KOSPI,,918,0,0,0.0,0,0,0,0,0,100782913662,109785309,STK
067290,KR7067290007,JW신약,KOSDAQ,중견기업부,1798,1,23,1.3,2000,2260,1783,38219540,78860647176,100754711194,56037103,KSQ
094840,KR7094840006,슈프리마에이치큐,KOSDAQ,벤처기업부,10250,2,-610,-5.62,10860,10860,10200,30576,318718650,100512617250,9806109,KSQ
023450,KR7023450000,동남합성,KOSPI,,28700,2,-200,-0.69,28900,29050,28450,2523,72346725,100450000000,3500000,STK
288180,KR7288180003,케이피항공산업,KOSDAQ,중견기업부,13570,1,360,2.73,13740,16400,13050,475149,6943600660,100326565340,7393262,KSQ
100700,KR7100700004,세운메디칼,KOSDAQ,우량기업부,2290,1,35,1.55,2235,2300,2230,78586,178136980,100302000000,43800000,KSQ
456070,KR7456070002,이엔셀,KOSDAQ,기술성장기업부,9090,1,180,2.02,8910,9170,8740,86443,776070700,100258309530,11029517,KSQ
004140,KR7004140000,동방,KOSPI,,2085,1,80,3.99,2010,2085,1999,295144,604392096,100021132110,47971766,STK
047820,KR7047820006,초록뱀미디어,KOSDAQ,중견기업부,4070,2,-90,-2.16,4200,4300,4005,33190,136919375,99527495100,24453930,KSQ
246720,KR7246720007,아스타,KOSDAQ,관리종목(소속부없음),6070,0,0,0.0,0,0,0,0,0,99434491000,16381300,KSQ
078935,KR7078931003,GS우,KOSPI,,55800,1,1300,2.39,55000,56100,53100,7801,433504500,99305920800,1779676,STK
053260,KR7053260006,금강철강,KOSDAQ,우량기업부,5300,1,110,2.12,5290,5480,5150,62736,332421200,99216000000,18720000,KSQ
085670,KR7085670008,뉴프렉스,KOSDAQ,우량기업부,4025,2,-15,-0.37,4090,4125,3995,82551,333022741,98615563025,24500761,KSQ
173130,KR7173130006,오파스넷,KOSDAQ,중견기업부,7550,2,-220,-2.83,7720,7870,7540,148403,1133254425,98500871150,13046473,KSQ
352090,KR7352090005,스톰테크,KOSDAQ,우량기업부,3660,1,25,0.69,3605,3675,3600,37745,137017975,98355172680,26872998,KSQ
120240,KR7120240007,대정화금,KOSDAQ,우량기업부,13670,2,-100,-0.73,13760,13760,13510,11306,154109300,98292644970,7190391,KSQ
032300,KR7032300006,한국파마,KOSDAQ,중견기업부,9000,1,70,0.78,8930,9030,8880,7384,66064035,98160309000,10906701,KSQ
086710,KR7086710001,선진뷰티사이언스,KOSDAQ,우량기업부,8040,2,-160,-1.95,8250,8250,7920,16319,130431785,98114371200,12203280,KSQ
0015S0,KR70015S0005,페스카로,KOSDAQ,기술성장기업부,9870,1,90,0.92,9790,10260,9790,40076,400569650,97384625100,9866730,KSQ
330730,KR7330730003,스톤브릿지벤처스,KOSDAQ,벤처기업부,5340,2,-150,-2.73,5490,5580,5280,94073,511885660,97283212200,18217830,KSQ
066790,KR7066790007,씨씨에스,KOSDAQ,관리종목(소속부없음),1493,0,0,0.0,0,0,0,0,0,97271994227,65152039,KSQ
330350,KR7330350000,위더스제약,KOSDAQ,우량기업부,7360,2,-820,-10.02,7770,9130,7190,3608425,29799960930,97167743040,13202139,KSQ
038110,KR7038110003,에코플라스틱,KOSDAQ,우량기업부,2360,1,50,2.16,2315,2365,2295,235566,550237392,97159713200,41169370,KSQ
023900,KR7023900004,풍국주정,KOSDAQ,우량기업부,7700,2,-60,-0.77,7760,7870,7670,24387,188653640,97020000000,12600000,KSQ
493330,KR7493330005,지에프아이,KOSDAQ,벤처기업부,12620,2,-460,-3.52,13050,13050,12600,12702,161196210,96948682520,7682146,KSQ
008700,KR7008700007,아남전자,KOSPI,,1257,1,10,0.8,1247,1274,1231,405553,507231415,96945898740,77124820,STK
212710,KR7212710008,아이에스티이,KOSDAQ,기술성장기업부,10070,2,-750,-6.93,10830,10950,10070,153775,1593924220,96903388460,9622978,KSQ
006660,KR7006660005,삼성공조,KOSPI,,11920,2,-240,-1.97,12340,12400,11870,206480,2490781790,96865662880,8126314,STK
223250,KR7223250002,드림씨아이에스,KOSDAQ,벤처기업부,3930,1,120,3.15,3810,3955,3790,85269,329598622,96679744920,24600444,KSQ
068240,KR7068240001,다원시스,KOSDAQ,관리종목(소속부없음),2530,0,0,0.0,0,0,0,0,0,96553495610,38163437,KSQ
042510,KR7042510008,라온시큐어,KOSDAQ,벤처기업부,8680,2,-170,-1.92,8900,9040,8580,106798,936475190,96398587040,11105828,KSQ
019680,KR7019680008,대교,KOSPI,,1138,2,-12,-1.04,1150,1157,1122,63415,71800468,96391843300,84702850,STK
036420,KR7036420008,콘텐트리중앙,KOSPI,,4995,0,0,0.0,0,0,0,0,0,96215228460,19262308,STK
001275,KR7001271006,부국증권우,KOSPI,,32000,1,50,0.16,32000,32000,31950,2524,80700900,96000000000,3000000,STK
217330,KR7217330000,싸이토젠,KOSDAQ,기술성장기업부,4150,2,-80,-1.89,4240,4290,4090,139144,576917625,95987620050,23129547,KSQ
000440,KR7000440008,중앙에너비스,KOSDAQ,중견기업부,15400,1,490,3.29,14760,15400,14740,24601,370658510,95897802000,6227130,KSQ
317770,KR7317770006,엑스페릭스,KOSDAQ,벤처기업부,2610,2,-25,-0.95,2640,2720,2570,138316,360628091,95641215840,36644144,KSQ
036220,KR7036220002,오상헬스케어,KOSDAQ,우량기업부,6680,1,70,1.06,6640,6740,6410,31199,203649255,95586898880,14309416,KSQ
035610,KR7035610005,솔본,KOSDAQ,투자주의환기종목(소속부없음),3495,2,-35,-0.99,3530,3685,3460,10815,38164685,95574259515,27345997,KSQ
078140,KR7078140001,대봉엘에스,KOSDAQ,우량기업부,8620,2,-110,-1.26,8730,8800,8610,7907,68440220,95566310980,11086579,KSQ
036580,KR7036580009,팜스코,KOSPI,,2600,1,20,0.78,2580,2640,2550,28968,75293024,95492651800,36727943,STK
099750,KR7099750002,이지케어텍,KOSDAQ,벤처기업부,6970,2,-140,-1.97,7110,7200,6960,9347,65583750,95204435810,13659173,KSQ
042500,KR7042500009,링네트,KOSDAQ,우량기업부,4250,2,-30,-0.7,4280,4330,4175,208969,889456880,94737362000,22291144,KSQ
011700,KR7011700002,한신기계,KOSPI,,2915,1,55,1.92,2880,3000,2860,217185,634480261,94580530165,32446151,STK
032560,KR7032560005,황금에스티,KOSPI,,5560,1,20,0.36,5530,5580,5500,18892,104371590,94520000000,17000000,STK
063080,KR7063080006,컴투스홀딩스,KOSDAQ,중견기업부,14290,2,-20,-0.14,14220,14610,14150,6322,90335730,94245293680,6595192,KSQ
413630,KR7413630005,씨피시스템,KOSDAQ,벤처기업부,2585,2,-45,-1.71,2610,2670,2565,62311,162199635,94188678210,36436626,KSQ
002210,KR7002210003,동성제약,KOSPI,,973,0,0,0.0,0,0,0,0,0,94010780311,96619507,STK
225190,KR7225190008,LK삼양,KOSDAQ,중견기업부,1334,1,27,2.07,1340,1371,1310,677098,908068319,94004898960,70468440,KSQ
357230,KR7357230002,에이치피오,KOSDAQ,우량기업부,2275,2,-10,-0.44,2275,2330,2270,78963,180716660,93942657900,41293476,KSQ
950130,KR8840090003,엑세스바이오,KOSDAQ,외국기업(소속부없음),2670,1,30,1.14,2640,2670,2540,76146,197639222,93914136780,35173834,KSQ
004590,KR7004590006,한국가구,KOSDAQ,중견기업부,6260,1,820,15.07,5470,6500,5230,463881,2767534170,93900000000,15000000,KSQ
362320,KR7362320004,청담글로벌,KOSDAQ,중견기업부,4435,1,85,1.95,4330,4460,4300,132465,578608435,93805971150,21151290,KSQ
052860,KR7052860004,아이앤씨,KOSDAQ,벤처기업부,5250,1,130,2.54,5140,5280,5010,28752,148059120,93779983500,17862854,KSQ
058860,KR7058860008,KTis,KOSPI,,2690,1,25,0.94,2650,2695,2645,93792,250332710,93617380000,34802000,STK
303810,KR7303810006,동국생명과학,KOSDAQ,중견기업부,2915,2,-15,-0.51,2935,2950,2860,44710,129347250,93233768100,31984140,KSQ
377480,KR7377480009,마음AI,KOSDAQ,기술성장기업부,13100,2,-580,-4.24,14000,14000,13080,116002,1537744975,93144602500,7110275,KSQ
417970,KR7417970001,모델솔루션,KOSDAQ,우량기업부,14540,1,30,0.21,14660,15190,14000,50571,747874160,93008018000,6396700,KSQ
226400,KR7226400000,오스테오닉,KOSDAQ,기술성장기업부,4500,2,-75,-1.64,4560,4635,4415,153983,690122098,92977204500,20661601,KSQ
023800,KR7023800006,인지컨트롤스,KOSPI,,5880,2,-20,-0.34,6080,6090,5820,64719,380342300,92958078360,15809197,STK
100590,KR7100590009,머큐리,KOSDAQ,중견기업부,5420,2,-20,-0.37,5530,5770,5320,235409,1298499790,92896333900,17139545,KSQ
463020,KR7463020008,뉴엔AI,KOSDAQ,기술성장기업부,10460,1,1340,14.69,9100,11470,8960,638965,6770538840,92876432000,8879200,KSQ
363280,KR7363280009,티와이홀딩스,KOSPI,,2030,2,-75,-3.56,2105,2105,2015,38800,79119761,92359585990,45497333,STK
262260,KR7262260003,에이프로,KOSDAQ,우량기업부,6120,2,-80,-1.29,6200,6320,5840,241417,1473002880,92275279200,15077660,KSQ
033290,KR7033290008,로젠,KOSDAQ,우량기업부,1643,1,8,0.49,1635,1651,1631,41623,68198479,92264802543,56156301,KSQ
007110,KR7007110000,일신석재,KOSPI,,1190,1,44,3.84,1146,1207,1125,400666,471874654,92173365900,77456610,STK
265740,KR7265740001,엔에프씨,KOSDAQ,벤처기업부,5150,2,-40,-0.77,5180,5240,5060,40319,206864220,91997540000,17863600,KSQ
014440,KR7014440002,영보화학,KOSPI,,4595,2,-20,-0.43,4615,4640,4545,41589,190161725,91900000000,20000000,STK
092040,KR7092040005,아미코젠,KOSDAQ,기술성장기업부,1298,1,4,0.31,1294,1320,1267,442886,572048626,91710692326,70655387,KSQ
389140,KR7389140005,포바이포,KOSDAQ,벤처기업부,6420,2,-130,-1.98,6550,6860,6400,118673,769912360,91611698700,14269735,KSQ
418470,KR7418470001,KT밀리의서재,KOSDAQ,우량기업부,10690,2,-70,-0.65,10660,10800,10640,15400,164791480,91568284410,8565789,KSQ
302550,KR7302550009,리메드,KOSDAQ,기술성장기업부,2960,1,90,3.14,2910,3005,2860,100006,292762800,91485164000,30907150,KSQ
039980,KR7039980008,폴라리스AI,KOSDAQ,중견기업부,6350,2,-250,-3.79,6610,6800,6320,99218,640430985,91320708900,14381214,KSQ
072020,KR7072020001,중앙백신,KOSDAQ,벤처기업부,9650,2,-70,-0.72,9720,9730,9550,4787,46044490,91276329550,9458687,KSQ
298540,KR7298540006,더네이쳐홀딩스,KOSDAQ,우량기업부,6300,1,130,2.11,6120,6350,6080,20382,126235880,91264231800,14486386,KSQ
029480,KR7029480001,광무,KOSDAQ,중견기업부,1524,2,-85,-5.28,1610,1627,1516,162458,253565424,91011957168,59719132,KSQ
093920,KR7093920007,서원인텍,KOSDAQ,우량기업부,4890,3,0,0.0,4915,4915,4825,10068,48725215,90954000000,18600000,KSQ
163560,KR7163560006,동일고무벨트,KOSPI,,6530,2,-20,-0.31,6510,6710,6450,20626,134223600,90767000000,13900000,STK
013360,KR7013360003,일성건설,KOSPI,,1677,4,387,30.0,1313,1677,1285,3265837,5347240807,90599723760,54024880,STK
063170,KR7063170005,서울옥션,KOSDAQ,중견기업부,5090,1,30,0.59,4965,5150,4965,37681,190285610,90471019030,17774267,KSQ
040420,KR7040420002,정상제이엘에스,KOSDAQ,우량기업부,5770,3,0,0.0,5810,5810,5740,27129,156805220,90459475040,15677552,KSQ
014160,KR7014160006,대영포장,KOSPI,,834,2,-4,-0.48,837,854,826,348243,291183648,90401053866,108394549,STK
464490,KR7464490002,쿼드메디슨,KOSDAQ,기술성장기업부,7870,1,140,1.81,7720,8000,7620,23973,188436650,90364229310,11482113,KSQ
131370,KR7131370009,알서포트,KOSDAQ,벤처기업부,1693,1,1,0.06,1689,1705,1651,182569,305327489,90181171519,53267083,KSQ
024880,KR7024880007,케이피에프,KOSDAQ,우량기업부,4470,1,105,2.41,4365,4695,4340,157283,708946865,90127510380,20162754,KSQ
443670,KR7443670005,에스피소프트,KOSDAQ,중견기업부,3640,2,-35,-0.95,3675,3750,3550,49820,180650450,90058666880,24741392,KSQ
030960,KR7030960009,양지사,KOSDAQ,중견기업부,5630,1,60,1.08,5570,5940,5570,225692,1291894605,89967400000,15980000,KSQ
066310,KR7066310004,큐에스아이,KOSDAQ,벤처기업부,9650,2,-160,-1.63,9900,10220,9650,113042,1118343830,89471142650,9271621,KSQ
059270,KR7059270009,해성에어로보틱스,KOSDAQ,기술성장기업부,8000,1,40,0.5,8130,8140,7850,79544,631592255,89322392000,11165299,KSQ
008260,KR7008260002,NI스틸,KOSPI,,3120,2,-15,-0.48,3155,3155,3120,25610,80166945,89232365040,28600117,STK
203690,KR7203690003,아크솔루션스,KOSDAQ,관리종목(소속부없음),4425,0,0,0.0,0,0,0,0,0,89196141000,20157320,KSQ
017370,KR7017370008,우신시스템,KOSPI,,4870,1,100,2.1,4955,4955,4715,18567,90180490,89189442980,18314054,STK
023000,KR7023000003,삼원강재,KOSPI,,2240,2,-30,-1.32,2275,2275,2220,20700,46388458,89017501440,39739956,STK
033340,KR7033340001,좋은사람들,KOSDAQ,중견기업부,915,2,-95,-9.41,1000,1007,911,2127808,2003723985,88709760570,96950558,KSQ
408470,KR7408470003,한패스,KOSDAQ,중견기업부,8390,1,40,0.48,8430,8530,8230,53867,450517075,88699080000,10572000,KSQ
007815,KR7007811003,코리아써우,KOSPI,,29900,1,100,0.34,30050,30100,29500,1942,58183900,88644231000,2964690,STK
066700,KR7066700006,테라젠이텍스,KOSDAQ,중견기업부,2385,2,-30,-1.24,2415,2430,2360,58722,139828005,88608416760,37152376,KSQ
011370,KR7011370004,서한,KOSDAQ,우량기업부,873,2,-3,-0.34,876,884,868,125256,109589587,88081217145,100894865,KSQ
131400,KR7131400004,이브이첨단소재,KOSDAQ,벤처기업부,1478,1,1,0.07,1499,1510,1430,644255,946056650,88076801596,59591882,KSQ
347890,KR7347890006,엠엑스온,KOSDAQ,벤처기업부,5190,2,-10,-0.19,5320,5440,5110,233169,1222106030,88039028760,16963204,KSQ
036630,KR7036630002,세종텔레콤,KOSDAQ,우량기업부,8800,2,-700,-7.37,9640,9790,8790,53958,486784855,88000000000,10000000,KSQ
101330,KR7101330009,모베이스,KOSDAQ,중견기업부,3800,1,10,0.26,3830,3910,3730,66776,253419405,87958710200,23147029,KSQ
0007J0,KR70007J0006,인벤테라,KOSDAQ,기술성장기업부,11180,2,-100,-0.89,11120,11390,10850,18827,209436230,87938682520,7865714,KSQ
009300,KR7009300005,삼아제약,KOSDAQ,우량기업부,13800,3,0,0.0,13820,13820,13700,1249,17205190,87906000000,6370000,KSQ
063160,KR7063160006,종근당바이오,KOSPI,,16020,1,110,0.69,15920,16190,15850,3901,62372360,87885111240,5485962,STK
043610,KR7043610005,KT지니뮤직,KOSDAQ,중견기업부,1512,2,-9,-0.59,1512,1550,1485,68663,102815697,87870542256,58115438,KSQ
004840,KR7004840005,DRB동일,KOSPI,,4555,1,60,1.33,4485,4565,4485,9108,41262419,87785618020,19272364,STK
006840,KR7006840003,AK홀딩스,KOSPI,,6620,2,-170,-2.5,6800,6810,6560,12022,79981010,87698853820,13247561,STK
004890,KR7004890000,동일산업,KOSPI,,36150,2,-100,-0.28,35950,36700,35550,1673,59779900,87671522250,2425215,STK
072950,KR7072950009,빛샘전자,KOSDAQ,벤처기업부,10810,1,330,3.15,10550,11710,10500,458729,5057329045,87048714100,8052610,KSQ
348350,KR7348350000,위드텍,KOSDAQ,벤처기업부,8710,2,-300,-3.33,9010,9160,8680,17083,150118610,86913606000,9978600,KSQ
019540,KR7019540004,일지테크,KOSDAQ,우량기업부,6430,1,160,2.55,6270,6560,6270,110013,703468985,86891805000,13513500,KSQ
005740,KR7005740006,크라운해태홀딩스,KOSPI,,5850,2,-90,-1.52,5900,5950,5800,17592,103062970,86856979950,14847347,STK
412350,KR7412350001,레이저쎌,KOSDAQ,기술성장기업부,5940,2,-60,-1.0,6290,6350,5700,298928,1799409150,86727225420,14600543,KSQ
024830,KR7024830002,세원물산,KOSDAQ,관리종목(소속부없음),10370,3,0,0.0,10360,10370,10300,2737,28195650,86589500000,8350000,KSQ
007980,KR7007980006,TP,KOSPI,,1839,2,-13,-0.7,1852,1859,1820,123326,225533244,86244226650,46897350,STK
040910,KR7040910002,아이씨디,KOSDAQ,중견기업부,4740,3,0,0.0,4870,4870,4620,24851,116557697,86146063500,18174275,KSQ
053580,KR7053580007,웹케시,KOSDAQ,우량기업부,6630,2,-120,-1.78,6700,6770,6580,21872,145479880,85887910680,12954436,KSQ
004650,KR7004650008,창해에탄올,KOSDAQ,우량기업부,9340,1,60,0.65,9220,9360,9220,23783,220905210,85842865900,9190885,KSQ
002200,KR7002200004,한국수출포장,KOSPI,,2555,1,5,0.2,2555,2605,2520,69745,177345180,85592349255,33499941,STK
130580,KR7130580004,나이스디앤비,KOSDAQ,우량기업부,5550,1,30,0.54,5520,5650,5500,7446,41378010,85470000000,15400000,KSQ
000230,KR7000230003,일동홀딩스,KOSPI,,7390,1,90,1.23,7310,7400,7170,9000,65347980,85283556000,11540400,STK
055490,KR7055490007,테이팩스,KOSPI,,17800,2,-350,-1.93,18150,18150,17510,22937,406969810,84899770000,4769650,STK
139990,KR7139990006,아주스틸,KOSPI,,2190,1,50,2.34,2140,2272,2130,86054,188272836,84874356660,38755414,STK
002700,KR7002700003,신일전자,KOSPI,,1211,1,22,1.85,1189,1217,1186,402159,483642607,84827547931,70047521,STK
041930,KR7041930009,SY동아,KOSDAQ,우량기업부,5570,1,130,2.39,5500,5590,5440,38673,213312235,84664000000,15200000,KSQ
117670,KR7117670000,알파칩스,KOSDAQ,벤처기업부,12680,2,-250,-1.93,12930,13250,12520,12983,165644810,84470888560,6661742,KSQ
052420,KR7052420007,오성첨단소재,KOSDAQ,우량기업부,8660,2,-10,-0.12,8590,8730,8500,28801,246522950,84365797940,9742009,KSQ
049080,KR7049080005,기가레인,KOSDAQ,벤처기업부,993,0,0,0.0,0,0,0,0,0,84289163571,84883347,KSQ
265560,KR7265560003,영화테크,KOSDAQ,우량기업부,7870,2,-80,-1.01,7950,7960,7800,16194,127675400,84131716600,10690180,KSQ
000590,KR7000590000,CS홀딩스,KOSPI,,72800,1,100,0.14,72700,73000,72100,132,9592400,84046289600,1154482,STK
049180,KR7049180003,셀루메드,KOSDAQ,투자주의환기종목(소속부없음),1009,0,0,0.0,0,0,0,0,0,83975227728,83226192,KSQ
009190,KR7009190000,대양금속,KOSPI,,1905,3,0,0.0,1962,1962,1868,231591,439977428,83793853875,43986275,STK
183490,KR7183490002,엔지켐생명과학,KOSDAQ,관리종목(소속부없음),990,0,0,0.0,0,0,0,0,0,83793832650,84640235,KSQ
054620,KR7054620000,APS,KOSDAQ,중견기업부,4555,2,-15,-0.33,4610,4670,4345,59049,263621700,83785676655,18394221,KSQ
066590,KR7066590001,스모트로닉,KOSDAQ,중견기업부,2165,2,-10,-0.46,2175,2210,2135,45252,97534620,83737733605,38677937,KSQ
208370,KR7208370007,셀바스헬스케어,KOSDAQ,벤처기업부,3250,2,-40,-1.22,3265,3380,3240,64510,210874160,83656833000,25740564,KSQ
089230,KR7089230007,THE E&M,KOSDAQ,중견기업부,2235,1,5,0.22,2230,2400,2200,235656,535197063,83636726190,37421354,KSQ
142280,KR7142280007,녹십자엠에스,KOSDAQ,중견기업부,3485,1,30,0.87,3485,3530,3435,356847,1239704125,83511163035,23963031,KSQ
048530,KR7048530000,인트론바이오,KOSDAQ,기술성장기업부,2700,1,120,4.65,2585,2920,2560,407843,1103319075,83407746600,30891758,KSQ
054670,KR7054670005,대한뉴팜,KOSDAQ,우량기업부,5810,1,50,0.87,5770,5900,5710,18284,105785580,83402085200,14354920,KSQ
039010,KR7039010004,현대에이치티,KOSDAQ,우량기업부,9660,2,-570,-5.57,10050,10220,9660,97405,955880650,83317500000,8625000,KSQ
058630,KR7058630005,엠게임,KOSDAQ,우량기업부,4330,2,-60,-1.37,4365,4435,4290,59000,255388692,83147145420,19202574,KSQ
432470,KR7432470003,케이엔에스,KOSDAQ,벤처기업부,9470,1,70,0.74,9420,9740,9160,56435,532693100,83066635320,8771556,KSQ
002600,KR7002600005,조흥,KOSPI,,137700,3,0,0.0,137700,142100,136000,85,11850100,82620000000,600000,STK
124560,KR7124560004,태웅로직스,KOSDAQ,우량기업부,2130,2,-20,-0.93,2115,2165,2090,21803,46439210,82475327430,38720811,KSQ
079810,KR7079810008,APS이노베이션,KOSDAQ,우량기업부,3825,2,-60,-1.54,3965,3975,3815,108067,416273802,82344959550,21528094,KSQ
088390,KR7088390000,이녹스,KOSDAQ,중견기업부,8760,2,-180,-2.01,8940,8950,8700,8394,73937430,82219993440,9385844,KSQ
001260,KR7001260009,남광토건,KOSPI,,8360,1,340,4.24,8020,8820,7980,60775,509454170,82200301920,9832572,STK
234300,KR7234300002,에스트래픽,KOSDAQ,우량기업부,3020,1,15,0.5,3000,3025,2965,50808,151848645,82167495600,27207780,KSQ
170030,KR7170030001,현대공업,KOSDAQ,우량기업부,5350,1,30,0.56,5420,5440,5320,28086,150219500,82069000000,15340000,KSQ
424960,KR7424960003,스마트레이더시스템,KOSDAQ,기술성장기업부,4975,1,10,0.2,4965,5090,4940,36150,179934635,82013422250,16485110,KSQ
005870,KR7005870001,휴니드,KOSPI,,5800,1,230,4.13,5600,6190,5600,287206,1695871130,81872887000,14116015,STK
475430,KR7475430005,키스트론,KOSDAQ,중견기업부,4575,2,-5,-0.11,4605,4720,4425,118585,539215605,81655103250,17848110,KSQ
037760,KR7037760006,쎄니트,KOSDAQ,중견기업부,2410,1,10,0.42,2420,2450,2375,7914,19027865,81537339610,33832921,KSQ
001020,KR7001020007,페이퍼코리아,KOSPI,,2290,2,-230,-9.13,2650,2650,2290,33353,79220950,81516355980,35596662,STK
175250,KR7175250000,아이큐어,KOSDAQ,관리종목(소속부없음),2170,0,0,0.0,0,0,0,0,0,81501658560,37558368,KSQ
451250,KR7451250005,삐아,KOSDAQ,벤처기업부,7970,1,10,0.13,8000,8120,7910,31221,249651255,81500239690,10225877,KSQ
382480,KR7382480002,지아이텍,KOSDAQ,벤처기업부,2065,1,35,1.72,2030,2090,2005,155837,318825189,81272494100,39357140,KSQ
009180,KR7009180001,한솔로지스틱스,KOSPI,,2885,1,40,1.41,2845,2900,2790,86280,246386348,81229555125,28155825,STK
412540,KR7412540007,제일엠앤에스,KOSDAQ,관리종목(소속부없음),3935,0,0,0.0,0,0,0,0,0,81063616775,20600665,KSQ
096775,KR7096771001,SK이노베이션우,KOSPI,,64800,1,500,0.78,64300,65300,64200,1676,108120550,80898004800,1248426,STK
217190,KR7217190008,제너셈,KOSDAQ,벤처기업부,6150,1,270,4.59,6300,6920,6050,1182877,7749271830,80895630150,13153761,KSQ
026150,KR7026150003,특수건설,KOSDAQ,중견기업부,4610,1,120,2.67,4500,4700,4440,48708,223624756,80888585910,17546331,KSQ
019550,KR7019550003,SBI인베스트먼트,KOSDAQ,중견기업부,998,1,54,5.72,942,1001,938,328691,322680127,80871220426,81033287,KSQ
109070,KR7109070003,주성코퍼레이션,KOSPI,,1530,1,40,2.68,1490,1550,1462,299768,453797299,80799651900,52810230,STK
111380,KR7111380002,동인기연,KOSPI,,13170,1,10,0.08,13260,13330,12960,10038,131023530,80705760000,6128000,STK
024740,KR7024740003,한일단조,KOSDAQ,우량기업부,2450,1,145,6.29,2315,2845,2315,3421806,8949365652,80597770050,32897049,KSQ
003580,KR7003580008,HLB글로벌,KOSPI,,1590,1,90,6.0,1500,1800,1444,1131628,1782856908,80554972950,50663505,STK
054040,KR7054040001,한국컴퓨터,KOSDAQ,우량기업부,5010,1,25,0.5,4990,5050,4980,29902,149666710,80517162900,16071290,KSQ
011000,KR7011000007,진원생명과학,KOSPI,,885,2,-29,-3.17,915,922,876,1440176,1276794738,80431372695,90882907,STK
439580,KR7439580002,블루엠텍,KOSDAQ,기술성장기업부,2370,2,-30,-1.25,2400,2480,2300,143731,341060467,80216316390,33846547,KSQ
251120,KR7251120002,바이오에프디엔씨,KOSDAQ,기술성장기업부,9220,2,-160,-1.71,9380,9570,9170,12214,113616360,80174354000,8695700,KSQ
290660,KR7290660000,다이나믹솔루션,KOSDAQ,기술성장기업부,939,0,0,0.0,0,0,0,0,0,80052794238,85253242,KSQ
277880,KR7277880001,티에스아이,KOSDAQ,우량기업부,4030,2,-5,-0.12,4095,4095,4000,41490,167000255,79968144360,19843212,KSQ
010960,KR7010960003,삼호개발,KOSPI,,3315,1,65,2.0,3250,3315,3225,32876,107331120,79957800000,24120000,STK
476040,KR7476040001,오가노이드사이언스,KOSDAQ,기술성장기업부,12130,1,260,2.19,11710,12300,11620,28467,340128020,79885268800,6585760,KSQ
000105,KR7000101006,유한양행우,KOSPI,,67600,1,1400,2.11,67800,67800,65700,1234,81840600,79831544000,1180940,STK
001470,KR7001470004,삼부토건,KOSPI,,347,0,0,0.0,0,0,0,0,0,79699592928,229681824,STK
388870,KR7388870008,파로스아이바이오,KOSDAQ,기술성장기업부,6150,1,70,1.15,6090,6240,5930,40351,244279990,79617481800,12945932,KSQ
225530,KR7225530005,HC보광산업,KOSDAQ,우량기업부,2190,2,-30,-1.35,2200,2245,2120,87704,189532189,79581812130,36338727,KSQ
189330,KR7189330004,씨이랩,KOSDAQ,기술성장기업부,8480,2,-120,-1.4,8740,8860,8200,136323,1161869315,79561768320,9382284,KSQ
222160,KR7222160004,NPX,KOSDAQ,관리종목(소속부없음),8040,0,0,0.0,0,0,0,0,0,79551289560,9894439,KSQ
007590,KR7007590003,동방아그로,KOSPI,,5830,2,-10,-0.17,5850,5890,5820,2890,16877800,79390473910,13617577,STK
101670,KR7101670008,하이드로리튬,KOSDAQ,중견기업부,1398,1,3,0.22,1395,1420,1370,246539,342946056,79374507426,56777187,KSQ
413390,KR7413390006,엠오티,KOSDAQ,중견기업부,6850,2,-20,-0.29,6890,7180,6850,21333,147098915,79324233000,11580180,KSQ
253840,KR7253840003,수젠텍,KOSDAQ,중견기업부,4735,2,-90,-1.87,4825,4850,4685,197141,935745760,79279052000,16743200,KSQ
411080,KR7411080005,샌즈랩,KOSDAQ,기술성장기업부,5190,2,-50,-0.95,5350,5360,5170,27283,142767850,79239041220,15267638,KSQ
419050,KR7419050000,삼기에너지솔루션즈,KOSDAQ,중견기업부,1383,2,-28,-1.98,1420,1427,1359,183229,251890860,79102399920,57196240,KSQ
294630,KR7294630009,서남,KOSDAQ,기술성장기업부,3000,2,-50,-1.64,3100,3160,2975,121661,366552396,79098957000,26366319,KSQ
018500,KR7018500009,동원금속,KOSPI,,1690,1,86,5.36,1620,1699,1611,536852,898786872,79015836770,46754933,STK
017480,KR7017480005,삼현철강,KOSDAQ,우량기업부,5110,2,-30,-0.58,5180,5180,4995,27697,139883895,78913167900,15442890,KSQ
060590,KR7060590007,씨티씨바이오,KOSDAQ,중견기업부,3260,3,0,0.0,3265,3295,3180,56940,183951007,78830125200,24181020,KSQ
097800,KR7097800007,윈팩,KOSDAQ,중견기업부,2885,2,-120,-3.99,3250,3500,2845,2687442,8519218850,78731779825,27290045,KSQ
102370,KR7102370004,케이옥션,KOSDAQ,기술성장기업부,2890,1,15,0.52,2855,2920,2770,49153,139320090,78692416900,27229210,KSQ
036640,KR7036640001,HRS,KOSDAQ,우량기업부,4810,1,10,0.21,4805,4820,4755,14301,68736282,78666588000,16354800,KSQ
370090,KR7370090003,퓨런티어,KOSDAQ,기술성장기업부,9170,2,-290,-3.07,9460,9590,9020,24656,229093620,78466131100,8556830,KSQ
095720,KR7095720009,웅진씽크빅,KOSPI,,1380,2,-16,-1.15,1396,1417,1360,31047,42843466,78421377300,56827085,STK
067570,KR7067570002,엔브이에이치코리아,KOSDAQ,중견기업부,1858,1,38,2.09,1807,1858,1806,119918,219563413,78351860000,42170000,KSQ
084730,KR7084730001,팅크웨어,KOSDAQ,중견기업부,7050,2,-120,-1.67,7300,7300,6970,13052,92007395,78321439200,11109424,KSQ
065510,KR7065510000,휴비츠,KOSDAQ,우량기업부,7200,1,70,0.98,7170,7230,7090,11974,85819435,78320844000,10877895,KSQ
020710,KR7020710000,시공테크,KOSDAQ,우량기업부,3885,1,40,1.04,3845,3890,3800,60557,233564190,77886363450,20047970,KSQ
001560,KR7001560002,제일연마,KOSPI,,10240,2,-10,-0.1,10200,10250,10090,1749,17830805,77824000000,7600000,STK
261780,KR7261780001,아리바이오랩,KOSDAQ,기술성장기업부,2890,2,-90,-3.02,3050,3150,2820,528866,1548046862,77778558440,26912996,KSQ
011320,KR7011320009,유니크,KOSDAQ,우량기업부,4025,1,10,0.25,4015,4100,3980,21543,86537715,77765797375,19320695,KSQ
017650,KR7017650003,대림제지,KOSDAQ,우량기업부,8810,2,-40,-0.45,8850,8850,8710,2310,20241200,77395850000,8785000,KSQ
053280,KR7053280004,예스24,KOSDAQ,중견기업부,3095,1,215,7.47,2845,3150,2845,132089,402972698,77375000000,25000000,KSQ
35320K,KR735320K011,대덕전자1우,KOSPI,,36900,1,800,2.22,37900,37900,35850,13489,496727400,77324651100,2095519,STK
273640,KR7273640003,와이엠텍,KOSDAQ,벤처기업부,7050,1,130,1.88,6950,7050,6730,29768,204941285,77310300000,10966000,KSQ
084650,KR7084650001,랩지노믹스,KOSDAQ,중견기업부,1041,2,-40,-3.7,1081,1081,1005,839917,863909049,77283829590,74239990,KSQ
014970,KR7014970008,삼륭물산,KOSDAQ,중견기업부,5210,1,10,0.19,5160,5380,5150,25804,134540890,77238250000,14825000,KSQ
013870,KR7013870001,지엠비코리아,KOSPI,,4040,2,-20,-0.49,4110,4110,4000,20809,84222820,77052011200,19072280,STK
348150,KR7348150004,고바이오랩,KOSDAQ,기술성장기업부,3960,1,75,1.93,3885,4000,3850,50067,196024595,76898800440,19418889,KSQ
058400,KR7058400003,KNN,KOSDAQ,우량기업부,580,2,-2,-0.34,577,586,573,321102,186204353,76809237600,132429720,KSQ
201490,KR7201490000,미투온,KOSDAQ,중견기업부,2355,1,30,1.29,2345,2390,2300,132847,310913329,76758422550,32593810,KSQ
012700,KR7012700001,리드코프,KOSDAQ,우량기업부,2925,1,10,0.34,2955,2955,2895,21371,62403070,76619942100,26194852,KSQ
228670,KR7228670006,레이,KOSDAQ,벤처기업부,4895,1,315,6.88,4695,5150,4695,170310,831677613,76557902795,15640021,KSQ
238090,KR7238090005,앤디포스,KOSDAQ,벤처기업부,2510,2,-40,-1.57,2550,2590,2450,21780,54460335,76531004400,30490440,KSQ
067000,KR7067000000,조이시티,KOSDAQ,중견기업부,1092,2,-59,-5.13,1168,1179,1092,702125,785660615,76334563032,69903446,KSQ
069730,KR7069730000,DSR제강,KOSPI,,5300,1,10,0.19,5290,5370,5260,53032,280985620,76320000000,14400000,STK
006890,KR7006890008,태경케미컬,KOSPI,,6560,1,100,1.55,6480,6600,6430,44547,289332415,76096000000,11600000,STK
110790,KR7110790003,크리스에프앤씨,KOSDAQ,우량기업부,3240,2,-10,-0.31,3300,3300,3195,12798,41029695,75916310400,23430960,KSQ
011150,KR7011150000,CJ씨푸드,KOSPI,,2110,2,-5,-0.24,2155,2155,2100,73372,155113045,75813931030,35930773,STK
036000,KR7036000008,예림당,KOSDAQ,중견기업부,3290,1,10,0.3,3340,3345,3200,47071,154423159,75782771330,23034277,KSQ
006090,KR7006090005,사조오양,KOSPI,,8030,2,-100,-1.23,8070,8150,8000,11850,95414980,75664594170,9422739,STK
105740,KR7105740005,디케이락,KOSDAQ,우량기업부,7440,1,310,4.35,7150,7540,7090,83436,610793335,75653736720,10168513,KSQ
091120,KR7091120006,이엠텍,KOSDAQ,중견기업부,4410,1,10,0.23,4440,4470,4330,32993,144596675,75556247760,17132936,KSQ
460940,KR7460940000,피앤에스로보틱스,KOSDAQ,기술성장기업부,5610,2,-20,-0.36,5680,5830,5500,76677,428875430,75484120800,13455280,KSQ
005750,KR7005750005,대림바스,KOSPI,,4545,1,45,1.0,4530,4550,4485,8047,36370355,75411730800,16592240,STK
002720,KR7002720001,국제약품,KOSPI,,3560,1,30,0.85,3580,3600,3500,28636,101675445,75329001920,21159832,STK
037440,KR7037440005,희림,KOSDAQ,우량기업부,5410,1,90,1.69,5300,6000,5060,3253442,18305257535,75320589750,13922475,KSQ
096250,KR7096250006,와이즈넛,KOSDAQ,기술성장기업부,5740,2,-140,-2.38,5930,6290,5640,473166,2737365125,75224674560,13105344,KSQ
900260,HK0000295359,로스웰,KOSDAQ,외국기업(소속부없음),1631,2,-39,-2.34,1670,1693,1631,37849,62424805,75074450486,46029706,KSQ
006140,KR7006140008,피제이전자,KOSDAQ,우량기업부,5050,2,-10,-0.2,5060,5140,4985,33108,166797660,75068250000,14865000,KSQ
208140,KR7208140004,정다운,KOSDAQ,우량기업부,2295,1,5,0.22,2290,2305,2265,28190,64507085,75010344570,32684246,KSQ
096350,KR7096350004,대창솔루션,KOSDAQ,벤처기업부,2035,3,0,0.0,2045,2130,1970,547502,1106769569,74999440670,36854762,KSQ
171120,KR7171120009,라이온켐텍,KOSDAQ,우량기업부,2085,2,-25,-1.18,2110,2115,2060,60254,125950670,74855169600,35901760,KSQ
448710,KR7448710004,코츠테크놀로지,KOSDAQ,벤처기업부,14150,1,560,4.12,13550,15590,13550,189456,2760797890,74786881800,5285292,KSQ
126880,KR7126880004,제이엔케이글로벌,KOSDAQ,우량기업부,3220,1,105,3.37,3130,3230,3087,60314,190890424,74719787660,23204903,KSQ
083790,KR7083790006,CG인바이츠,KOSDAQ,벤처기업부,970,1,40,4.3,930,975,900,229771,214115932,74587356540,76894182,KSQ
900250,KYG2115T1076,크리스탈신소재,KOSDAQ,외국기업(소속부없음),519,0,0,0.0,0,0,0,0,0,74351942076,143260004,KSQ
085310,KR7085310001,엔케이,KOSPI,,10000,1,20,0.2,9900,10230,9860,15752,157449120,74180740000,7418074,STK
0015N0,KR70015N0000,아로마티카,KOSDAQ,벤처기업부,5830,2,-30,-0.51,5900,6000,5810,43907,257614180,74128741500,12715050,KSQ
007460,KR7007460009,에이프로젠,KOSPI,,3140,2,-100,-3.09,3295,3300,3135,151599,485400212,74088089620,23594933,STK
094860,KR7094860004,네오리진,KOSDAQ,중견기업부,1391,1,1,0.07,1390,1416,1364,142311,197664023,73876029474,53110014,KSQ
032540,KR7032540007,TJ미디어,KOSDAQ,우량기업부,3535,3,0,0.0,3535,3550,3495,975,3439430,73872354955,20897413,KSQ
302430,KR7302430004,이노메트리,KOSDAQ,벤처기업부,7510,2,-150,-1.96,7670,8270,7510,49076,380878155,73847392080,9833208,KSQ
263800,KR7263800005,데이타솔루션,KOSDAQ,중견기업부,4535,1,60,1.34,4525,4590,4405,76567,344186695,73582098300,16225380,KSQ
111710,KR7111710000,남화산업,KOSDAQ,중견기업부,3570,1,90,2.59,3500,3640,3425,2861,9993530,73499160000,20588000,KSQ
014470,KR7014470009,부방,KOSDAQ,벤처기업부,1220,1,6,0.49,1214,1241,1200,91339,110536871,73263757200,60052260,KSQ
000850,KR7000850008,화천기공,KOSPI,,33300,2,-400,-1.19,33500,33600,33050,5071,168855150,73260000000,2200000,STK
307870,KR7307870006,비투엔,KOSDAQ,벤처기업부,984,1,10,1.03,974,1019,971,122869,121044017,73110496440,74299285,KSQ
453860,KR7453860009,에이에스텍,KOSDAQ,벤처기업부,11340,2,-760,-6.28,11880,11940,11230,11833,135167500,73079756820,6444423,KSQ
123010,KR7123010001,알엔티엑스,KOSDAQ,기술성장기업부,2135,2,-35,-1.61,2190,2205,2020,498846,1046321653,73032077370,34207062,KSQ
299660,KR7299660001,셀리드,KOSDAQ,기술성장기업부,2470,2,-10,-0.4,2480,2515,2425,101974,250136741,72872353190,29502977,KSQ
317830,KR7317830008,에스피시스템스,KOSDAQ,벤처기업부,6760,2,-10,-0.15,6770,6960,6610,38687,259831110,72831009680,10773818,KSQ
031820,KR7031820004,아이티센씨티에스,KOSPI,,6000,2,-60,-0.99,6060,6170,5830,65992,392087180,72630876000,12105146,STK
373200,KR7373200005,엑스플러스,KOSDAQ,벤처기업부,2900,2,-15,-0.51,2915,2980,2825,37869,109113890,72625387300,25043237,KSQ
187420,KR7187420005,HLB제넥스,KOSDAQ,기술성장기업부,2230,1,10,0.45,2220,2440,2120,349637,790237901,72596057780,32554286,KSQ
478560,KR7478560006,블랙야크아이앤씨,KOSDAQ,벤처기업부,2805,2,-75,-2.6,2880,2880,2800,21920,61892747,72453985890,25830298,KSQ
000180,KR7000180000,성창기업지주,KOSPI,,5190,1,40,0.78,5100,5190,5100,6376,32810420,72402160800,13950320,STK
067170,KR7067170001,오텍,KOSDAQ,중견기업부,2740,2,-190,-6.48,2990,2990,2715,630751,1771655024,72384517180,26417707,KSQ
320000,KR7320000003,한울반도체,KOSDAQ,중견기업부,10850,2,-140,-1.27,11370,11390,10530,52639,567372960,72356588500,6668810,KSQ
048430,KR7048430003,유라테크,KOSDAQ,우량기업부,6260,2,-10,-0.16,6270,6420,6200,15270,95888000,72115200000,11520000,KSQ
463480,KR7463480004,모티브링크,KOSDAQ,중견기업부,5820,2,-110,-1.85,5990,6100,5710,64174,379936880,72111883560,12390358,KSQ
044340,KR7044340008,위닉스,KOSDAQ,중견기업부,4025,1,40,1.0,3985,4060,3950,21892,87852694,71940535625,17873425,KSQ
033130,KR7033130006,디지틀조선,KOSDAQ,중견기업부,1936,2,-34,-1.73,1970,1999,1923,220751,432433340,71855156912,37115267,KSQ
234920,KR7234920007,자이글,KOSDAQ,관리종목(소속부없음),5310,0,0,0.0,0,0,0,0,0,71849132100,13530910,KSQ
443250,KR7443250006,레뷰코퍼레이션,KOSDAQ,벤처기업부,6450,1,200,3.2,6250,6450,6110,11745,73760360,71838552000,11137760,KSQ
039610,KR7039610001,화성밸브,KOSDAQ,우량기업부,6900,1,130,1.92,6800,7170,6580,52992,362972650,71831760000,10410400,KSQ
459100,KR7459100004,위츠,KOSDAQ,중견기업부,5320,2,-20,-0.37,5470,5470,5250,27818,147664860,71639652000,13466100,KSQ
010280,KR7010280006,아이티센엔텍,KOSDAQ,우량기업부,5500,2,-320,-5.5,5820,5840,5310,170765,944703465,71636163500,13024757,KSQ
321260,KR7321260002,프로이천,KOSDAQ,벤처기업부,2540,2,-195,-7.13,2740,2785,2515,571623,1491773225,71607893360,28192084,KSQ
120115,KR7120111000,코오롱인더우,KOSPI,,25850,1,100,0.39,25800,25950,25400,5446,139843300,71549181000,2767860,STK
004720,KR7004720009,팜젠사이언스,KOSPI,,3140,2,-60,-1.88,3220,3220,3100,22430,70304675,71134706100,22654365,STK
168330,KR7168330009,내츄럴엔도텍,KOSDAQ,투자주의환기종목(소속부없음),2240,1,75,3.46,2190,2245,2065,52569,112655773,71130976000,31754900,KSQ
081150,KR7081150005,티플랙스,KOSDAQ,중견기업부,2930,1,25,0.86,2920,2945,2870,119154,346773126,71106417860,24268402,KSQ
032850,KR7032850000,비트컴퓨터,KOSDAQ,벤처기업부,4275,1,5,0.12,4335,4355,4270,34027,146022355,71064577575,16623293,KSQ
241690,KR7241690007,유니테크노,KOSDAQ,우량기업부,2900,2,-10,-0.34,2900,2975,2880,36376,105701810,70965047400,24470706,KSQ
013700,KR7013700000,까뮤이앤씨,KOSPI,,1187,1,17,1.45,1170,1212,1146,43498,51644672,70924235210,59750830,STK
079980,KR7079980009,휴비스,KOSPI,,2055,2,-20,-0.96,2115,2115,2025,91115,187456475,70897500000,34500000,STK
391710,KR7391710001,코닉오토메이션,KOSDAQ,벤처기업부,1663,2,-42,-2.46,1705,1735,1641,44167,73673474,70877841610,42620470,KSQ
045660,KR7045660008,에이텍,KOSDAQ,우량기업부,8570,2,-60,-0.7,8630,8690,8550,23460,201532885,70788200000,8260000,KSQ
041910,KR7041910001,폴라리스AI파마,KOSDAQ,우량기업부,5310,2,-230,-4.15,5540,5660,5250,109573,591232135,70534588500,13283350,KSQ
347860,KR7347860009,알체라,KOSDAQ,중견기업부,1704,2,-26,-1.5,1710,1780,1679,137412,233538388,70376823912,41300953,KSQ
128660,KR7128660008,피제이메탈,KOSDAQ,우량기업부,2835,2,-45,-1.56,2850,2880,2810,50392,143056392,70317551115,24803369,KSQ
060310,KR7060310000,3S,KOSDAQ,벤처기업부,1322,1,22,1.69,1301,1322,1262,231159,298086767,70144050880,53059040,KSQ
038460,KR7038460002,바이오스마트,KOSDAQ,우량기업부,2775,1,10,0.36,2790,2825,2760,206508,574515904,70136854050,25274542,KSQ
153710,KR7153710009,옵티팜,KOSDAQ,기술성장기업부,4780,1,110,2.36,4670,4800,4545,8973,42105340,70122399240,14669958,KSQ
092300,KR7092300003,현우산업,KOSDAQ,우량기업부,3465,1,125,3.74,3345,3495,3280,215809,734036710,69819303015,20149871,KSQ
007820,KR7007820004,엠엑스로보틱스,KOSDAQ,중견기업부,3485,2,-40,-1.13,3565,3570,3450,98494,344705135,69818301810,20033946,KSQ
016090,KR7016090003,대현,KOSPI,,1572,1,20,1.29,1590,1600,1557,108449,171027667,69611791320,44282310,STK
338100,KR7338100001,NH프라임리츠,KOSPI,,3730,1,45,1.22,3685,3745,3645,61763,228990541,69601800000,18660000,STK
073640,KR7073640005,테라사이언스,KOSDAQ,관리종목(소속부없음),654,0,0,0.0,0,0,0,0,0,69571715580,106378770,KSQ
039020,KR7039020003,이건홀딩스,KOSDAQ,중견기업부,3080,3,0,0.0,3080,3180,3050,83125,256216692,69560903720,22584709,KSQ
204840,KR7204840003,지엘팜텍,KOSDAQ,기술성장기업부,895,1,5,0.56,890,898,882,36855,32824077,69406360370,77549006,KSQ
056360,KR7056360001,코위버,KOSDAQ,벤처기업부,7070,2,-50,-0.7,7260,7490,6960,120874,865851840,69263376000,9796800,KSQ
067370,KR7067370007,선바이오,KOSDAQ,기술성장기업부,5680,2,-300,-5.02,5920,5940,5570,13100,73987400,69259392400,12193555,KSQ
263600,KR7263600009,덕우전자,KOSDAQ,중견기업부,4345,1,55,1.28,4290,4415,4225,23466,100484941,69217196950,15930310,KSQ
061250,KR7061250007,화일약품,KOSDAQ,우량기업부,8220,1,10,0.12,8150,8370,8100,22818,188607600,69192540480,8417584,KSQ
196490,KR7196490007,디에이테크놀로지,KOSDAQ,투자주의환기종목(소속부없음),6090,0,0,0.0,0,0,0,0,0,69131518050,11351645,KSQ
155660,KR7155660004,DSR,KOSPI,,4320,1,30,0.7,4290,4320,4270,17284,74150194,69120000000,16000000,STK
101140,KR7101140002,인바이오젠,KOSPI,,6880,2,-220,-3.1,7300,7300,6880,4422,30765880,69104206080,10044216,STK
003780,KR7003780004,진양산업,KOSPI,,5310,2,-70,-1.3,5380,5390,5270,75939,403929380,69030000000,13000000,STK
076610,KR7076610005,해성옵틱스,KOSDAQ,벤처기업부,1225,2,-31,-2.47,1256,1271,1190,1550656,1885177992,69001203425,56327513,KSQ
048770,KR7048770002,TPC로보틱스,KOSDAQ,벤처기업부,4395,2,-110,-2.44,4640,4660,4340,234537,1039589293,68992670445,15697991,KSQ
140070,KR7140070004,서플러스글로벌,KOSDAQ,벤처기업부,1864,2,-73,-3.77,1937,1979,1862,260759,496478812,68945632000,36988000,KSQ
081180,KR7081180002,쎄크,KOSDAQ,기술성장기업부,7790,2,-220,-2.75,8010,8130,7770,65966,520917735,68750917650,8825535,KSQ
002800,KR7002800001,신신제약,KOSDAQ,우량기업부,4525,2,-200,-4.23,4645,4800,4510,481561,2210309721,68646512500,15170500,KSQ
162300,KR7162300008,신스틸,KOSDAQ,우량기업부,1652,2,-112,-6.35,1772,1772,1630,113296,189616562,68510723064,41471382,KSQ
025550,KR7025550005,한국선재,KOSDAQ,중견기업부,2685,2,-15,-0.56,2705,2725,2665,131217,352625470,68505100740,25514004,KSQ
205470,KR7205470008,휴마시스,KOSDAQ,중견기업부,2775,2,-10,-0.36,2755,2830,2705,48466,133419420,68473127775,24675001,KSQ
043710,KR7043710003,코스리거글로벌,KOSDAQ,중견기업부,3950,2,-85,-2.11,4035,4145,3850,6786,26813040,68384382900,17312502,KSQ
099220,KR7099220006,SDN,KOSDAQ,중견기업부,1049,1,64,6.5,985,1080,980,916141,948549619,68126623150,64944350,KSQ
417790,KR7417790003,트루엔,KOSDAQ,벤처기업부,6500,1,50,0.78,6440,6500,6290,13520,86189370,68044541500,10468391,KSQ
065530,KR7065530008,와이어블,KOSDAQ,우량기업부,1422,1,2,0.14,1446,1446,1400,96114,136443192,68026715298,47838759,KSQ
003925,KR7003921004,남양유업우,KOSPI,,34000,1,650,1.95,33750,34950,33750,3393,115775300,68000000000,2000000,STK
002795,KR7002791002,아모레퍼시픽홀딩스우,KOSPI,,10650,2,-220,-2.02,10870,10870,10510,18591,198326110,67959481800,6381172,STK
216050,KR7216050005,인크로스,KOSDAQ,중견기업부,5570,3,0,0.0,5560,5660,5490,30090,166623360,67946324540,12198622,KSQ
340360,KR7340360007,다보링크,KOSDAQ,투자주의환기종목(소속부없음),1300,1,1,0.08,1317,1338,1269,231922,301811187,67681603600,52062772,KSQ
214260,KR7214260002,라파스,KOSDAQ,기술성장기업부,7580,2,-130,-1.69,7840,7880,7500,13270,101088460,67632269540,8922463,KSQ
100220,KR7100220003,비상교육,KOSPI,,5200,1,170,3.38,5070,5220,5070,31090,160716150,67583053200,12996741,STK
046210,KR7046210001,HLB파나진,KOSDAQ,벤처기업부,1482,2,-11,-0.74,1500,1695,1426,244391,372667144,67472436720,45527960,KSQ
332370,KR7332370006,아이디피,KOSDAQ,벤처기업부,5080,1,30,0.59,5000,5080,4980,10773,53880370,67430528080,13273726,KSQ
104620,KR7104620000,노랑풍선,KOSDAQ,중견기업부,4010,2,-5,-0.12,4040,4110,3955,98735,399182355,67410313520,16810552,KSQ
049480,KR7049480007,오픈베이스,KOSDAQ,우량기업부,2145,1,20,0.94,2130,2155,2110,161970,345361024,67401011535,31422383,KSQ
060570,KR7060570009,드림어스컴퍼니,KOSDAQ,중견기업부,907,1,39,4.49,868,921,845,102035,89509826,67210126711,74101573,KSQ
137950,KR7137950002,제이씨케미칼,KOSDAQ,우량기업부,3015,2,-10,-0.33,3110,3110,2985,84616,254704555,67137459210,22267814,KSQ
198440,KR7198440000,강동씨앤엘,KOSDAQ,중견기업부,1100,2,-80,-6.78,1206,1234,1100,459081,526320697,67025085600,60931896,KSQ
010040,KR7010040004,한국내화,KOSPI,,1626,2,-3,-0.18,1655,1679,1610,65997,107436185,66775042812,41067062,STK
294140,KR7294140009,레몬,KOSDAQ,관리종목(소속부없음),2975,1,150,5.31,2830,3090,2830,58801,176254290,66684083550,22414818,KSQ
010660,KR7010660009,화천기계,KOSPI,,3030,1,50,1.68,2975,3045,2945,133648,399717260,66660000000,22000000,STK
068290,KR7068290006,삼성출판사,KOSPI,,6660,2,-150,-2.2,6840,6850,6540,21401,141550635,66600000000,10000000,STK
215360,KR7215360009,우리산업,KOSDAQ,우량기업부,7290,1,10,0.14,7450,7450,7240,8894,64747330,66573468270,9132163,KSQ
347000,KR7347000002,센코,KOSDAQ,기술성장기업부,1760,2,-31,-1.73,1760,1791,1755,40597,71521288,66547088960,37810846,KSQ
147760,KR7147760003,피엠티,KOSDAQ,벤처기업부,6150,2,-450,-6.82,6600,6600,5960,119211,728094845,66542175900,10819866,KSQ
094850,KR7094850005,참좋은여행,KOSDAQ,우량기업부,4750,2,-20,-0.42,4890,4890,4655,46489,220691870,66500000000,14000000,KSQ
014950,KR7014950000,삼익제약,KOSDAQ,벤처기업부,6640,2,-1060,-13.77,7640,8350,6510,5141958,38219221115,66450384320,10007588,KSQ
109860,KR7109860007,동일금속,KOSDAQ,우량기업부,7300,1,30,0.41,7360,7360,7210,903,6571300,66430000000,9100000,KSQ
299170,KR7299170001,더블유에스아이,KOSDAQ,중견기업부,1600,1,10,0.63,1590,1639,1572,158572,253121010,66418060800,41511288,KSQ
003310,KR7003310000,대주산업,KOSDAQ,우량기업부,1874,1,5,0.27,1869,1917,1852,294404,553181652,66325263900,35392350,KSQ
000220,KR7000220004,유유제약,KOSPI,,3890,2,-10,-0.26,3900,3940,3835,82477,318911570,66255845390,17032351,STK
311690,KR7311690002,CJ 바이오사이언스,KOSDAQ,기술성장기업부,5070,2,-10,-0.2,5200,5200,4870,15309,76816956,66241892340,13065462,KSQ
064800,KR7064800006,포니링크,KOSDAQ,중견기업부,2580,2,-45,-1.71,2625,2780,2500,99255,256060154,65948564220,25561459,KSQ
123420,KR7123420002,위메이드플레이,KOSDAQ,우량기업부,6340,1,30,0.48,6500,6620,6190,42075,269133590,65942599940,10401041,KSQ
089850,KR7089850002,유비벨록스,KOSDAQ,우량기업부,4475,1,75,1.7,4370,4475,4230,19799,85333270,65917640525,14730199,KSQ
080010,KR7080010002,이상네트웍스,KOSDAQ,중견기업부,6700,2,-30,-0.45,6980,6980,6630,3243,21768290,65894975700,9835071,KSQ
071090,KR7071090005,하이스틸,KOSPI,,3250,1,40,1.25,3220,3320,3160,178894,580859250,65622280750,20191471,STK
009200,KR7009200007,무림페이퍼,KOSPI,,1577,1,47,3.07,1560,1614,1525,418034,662553541,65617881870,41609310,STK
010240,KR7010240000,흥국,KOSDAQ,우량기업부,5600,1,160,2.94,5440,5650,5440,21737,121607430,65553600000,11706000,KSQ
315640,KR7315640003,딥노이드,KOSDAQ,기술성장기업부,2230,2,-70,-3.04,2355,2355,2200,194138,434619820,65500077360,29372232,KSQ
041460,KR7041460007,한국전자인증,KOSDAQ,중견기업부,3440,2,-30,-0.86,3500,3505,3390,56383,192761720,65360000000,19000000,KSQ
082850,KR7082850009,우리바이오,KOSDAQ,중견기업부,1348,2,-55,-3.92,1405,1415,1330,206623,280082508,65319467144,48456578,KSQ
134580,KR7134580000,탑코미디어,KOSDAQ,중견기업부,1322,1,76,6.1,1246,1328,1221,59532,75019996,65166864978,49294149,KSQ
005670,KR7005670005,푸드웰,KOSDAQ,우량기업부,6510,1,40,0.62,6470,6510,6340,16774,107564780,65100000000,10000000,KSQ
009770,KR7009770009,삼정펄프,KOSPI,,26000,2,-300,-1.14,26300,26400,25900,2243,58568050,64999246000,2499971,STK
038680,KR7038680005,에스넷,KOSDAQ,우량기업부,3260,2,-90,-2.69,3350,3435,3240,104160,343397475,64915212920,19912642,KSQ
012790,KR7012790002,신일제약,KOSDAQ,우량기업부,5410,3,0,0.0,5510,5550,5340,8331,44876265,64846505150,11986415,KSQ
003010,KR7003010006,혜인,KOSPI,,5100,1,30,0.59,5090,5290,4995,209234,1074571175,64835009700,12712747,STK
048910,KR7048910004,대원미디어,KOSDAQ,우량기업부,5150,1,10,0.19,5150,5290,5090,19585,100741610,64781571900,12578946,KSQ
091440,KR7091440008,한울소재과학,KOSDAQ,투자주의환기종목(소속부없음),1940,1,94,5.09,1846,1947,1790,201523,374127586,64762046120,33382498,KSQ
004440,KR7004440004,삼일씨엔에스,KOSPI,,5050,1,325,6.88,4725,5400,4630,167779,855234475,64296332350,12731947,STK
215790,KR7215790007,이노인스트루먼트,KOSDAQ,중견기업부,1594,1,89,5.91,1540,1774,1521,7571639,12376218034,64211339506,40283149,KSQ
007280,KR7007280001,한국특강,KOSPI,,2240,2,-20,-0.88,2300,2300,2180,27246,60384830,64168249600,28646540,STK
129260,KR7129260006,인터지스,KOSPI,,2155,1,40,1.89,2115,2155,2075,57654,122079296,64106668470,29747874,STK
155650,KR7155650005,와이엠씨,KOSDAQ,우량기업부,3375,2,-45,-1.32,3405,3465,3320,69793,235303260,64038458250,18974358,KSQ
004780,KR7004780003,대륙제관,KOSDAQ,우량기업부,4025,1,25,0.63,4000,4050,3980,45363,181945415,64010375975,15903199,KSQ
191420,KR7191420009,테고사이언스,KOSDAQ,벤처기업부,7890,2,-90,-1.13,7930,7960,7730,8900,69675350,63978700260,8108834,KSQ
072130,KR7072130008,유엔젤,KOSPI,,5030,2,-180,-3.45,5210,5270,4970,49272,249776065,63858133620,12695454,STK
251630,KR7251630000,브이원텍,KOSDAQ,벤처기업부,4000,2,-30,-0.74,4085,4135,3990,47059,189153091,63771544000,15942886,KSQ
053450,KR7053450003,세코닉스,KOSDAQ,우량기업부,4310,2,-100,-2.27,4415,4455,4275,92536,400257846,63756980930,14792803,KSQ
033230,KR7033230004,인성정보,KOSDAQ,중견기업부,1261,2,-2,-0.16,1265,1300,1250,133284,168345879,63699894180,50515380,KSQ
136410,KR7136410008,아셈스,KOSDAQ,벤처기업부,5780,1,160,2.85,5650,5830,5490,20989,118493055,63690432680,11019106,KSQ
000725,KR7000721001,현대건설우,KOSPI,,60300,1,2400,4.15,57900,61000,57400,12588,753141500,63597987900,1054693,STK
095270,KR7095270005,웨이브일렉트로,KOSDAQ,벤처기업부,4425,1,345,8.46,4115,5300,4115,1856148,9196088449,63597896550,14372406,KSQ
024900,KR7024900003,디와이덕양,KOSPI,,1951,1,35,1.83,1918,1960,1914,58823,113663380,63534275980,32564980,STK
317850,KR7317850006,대모,KOSDAQ,벤처기업부,7630,1,180,2.42,7400,8060,7340,139861,1083347955,63515324600,8324420,KSQ
452400,KR7452400005,이닉스,KOSDAQ,우량기업부,7000,1,130,1.89,6820,7080,6760,16287,112920705,63499996000,9071428,KSQ
033320,KR7033320003,제이씨현시스템,KOSDAQ,벤처기업부,3320,1,20,0.61,3340,3400,3300,59407,198652935,63459914240,19114432,KSQ
019990,KR7019990001,에너토크,KOSDAQ,중견기업부,6490,1,210,3.34,6310,6970,6250,189010,1239600580,63317011120,9756088,KSQ
222110,KR7222110009,팬젠,KOSDAQ,기술성장기업부,4675,2,-120,-2.5,4810,4845,4595,22699,105128325,63180329575,13514509,KSQ
012690,KR7012690004,모나리자,KOSPI,,1727,2,-17,-0.97,1744,1759,1702,21923,37800078,63158557385,36571255,STK
461030,KR7461030009,아이엠비디엑스,KOSDAQ,기술성장기업부,4400,2,-70,-1.57,4640,4640,4400,13868,62167455,63071874800,14334517,KSQ
006880,KR7006880009,신송홀딩스,KOSPI,,5320,1,60,1.14,5240,5420,5240,18055,95968980,62929524560,11828858,STK
045340,KR7045340007,토탈소프트,KOSDAQ,벤처기업부,7350,1,250,3.52,7180,7400,7040,74504,540336810,62901594000,8558040,KSQ
027830,KR7027830009,대성창투,KOSDAQ,중견기업부,1161,1,5,0.43,1157,1175,1151,78125,90673906,62694000000,54000000,KSQ
246690,KR7246690002,TS인베스트먼트,KOSDAQ,중견기업부,1317,0,0,0.0,0,0,0,0,0,62631711633,47556349,KSQ
001840,KR7001840008,이화공영,KOSDAQ,관리종목(소속부없음),2215,0,0,0.0,0,0,0,0,0,62588831935,28256809,KSQ
071670,KR7071670004,에이테크솔루션,KOSDAQ,중견기업부,6230,2,-50,-0.8,6220,6500,6180,22414,140341010,62300000000,10000000,KSQ
294090,KR7294090006,이오플로우,KOSDAQ,관리종목(소속부없음),1490,0,0,0.0,0,0,0,0,0,62295566450,41809105,KSQ
039420,KR7039420005,케이엘넷,KOSDAQ,중견기업부,2710,3,0,0.0,2730,2770,2705,22682,61799360,62186353740,22946994,KSQ
010770,KR7010770006,평화홀딩스,KOSPI,,4250,3,0,0.0,4325,4325,4135,31264,131558526,62158230500,14625466,STK
016250,KR7016250003,SGC E&C,KOSDAQ,중견기업부,12330,1,330,2.75,12480,12900,12040,8486,106529590,62106037380,5036986,KSQ
241790,KR7241790005,티이엠씨씨엔에스,KOSDAQ,우량기업부,6180,2,-190,-2.98,6540,6540,6180,14202,88453000,61816278120,10002634,KSQ
214270,KR7214270001,FSN,KOSDAQ,중견기업부,1364,2,-34,-2.43,1398,1425,1342,68452,93133490,61727253940,45254585,KSQ
198080,KR7198080004,캐프,KOSDAQ,우량기업부,2865,3,0,0.0,2870,2880,2795,53189,150603165,61698305025,21535185,KSQ
384470,KR7384470001,코어라인소프트,KOSDAQ,기술성장기업부,3435,1,85,2.54,3510,3510,3255,44708,149004121,61646887020,17946692,KSQ
046940,KR7046940003,우원개발,KOSDAQ,우량기업부,3410,2,-50,-1.45,3460,3525,3400,177843,613902071,61633533500,18074350,KSQ
088910,KR7088910005,동우팜투테이블,KOSDAQ,우량기업부,2380,2,-15,-0.63,2400,2405,2360,69061,164150590,61479598320,25831764,KSQ
460470,KR7460470008,아이빔테크놀로지,KOSDAQ,기술성장기업부,4065,2,-35,-0.85,4380,4430,3950,246238,1041158558,61460239050,15119370,KSQ
070300,KR7070300009,엑스큐어,KOSDAQ,중견기업부,1725,2,-271,-13.58,2010,2080,1585,1453782,2563047342,61280157525,35524729,KSQ
333620,KR7333620003,엔시스,KOSDAQ,벤처기업부,5570,1,70,1.27,5500,5590,5390,10946,60012290,61258358700,10997910,KSQ
061040,KR7061040002,알에프텍,KOSDAQ,중견기업부,6770,2,-80,-1.17,6870,6980,6650,10520,71490990,61256469710,9048223,KSQ
011230,KR7011230000,삼화전자,KOSPI,,3195,1,320,11.13,3090,3735,2915,13259226,44495027334,61234683075,19165785,STK
008370,KR7008370009,원풍,KOSDAQ,우량기업부,5100,3,0,0.0,5120,5120,5050,2306,11705970,61200000000,12000000,KSQ
331380,KR7331380006,포커스에이아이,KOSDAQ,투자주의환기종목(소속부없음),1883,2,-24,-1.26,1907,1907,1829,13189,24429168,61030833787,32411489,KSQ
222420,KR7222420002,쎄노텍,KOSDAQ,벤처기업부,1260,1,44,3.62,1252,1275,1190,163791,203224909,61007338980,48418523,KSQ
053050,KR7053050001,지에스이,KOSDAQ,우량기업부,2030,1,45,2.27,1986,2030,1985,150358,301329848,60874821910,29987597,KSQ
145170,KR7145170007,노브랜드,KOSDAQ,중견기업부,3595,2,-15,-0.42,3610,3635,3560,30187,108545420,60785715975,16908405,KSQ
049550,KR7049550007,잉크테크,KOSDAQ,우량기업부,3100,2,-5,-0.16,3105,3150,3045,8179,25166065,60779458700,19606277,KSQ
043650,KR7043650001,국순당,KOSDAQ,중견기업부,3400,2,-35,-1.02,3430,3445,3395,20352,69312423,60718233600,17858304,KSQ
036120,KR7036120004,서울평가정보,KOSDAQ,중견기업부,1727,2,-3,-0.17,1748,1749,1695,173068,298776726,60695415000,35145000,KSQ
111110,KR7111110003,호전실업,KOSPI,,6680,2,-50,-0.74,6680,6740,6660,6460,43171275,60560880000,9066000,STK
024910,KR7024910002,경창산업,KOSDAQ,중견기업부,1689,2,-5,-0.3,1694,1731,1663,124568,209028378,60498299445,35819005,KSQ
185490,KR7185490000,아이진,KOSDAQ,벤처기업부,1399,2,-6,-0.43,1405,1448,1375,218961,303563452,60478467816,43229784,KSQ
004060,KR7004060000,SG세계물산,KOSPI,,2980,2,-35,-1.16,2995,3030,2930,109412,324593696,60322638080,20242496,STK
014910,KR7014910004,성문전자,KOSPI,,2755,4,635,29.95,2180,2755,2180,1343378,3437773246,60216743035,21857257,STK
054930,KR7054930003,유신,KOSDAQ,우량기업부,20050,1,250,1.26,19650,20700,19590,17099,345653605,60150000000,3000000,KSQ
039240,KR7039240007,경남스틸,KOSDAQ,우량기업부,2220,2,-25,-1.11,2245,2275,2215,65327,146169560,59894720880,26979604,KSQ
378850,KR7378850002,화승알앤에이,KOSPI,,3150,1,10,0.32,3125,3150,3100,27293,85356860,59829912450,18993623,STK
180060,KR7180060006,탑선,KONEX,일반기업부,6400,1,170,2.73,6400,6600,6000,823,4985900,59825062400,9347666,KNX
175140,KR7175140003,휴먼테크놀로지,KOSDAQ,투자주의환기종목(소속부없음),2395,1,40,1.7,2340,2420,2310,41759,98089475,59741485935,24944253,KSQ
396690,KR7396690000,미래에셋글로벌리츠,KOSPI,,1508,1,27,1.82,1481,1509,1470,91300,135321691,59725757520,39605940,STK
263690,KR7263690000,디알젬,KOSDAQ,우량기업부,5270,1,50,0.96,5160,5270,5160,5319,27674750,59685964700,11325610,KSQ
163280,KR7163280001,에어레인,KOSDAQ,기술성장기업부,4385,1,30,0.69,4340,4415,4310,42878,187091123,59649497030,13603078,KSQ
010470,KR7010470003,오리콤,KOSDAQ,우량기업부,4975,1,30,0.61,4945,5000,4945,6168,30595875,59575873750,11975050,KSQ
109080,KR7109080002,옵티시스,KOSDAQ,벤처기업부,10560,2,-40,-0.38,10790,10960,10410,36579,386377660,59516160000,5636000,KSQ
073110,KR7073110009,엘엠에스,KOSDAQ,벤처기업부,6690,2,-220,-3.18,6910,7300,6330,86455,603708190,59512600950,8895755,KSQ
004770,KR7004770004,써니전자,KOSPI,,1676,1,34,2.07,1642,1690,1640,180554,300559832,59510466088,35507438,STK
036670,KR7036670008,삼양케이씨아이,KOSDAQ,우량기업부,5270,1,20,0.38,5300,5300,5250,2234,11770045,59392900000,11270000,KSQ
246960,KR7246960009,SCL사이언스,KOSDAQ,기술성장기업부,1743,1,40,2.35,1703,1745,1665,97915,166123162,59291712921,34017047,KSQ
064240,KR7064240005,홈캐스트,KOSDAQ,벤처기업부,1706,1,1,0.06,1712,1789,1699,61400,106589126,59188392206,34694251,KSQ
382150,KR7382150001,온코크로스,KOSDAQ,기술성장기업부,4850,1,180,3.85,4670,4965,4640,45693,219741960,59150391450,12195957,KSQ
100030,KR7100030006,인지소프트,KOSDAQ,중견기업부,18000,1,170,0.95,17830,18250,17760,5347,95965980,59106852000,3283714,KSQ
192250,KR7192250009,케이사인,KOSDAQ,벤처기업부,8360,1,50,0.6,8310,8470,8220,21687,179732020,59081165000,7067125,KSQ
001550,KR7001550003,조비,KOSPI,,11370,1,280,2.52,11010,11370,10890,24792,276883730,59035757430,5192239,STK
042110,KR7042110007,에스씨디,KOSDAQ,우량기업부,1221,2,-2,-0.16,1223,1230,1205,98791,120280563,59010397644,48329564,KSQ
004540,KR7004540001,깨끗한나라,KOSPI,,1579,2,-7,-0.44,1587,1600,1560,48166,75866836,58803054247,37240693,STK
217500,KR7217500008,러셀,KOSDAQ,벤처기업부,1847,3,0,0.0,1845,1888,1822,355603,656950831,58756764000,31812000,KSQ
456570,KR7456570001,아이엠지티,KONEX,일반기업부,11160,1,270,2.48,11250,11250,10640,270,3023150,58755212640,5264804,KNX
094940,KR7094940004,푸른로보틱스,KOSDAQ,벤처기업부,7020,2,-110,-1.54,7150,7340,6960,114078,807962060,58696929720,8361386,KSQ
033560,KR7033560004,블루콤,KOSDAQ,중견기업부,3430,2,-35,-1.01,3460,3465,3360,37222,127041970,58653000000,17100000,KSQ
027050,KR7027050004,코리아나,KOSDAQ,중견기업부,1462,2,-13,-0.88,1463,1499,1450,39981,58482905,58480000000,40000000,KSQ
053620,KR7053620001,태양,KOSDAQ,우량기업부,6790,2,-10,-0.15,6800,6800,6760,8019,54322880,58394000000,8600000,KSQ
004830,KR7004830006,덕성,KOSPI,,3715,1,20,0.54,3625,3740,3575,24341,89745384,58251200000,15680000,STK
099520,KR7099520009,DGI,KOSDAQ,관리종목(소속부없음),1284,0,0,0.0,0,0,0,0,0,58141862016,45281824,KSQ
199550,KR7199550005,레이저옵텍,KOSDAQ,벤처기업부,3915,1,135,3.57,3900,4185,3765,20911,81641874,58121271765,14845791,KSQ
317690,KR7317690006,퀀타매트릭스,KOSDAQ,기술성장기업부,2880,1,55,1.95,2825,2900,2780,50522,143222283,57988883520,20135029,KSQ
088280,KR7088280003,쏘닉스,KOSDAQ,기술성장기업부,3350,2,-70,-2.05,3425,3585,3280,114228,390786871,57976741500,17306490,KSQ
007370,KR7007370000,진양제약,KOSDAQ,우량기업부,4100,2,-5,-0.12,4190,4250,4000,24014,96957766,57951806700,14134587,KSQ
009835,KR7009831009,한화솔루션우,KOSPI,,22500,1,1800,8.7,21300,22550,20350,26751,577670550,57945352500,2575349,STK
021050,KR7021050000,서원,KOSPI,,1220,1,59,5.08,1160,1228,1157,308126,369638509,57918999800,47474590,STK
424980,KR7424980001,마이크로투나노,KOSDAQ,기술성장기업부,9780,2,-230,-2.3,10010,10180,9700,14904,146491550,57886744200,5918890,KSQ
296160,KR7296160005,프로젠,KONEX,일반기업부,3760,1,85,2.31,3885,3890,3630,2853,10718780,57810297040,15375079,KNX
250030,KR7250030004,진코스텍,KONEX,일반기업부,19980,2,-170,-0.84,20850,20850,19980,960,19245960,57780821340,2891933,KNX
092440,KR7092440007,기신정기,KOSPI,,1977,1,41,2.12,1936,1985,1857,108065,211204965,57728400000,29200000,STK
347740,KR7347740003,피엔케이피부임상연구센타,KOSDAQ,벤처기업부,1916,2,-28,-1.44,2000,2000,1895,35716,68339398,57500263616,30010576,KSQ
042940,KR7042940007,상지건설,KOSDAQ,중견기업부,8420,1,970,13.02,7450,9680,7430,3269480,30089369610,57497755040,6828712,KSQ
37550K,KR737550K011,DL이앤씨우,KOSPI,,27050,1,1850,7.34,25200,29850,25200,43983,1218924375,57180589250,2113885,STK
092780,KR7092780006,DYP,KOSPI,,4340,2,-45,-1.03,4450,4450,4330,29439,128813040,57151116400,13168460,STK
273060,KR7273060004,와이즈버즈,KOSDAQ,중견기업부,1130,2,-4,-0.35,1142,1159,1080,141494,159310292,57019327660,50459582,KSQ
079650,KR7079650008,서산,KOSDAQ,중견기업부,2850,4,655,29.84,2850,2850,2475,3205079,8787987652,57000000000,20000000,KSQ
099410,KR7099410003,동방선기,KOSDAQ,벤처기업부,4070,1,70,1.75,3970,4090,3940,55862,224778592,56980000000,14000000,KSQ
137080,KR7137080008,나래나노텍,KOSDAQ,중견기업부,5150,1,645,14.32,4585,5220,4440,66490,326991950,56956023300,11059422,KSQ
005305,KR7005301007,롯데칠성우,KOSPI,,73400,1,700,0.96,72700,73900,70500,1062,77780050,56907754000,775310,STK
067920,KR7067920009,이글루,KOSDAQ,우량기업부,5160,1,100,1.98,5040,5170,4990,23709,119637845,56739974040,10996119,KSQ
0013V0,KR70013V0002,삼진식품,KOSDAQ,중견기업부,5690,1,30,0.53,5660,5710,5610,24334,137730660,56437152640,9918656,KSQ
002630,KR7002630002,오리엔트바이오,KOSPI,,951,2,-45,-4.52,996,996,931,280141,269342885,56386218402,59291502,STK
446840,KR7446840001,지슨,KOSDAQ,기술성장기업부,1023,1,20,1.99,1003,1030,967,60782,60639596,56349993909,55083083,KSQ
023810,KR7023810005,인팩,KOSPI,,5630,2,-70,-1.23,5650,5660,5440,35354,194618360,56300000000,10000000,STK
006980,KR7006980007,우성,KOSPI,,18180,1,60,0.33,18370,19000,18055,1430,26105440,56176200000,3090000,STK
260930,KR7260930003,씨티케이,KOSDAQ,중견기업부,2900,3,0,0.0,2880,2995,2875,23962,69591920,56090613900,19341591,KSQ
372910,KR7372910000,한컴라이프케어,KOSPI,,2025,1,45,2.27,1964,2040,1963,45546,91572943,56040672150,27674406,STK
004920,KR7004920005,씨아이테크,KOSPI,,1073,1,4,0.37,1069,1117,1033,174081,187790256,55989002656,52179872,STK
003465,KR7003461001,유화증권우,KOSPI,,3200,1,60,1.91,3245,3250,3150,67,212470,55924560000,17476425,STK
303360,KR7303360002,프로티아,KOSDAQ,기술성장기업부,4335,1,135,3.21,4250,4520,4250,41405,181460715,55833564525,12879715,KSQ
033310,KR7033310004,엠투엔,KOSDAQ,중견기업부,1393,2,-5,-0.36,1398,1410,1378,53222,73780910,55681631208,39972456,KSQ
170790,KR7170790000,파이오링크,KOSDAQ,우량기업부,8700,3,0,0.0,8580,8700,8430,8080,68866170,55656814500,6397335,KSQ
011390,KR7011390002,부산산업,KOSPI,,52700,1,1700,3.33,51000,54000,49400,7868,414243300,55651200000,1056000,STK
053270,KR7053270005,구영테크,KOSDAQ,우량기업부,2030,1,39,1.96,2015,2050,1984,83353,168255289,55643122150,27410405,KSQ
003475,KR7003471000,유안타증권우,KOSPI,,4340,1,20,0.46,4325,4370,4160,39799,172215485,55601345800,12811370,STK
340930,KR7340930007,유일에너테크,KOSDAQ,관리종목(소속부없음),806,0,0,0.0,0,0,0,0,0,55513882710,68875785,KSQ
058730,KR7058730003,다스코,KOSPI,,2780,3,0,0.0,2805,2960,2715,373106,1044545455,55456054380,19948221,STK
038010,KR7038010005,제일테크노스,KOSDAQ,우량기업부,6160,1,110,1.82,6140,6170,6030,23981,146310235,55440000000,9000000,KSQ
053160,KR7053160008,프리엠스,KOSDAQ,중견기업부,9240,1,1190,14.78,9090,10310,8350,360897,3365147785,55440000000,6000000,KSQ
072470,KR7072470008,우리산업홀딩스,KOSDAQ,중견기업부,2935,1,20,0.69,2915,3070,2885,28401,83476585,55434345835,18887341,KSQ
480370,KR7480370006,씨케이솔루션,KOSPI,,1704,2,-4,-0.23,1695,1745,1670,61718,104479104,55348319232,32481408,STK
352910,KR7352910004,오비고,KOSDAQ,기술성장기업부,4360,1,40,0.93,4300,4370,4290,7561,32716910,55100816720,12637802,KSQ
002760,KR7002760007,보락,KOSPI,,919,1,6,0.66,934,934,914,77169,71111988,55048100000,59900000,STK
065440,KR7065440000,이루온,KOSDAQ,벤처기업부,2015,2,-15,-0.74,2045,2130,1980,391231,792907817,54959165300,27275020,KSQ
075180,KR7075180000,새론오토모티브,KOSPI,,2860,2,-160,-5.3,2970,2970,2845,17000,48931580,54912000000,19200000,STK
278650,KR7278650007,HLB바이오스텝,KOSDAQ,중견기업부,3145,1,55,1.78,3070,3750,2965,309016,1007303153,54824885420,17432396,KSQ
479960,KR7479960007,위너스일렉,KOSDAQ,중견기업부,7690,2,-50,-0.65,7740,7880,7640,7438,57323500,54798940000,7126000,KSQ
217480,KR7217480003,에스디생명공학,KOSDAQ,투자주의환기종목(소속부없음),499,0,0,0.0,0,0,0,0,0,54756837359,109733141,KSQ
040610,KR7040610008,SG&G,KOSDAQ,중견기업부,3205,1,20,0.63,3240,3250,3140,35595,113077897,54624731590,17043598,KSQ
452200,KR7452200009,민테크,KOSDAQ,기술성장기업부,2250,2,-40,-1.75,2295,2355,2225,139260,316405797,54523800000,24232800,KSQ
053350,KR7053350005,이니텍,KOSDAQ,중견기업부,2470,1,20,0.82,2445,2600,2415,46224,114138065,54392030550,22021065,KSQ
025530,KR7025530007,SJM홀딩스,KOSPI,,3640,1,40,1.11,3600,3640,3555,5430,19539980,54359789120,14934008,STK
050960,KR7050960004,수산아이앤티,KOSDAQ,벤처기업부,8050,1,140,1.77,7850,8080,7850,2958,23467120,54345550000,6751000,KSQ
950200,KR8840150005,소마젠,KOSDAQ,외국기업(소속부없음),2825,2,-20,-0.7,2825,2875,2805,15439,43688215,54341849725,19236053,KSQ
036090,KR7036090009,위지트,KOSDAQ,중견기업부,1371,2,-24,-1.72,1406,1409,1359,182434,251605935,54105274245,39464095,KSQ
004450,KR7004450003,삼화왕관,KOSPI,,25100,3,0,0.0,25100,25200,24700,492,12275775,54074912900,2154379,STK
318160,KR7318160009,셀바이오휴먼텍,KOSDAQ,벤처기업부,5790,2,-130,-2.2,6040,6040,5710,19857,114779820,54064200270,9337513,KSQ
290670,KR7290670009,대보마그네틱,KOSDAQ,중견기업부,6860,1,90,1.33,6720,7150,6450,17495,120067875,53903547600,7857660,KSQ
229000,KR7229000005,젠큐릭스,KOSDAQ,기술성장기업부,2300,1,220,10.58,2110,2690,2010,1474160,3565023831,53884779500,23428165,KSQ
001620,KR7001620004,케이비아이동국실업,KOSPI,,2420,2,-60,-2.42,2460,2475,2405,33098,80141310,53865826520,22258606,STK
104540,KR7104540000,코렌텍,KOSDAQ,기술성장기업부,4205,2,-50,-1.18,4215,4340,4150,44769,188333540,53764036700,12785740,KSQ
001465,KR7001461003,BYC우,KOSPI,,24950,2,-600,-2.35,25550,25550,24700,412,10258850,53738557500,2153850,STK
072990,KR7072990005,에이치시티,KOSDAQ,우량기업부,3705,1,50,1.37,3580,3725,3580,12142,44629335,53715853230,14498206,KSQ
065130,KR7065130007,탑엔지니어링,KOSDAQ,중견기업부,3355,1,50,1.51,3325,3355,3260,71890,238543321,53693420000,16004000,KSQ
177900,KR7177900008,쓰리에이로직스,KOSDAQ,기술성장기업부,5570,2,-30,-0.54,5650,5650,5120,47000,257811215,53625732000,9627600,KSQ
054300,KR7054300009,팬스타엔터프라이즈,KOSDAQ,벤처기업부,926,2,-63,-6.37,986,989,908,240310,225481902,53588495070,57870945,KSQ
214330,KR7214330003,금호에이치티,KOSPI,,2555,0,0,0.0,0,0,0,0,0,53434909745,20913859,STK
122310,KR7122310006,제노레이,KOSDAQ,우량기업부,3670,1,100,2.8,3570,3670,3515,6826,24314928,53412607480,14553844,KSQ
432430,KR7432430007,와이랩,KOSDAQ,기술성장기업부,3235,2,-140,-4.15,3375,3385,3060,135567,433539699,53404415200,16508320,KSQ
256630,KR7256630005,포인트엔지니어링,KOSDAQ,벤처기업부,4600,2,-50,-1.08,4640,4650,4425,5781,25933200,53357304400,11599414,KSQ
002410,KR7002410009,범양건영,KOSPI,,1935,0,0,0.0,0,0,0,0,0,53173451700,27479820,STK
104040,KR7104040001,디에스엠,KOSDAQ,벤처기업부,1983,1,43,2.22,1940,1999,1848,96650,183239943,53171299395,26813565,KSQ
378800,KR7378800007,샤페론,KOSDAQ,기술성장기업부,1147,2,-153,-11.77,1305,1309,1147,1156022,1388396044,53040756557,46243031,KSQ
471820,KR7471820001,셀로맥스사이언스,KOSDAQ,벤처기업부,4685,1,35,0.75,4620,4750,4590,2309,10780360,52953988115,11302879,KSQ
015710,KR7015710007,코콤,KOSDAQ,우량기업부,3010,1,5,0.17,3080,3085,2970,12989,38987420,52766805000,17530500,KSQ
063440,KR7063440002,SM Life Design,KOSDAQ,중견기업부,1164,2,-2,-0.17,1161,1183,1146,169976,197293315,52751739696,45319364,KSQ
159580,KR7159580000,제로투세븐,KOSDAQ,중견기업부,2625,1,15,0.57,2595,2680,2565,13281,34501560,52585669500,20032636,KSQ
123700,KR7123700007,SJM,KOSPI,,3365,1,15,0.45,3355,3425,3285,16581,55197665,52510481770,15604898,STK
219420,KR7219420007,링크제니시스,KOSDAQ,기술성장기업부,4565,1,170,3.87,4530,4975,4520,189095,893543555,52358299455,11469507,KSQ
373160,KR7373160001,데이원컴퍼니,KOSDAQ,기술성장기업부,3785,1,55,1.47,3730,3880,3700,11745,44238765,52261270165,13807469,KSQ
435570,KR7435570007,에르코스,KOSDAQ,벤처기업부,6860,1,80,1.18,6780,7000,6670,14094,95809730,52252503380,7616983,KSQ
291650,KR7291650000,압타머사이언스,KOSDAQ,기술성장기업부,854,1,3,0.35,902,902,824,59613,50860241,52127512668,61039242,KSQ
317530,KR7317530004,에피소드컴퍼니,KOSDAQ,기술성장기업부,2970,2,-80,-2.62,3060,3060,2915,3922,11771165,51959799540,17494882,KSQ
066670,KR7066670001,디티씨,KOSDAQ,중견기업부,2770,1,70,2.59,2670,2805,2670,47466,129853240,51776612860,18691918,KSQ
053980,KR7053980009,오상자이엘,KOSDAQ,우량기업부,2720,2,-80,-2.86,2815,2845,2610,163046,440516354,51633169760,18982783,KSQ
219550,KR7219550001,디와이디,KOSDAQ,관리종목(소속부없음),1334,1,14,1.06,1320,1362,1270,79781,105165049,51590123504,38673256,KSQ
096610,KR7096610001,알에프세미,KOSDAQ,투자주의환기종목(소속부없음),2965,0,0,0.0,0,0,0,0,0,51550708615,17386411,KSQ
051390,KR7051390003,YW,KOSDAQ,중견기업부,4535,1,30,0.67,4470,4540,4400,4942,22226620,51496593880,11355368,KSQ
321820,KR7321820003,아티스트컴퍼니,KOSDAQ,기술성장기업부,3300,2,-20,-0.6,3320,3410,3275,29705,98077915,51451540800,15591376,KSQ
299900,KR7299900001,위지윅스튜디오,KOSDAQ,중견기업부,300,2,-4,-1.32,305,306,296,343434,103032011,51314665200,171048884,KSQ
277070,KR7277070009,린드먼아시아,KOSDAQ,중견기업부,3745,1,120,3.31,3765,3765,3630,1957,7229220,51276540000,13692000,KSQ
207760,KR7207760000,미스터블루,KOSDAQ,중견기업부,616,2,-21,-3.3,631,638,605,64441,39624996,51177146328,83079783,KSQ
060560,KR7060560000,HC홈센타,KOSDAQ,중견기업부,2015,2,-25,-1.23,2035,2040,1960,14317,28818429,51156822015,25388001,KSQ
348080,KR7348080003,큐라티스,KOSDAQ,중견기업부,442,1,6,1.38,442,452,424,107034,46365338,51028803202,115449781,KSQ
020760,KR7020760005,일진디스플,KOSPI,,902,0,0,0.0,0,0,0,0,0,50984432422,56523761,STK
094970,KR7094970001,제이엠티,KOSDAQ,벤처기업부,3040,1,80,2.7,2975,3065,2940,123677,370056446,50914649600,16748240,KSQ
143540,KR7143540003,영우디에스피,KOSDAQ,벤처기업부,1140,1,54,4.97,1104,1142,1088,236188,265962709,50843880300,44599895,KSQ
288620,KR7288620008,에스프리즘,KOSDAQ,벤처기업부,7280,1,90,1.25,7270,7450,7110,9838,71584325,50809420480,6979316,KSQ
068330,KR7068330000,일신바이오,KOSDAQ,중견기업부,1145,1,1,0.09,1144,1157,1120,51244,58099648,50627480300,44216140,KSQ
007680,KR7007680002,대원,KOSDAQ,중견기업부,3760,2,-15,-0.4,3745,3820,3745,4057,15361855,50558742240,13446474,KSQ
041650,KR7041650003,상신브레이크,KOSPI,,2350,1,10,0.43,2335,2400,2335,21251,50141650,50457907500,21471450,STK
440290,KR7440290005,HB인베스트먼트,KOSDAQ,중견기업부,1834,2,-3,-0.16,1838,1860,1821,58971,108362498,50446792620,27506430,KSQ
393970,KR7393970009,대진첨단소재,KOSDAQ,관리종목(소속부없음),2825,0,0,0.0,0,0,0,0,0,50428566500,17850820,KSQ
052220,KR7052220001,iMBC,KOSDAQ,중견기업부,2190,1,10,0.46,2165,2200,2130,53381,115793707,50370000000,23000000,KSQ
023350,KR7023350002,한국종합기술,KOSPI,,4585,1,70,1.55,4500,4670,4485,18653,85262990,50205750000,10950000,STK
361570,KR7361570005,알비더블유,KOSDAQ,중견기업부,1740,2,-11,-0.63,1810,1810,1717,19014,32970828,50013326340,28743291,KSQ
261520,KR7261520001,이지스,KOSDAQ,기술성장기업부,4865,1,80,1.67,4730,4880,4700,21108,100680025,50001497000,10277800,KSQ
360350,KR7360350003,코셈,KOSDAQ,기술성장기업부,8700,2,-30,-0.34,8310,9000,8310,52180,449828415,49920339000,5737970,KSQ
014190,KR7014190003,원익큐브,KOSDAQ,우량기업부,1409,1,3,0.21,1390,1422,1381,68779,96028350,49871655039,35395071,KSQ
000910,KR7000910000,유니온,KOSPI,,3190,1,35,1.11,3275,3275,3160,34758,110993772,49801064610,15611619,STK
002140,KR7002140002,고려산업,KOSPI,,1995,1,20,1.01,1957,1995,1957,58070,115367668,49754152875,24939425,STK
095910,KR7095910006,에스에너지,KOSDAQ,중견기업부,1330,1,50,3.91,1283,1449,1277,2057899,2822182460,49604888970,37296909,KSQ
082210,KR7082210006,옵트론텍,KOSDAQ,중견기업부,1415,2,-9,-0.63,1439,1448,1385,67582,94526411,49473111950,34963330,KSQ
089790,KR7089790000,제이티,KOSDAQ,벤처기업부,4795,2,-175,-3.52,5050,5050,4755,54477,264896251,49462884835,10315513,KSQ
006370,KR7006370001,대구백화점,KOSPI,,4570,1,25,0.55,4545,4625,4505,37165,169807684,49454762270,10821611,STK
28513K,KR728513K010,SK케미칼우,KOSPI,,23350,2,-50,-0.21,23400,23500,23000,1840,42703825,49395267150,2115429,STK
317870,KR7317870004,엔바이오니아,KOSDAQ,기술성장기업부,5580,1,130,2.39,5450,5600,5350,11392,62297190,49337774100,8841895,KSQ
033170,KR7033170002,시그네틱스,KOSDAQ,중견기업부,574,2,-18,-3.04,596,615,560,182700,104777298,49208055106,85728319,KSQ
460870,KR7460870009,에스엠씨지,KOSDAQ,벤처기업부,2450,1,40,1.66,2540,2540,2365,40429,98229935,49179594800,20073304,KSQ
950220,KR8840140006,네오이뮨텍,KOSDAQ,기술성장기업부,1465,2,-77,-4.99,1542,1542,1460,445936,663370185,49118344200,33527880,KSQ
189860,KR7189860000,서전기전,KOSDAQ,벤처기업부,5060,2,-120,-2.32,5290,5290,4970,78966,401377235,49075826800,9698780,KSQ
090080,KR7090080003,평화산업,KOSPI,,888,1,7,0.79,881,908,881,111291,99832670,48753205992,54902259,STK
190650,KR7190650002,코리아에셋투자증권,KOSDAQ,우량기업부,7630,1,290,3.95,7450,7670,7360,22844,172473920,48740440000,6388000,KSQ
065500,KR7065500001,오리엔트정공,KOSDAQ,중견기업부,1465,1,2,0.14,1467,1489,1436,94830,138172110,48700866080,33242912,KSQ
408900,KR7408900009,스튜디오미르,KOSDAQ,중견기업부,1485,1,17,1.16,1458,1505,1458,29608,43600185,48638099565,32752929,KSQ
037330,KR7037330008,인지디스플레,KOSDAQ,우량기업부,1108,1,2,0.18,1117,1125,1097,114345,126080718,48624828192,43885224,KSQ
271830,KR7271830002,팸텍,KOSDAQ,벤처기업부,1648,2,-90,-5.18,1724,1775,1624,1585500,2661504302,48599852896,29490202,KSQ
004910,KR7004910006,조광페인트,KOSPI,,3790,1,140,3.84,3650,3800,3650,16951,63103490,48512000000,12800000,STK
065170,KR7065170003,비엘팜텍,KOSDAQ,투자주의환기종목(소속부없음),1734,2,-91,-4.99,1825,1831,1734,191425,338898699,48402517062,27913793,KSQ
057540,KR7057540007,옴니시스템,KOSDAQ,중견기업부,814,1,75,10.15,740,839,740,747952,596529412,48346934152,59394268,KSQ
006125,KR7006121008,SK디스커버리우,KOSPI,,39250,1,750,1.95,38600,39250,38200,624,24259850,48344421250,1231705,STK
305090,KR7305090003,마이크로디지탈,KOSDAQ,기술성장기업부,2590,1,75,2.98,2515,2675,2395,156550,394394300,48228004090,18620851,KSQ
393210,KR7393210000,토마토시스템,KOSDAQ,기술성장기업부,3085,1,55,1.82,3070,3100,2995,55376,168393559,48170868240,15614544,KSQ
189980,KR7189980006,흥국에프엔비,KOSDAQ,우량기업부,1200,1,3,0.25,1197,1209,1176,68637,81534967,48165392400,40137827,KSQ
052790,KR7052790003,액토즈소프트,KOSDAQ,중견기업부,4380,2,-110,-2.45,4495,4535,4295,33771,146737855,47849515860,10924547,KSQ
082660,KR7082660002,코스나인,KOSDAQ,관리종목(소속부없음),480,0,0,0.0,0,0,0,0,0,47827617120,99640869,KSQ
047400,KR7047400007,유니온머티리얼,KOSPI,,1137,1,24,2.16,1127,1167,1114,137012,156942774,47754000000,42000000,STK
418250,KR7418250007,시큐레터,KOSDAQ,관리종목(소속부없음),6550,0,0,0.0,0,0,0,0,0,47629012750,7271605,KSQ
189690,KR7189690001,포시에스,KOSDAQ,벤처기업부,1740,1,12,0.69,1731,1753,1721,21271,36856473,47540226060,27321969,KSQ
016600,KR7016600009,큐캐피탈,KOSDAQ,중견기업부,3405,2,-340,-9.08,3795,3840,3385,85794,300872405,47539251405,13961601,KSQ
038070,KR7038070009,서린바이오,KOSDAQ,중견기업부,5110,1,50,0.99,5170,5170,5000,10173,51564905,47526454360,9300676,KSQ
413640,KR7413640004,비아이매트릭스,KOSDAQ,벤처기업부,6590,2,-30,-0.45,6620,6630,6550,7018,46162320,47493734600,7206940,KSQ
051630,KR7051630002,진양화학,KOSPI,,2235,2,-75,-3.25,2220,2360,2160,587551,1319318584,47382000000,21200000,STK
037950,KR7037950003,엘컴텍,KOSDAQ,중견기업부,2805,1,30,1.08,2705,2815,2705,18403,50870805,47375055915,16889503,KSQ
104200,KR7104200001,NHN벅스,KOSDAQ,중견기업부,3195,2,-10,-0.31,3200,3200,3050,38218,119534658,47374022250,14827550,KSQ
417860,KR7417860004,오브젠,KOSDAQ,벤처기업부,10050,2,-410,-3.92,10740,11100,9930,155077,1601524420,47203905300,4696906,KSQ
314140,KR7314140005,알피바이오,KOSDAQ,우량기업부,5430,2,-130,-2.34,5370,5550,5290,11381,61024140,47058340230,8666361,KSQ
009320,KR7009320003,아진전자부품,KOSPI,,954,1,7,0.74,940,960,936,86334,81897095,47031980580,49299770,STK
023440,KR7023440001,제이스코홀딩스,KOSDAQ,관리종목(소속부없음),521,0,0,0.0,0,0,0,0,0,46964378481,90142761,KSQ
198940,KR7198940009,한주라이트메탈,KOSDAQ,중견기업부,2405,1,95,4.11,2315,2550,2250,876024,2114601799,46804881045,19461489,KSQ
007530,KR7007530009,와이엠,KOSDAQ,중견기업부,2100,1,15,0.72,2125,2125,2070,2393,5010975,46733885100,22254231,KSQ
357250,KR7357250000,미래에셋맵스리츠,KOSPI,,1869,1,29,1.58,1839,1876,1828,63403,117674308,46715851245,24995105,STK
037230,KR7037230000,한국팩키지,KOSDAQ,우량기업부,1566,1,12,0.77,1541,1580,1541,54569,85231433,46667312082,29800327,KSQ
196300,KR7196300008,HLB펩,KOSDAQ,관리종목(소속부없음),4970,1,185,3.87,4790,5250,4685,19894,98742635,46600901830,9376439,KSQ
286750,KR7286750005,나노실리칸첨단소재,KOSDAQ,투자주의환기종목(소속부없음),1453,2,-37,-2.48,1479,1528,1420,107423,157565055,46537929221,32028857,KSQ
069460,KR7069460004,대호에이엘,KOSPI,,2660,0,0,0.0,0,0,0,0,0,46322277400,17414390,STK
238120,KR7238120000,얼라인드,KOSDAQ,기술성장기업부,3220,2,-100,-3.01,3320,3320,3150,10723,34261200,46300045120,14378896,KSQ
466410,KR7466410008,사이냅소프트,KOSDAQ,벤처기업부,9180,2,-30,-0.33,9450,9450,9100,3732,34185830,46239871140,5037023,KSQ
024950,KR7024950008,삼천리자전거,KOSDAQ,중견기업부,3725,1,5,0.13,3720,3805,3645,59047,218910317,46190000000,12400000,KSQ
226330,KR7226330009,신테카바이오,KOSDAQ,기술성장기업부,1899,1,39,2.1,1860,1927,1850,82235,154050707,46066844025,24258475,KSQ
127980,KR7127980001,화인써키트,KOSDAQ,중견기업부,3890,1,55,1.43,4040,4040,3835,9038,35380460,46060260760,11840684,KSQ
002920,KR7002920007,유성기업,KOSPI,,1772,1,9,0.51,1763,1782,1763,28740,51048495,45978970000,25947500,STK
153460,KR7153460001,네이블,KOSDAQ,중견기업부,7000,3,0,0.0,7180,9100,6750,379252,3042631790,45710098000,6530014,KSQ
171010,KR7171010002,램테크놀러지,KOSDAQ,벤처기업부,3195,1,5,0.16,3210,3340,3165,24066,77406045,45684512640,14298752,KSQ
060850,KR7060850005,영림원소프트랩,KOSDAQ,벤처기업부,5610,2,-20,-0.36,5630,5690,5520,5290,29459170,45614910000,8131000,KSQ
008420,KR7008420002,문배철강,KOSPI,,2220,2,-15,-0.67,2245,2270,2210,85761,190938628,45517781100,20503505,STK
444530,KR7444530000,심플랫폼,KOSDAQ,기술성장기업부,7080,2,-270,-3.67,7280,7470,7080,11542,83201040,45443999520,6418644,KSQ
066130,KR7066130006,하츠,KOSDAQ,우량기업부,3550,2,-30,-0.84,3580,3600,3535,13859,49340295,45440000000,12800000,KSQ
026940,KR7026940007,부국철강,KOSPI,,2270,1,20,0.89,2250,2370,2120,670767,1500380186,45400000000,20000000,STK
419080,KR7419080007,엔젯,KOSDAQ,기술성장기업부,4245,1,105,2.54,4140,4245,4060,21551,89088769,45358406565,10685137,KSQ
000950,KR7000950006,전방,KOSPI,,26900,3,0,0.0,26900,27250,26700,823,22071350,45192000000,1680000,STK
006490,KR7006490007,인스코비,KOSPI,,305,2,-12,-3.79,290,316,290,431580,131838442,45105265380,147886116,STK
005030,KR7005030002,부산주공,KOSPI,,486,0,0,0.0,0,0,0,0,0,45092532168,92782988,STK
017180,KR7017180001,명문제약,KOSPI,,1327,1,20,1.53,1307,1336,1301,43346,57084570,45056233458,33953454,STK
003080,KR7003080009,SB성보,KOSPI,,2250,1,5,0.22,2235,2260,2225,18934,42400454,45045000000,20020000,STK
056700,KR7056700008,신화인터텍,KOSDAQ,중견기업부,1545,2,-5,-0.32,1538,1548,1508,16330,24959971,45013715595,29135091,KSQ
450330,KR7450330006,하스,KOSDAQ,기술성장기업부,5490,2,-30,-0.54,5520,5540,5320,11243,60972820,44945768070,8186843,KSQ
097870,KR7097870000,효성오앤비,KOSDAQ,중견기업부,5280,1,80,1.54,5170,5300,5130,18603,97037495,44827200000,8490000,KSQ
074610,KR7074610007,이엔플러스,KOSPI,,5110,0,0,0.0,0,0,0,0,0,44815400070,8770137,STK
200580,KR7200580009,메디쎄이,KONEX,일반기업부,11960,3,0,0.0,11530,11960,11530,61,703760,44563904840,3726079,KNX
052460,KR7052460003,아이크래프트,KOSDAQ,벤처기업부,3045,2,-30,-0.98,3090,3150,3000,63002,192635657,44481165120,14607936,KSQ
420570,KR7420570004,제이투케이바이오,KOSDAQ,벤처기업부,7600,1,20,0.26,7580,7740,7450,38162,287983640,44440870800,5847483,KSQ
173940,KR7173940008,에프엔씨엔터,KOSDAQ,중견기업부,2885,2,-70,-2.37,2950,2950,2825,13492,38437650,44408251080,15392808,KSQ
307280,KR7307280008,원바이오젠,KOSDAQ,벤처기업부,6240,2,-20,-0.32,6260,6280,6100,5309,32792270,44270472480,7094627,KSQ
376290,KR7376290003,씨유테크,KOSDAQ,벤처기업부,2500,1,25,1.01,2550,2580,2410,5701,14047120,44143750000,17657500,KSQ
288330,KR7288330004,파라택시스코리아,KOSDAQ,관리종목(소속부없음),416,0,0,0.0,0,0,0,0,0,44129674368,106080948,KSQ
100660,KR7100660000,서암기계공업,KOSDAQ,중견기업부,3500,1,85,2.49,3420,3575,3380,32212,111831435,44100000000,12600000,KSQ
129890,KR7129890000,앱코,KOSDAQ,벤처기업부,964,2,-7,-0.72,971,978,954,71423,68670542,43905960328,45545602,KSQ
179530,KR7179530001,애드바이오텍,KOSDAQ,기술성장기업부,2230,2,-30,-1.33,2260,2400,2190,20344,45148952,43885574900,19679630,KSQ
234100,KR7234100006,폴라리스세원,KOSDAQ,우량기업부,2995,2,-10,-0.33,3005,3050,2935,27464,81678670,43731899820,14601636,KSQ
419120,KR7419120001,산돌,KOSDAQ,중견기업부,2970,2,-95,-3.1,3190,3190,2900,36676,109139035,43713535140,14718362,KSQ
458350,KR7458350006,에스팀,KOSDAQ,중견기업부,5030,1,105,2.13,5110,5230,4940,32369,163038920,43676496000,8683200,KSQ
351330,KR7351330006,이삭엔지니어링,KOSDAQ,벤처기업부,5260,2,-20,-0.38,5300,5350,5140,11788,61382610,43597615200,8288520,KSQ
196450,KR7196450001,코아시아씨엠,KOSDAQ,중견기업부,962,2,-8,-0.82,971,1018,955,203765,197229840,43597437884,45319582,KSQ
365590,KR7365590009,하이딥,KOSDAQ,기술성장기업부,1406,1,91,6.92,1370,1506,1321,493909,690583548,43594132304,31005784,KSQ
465480,KR7465480002,인스피언,KOSDAQ,벤처기업부,4280,2,-75,-1.72,4380,4395,4215,14518,61869987,43389664160,10137772,KSQ
105760,KR7105760003,포스뱅크,KOSDAQ,우량기업부,4260,2,-20,-0.47,4280,4390,4225,17112,73491970,43355668620,10177387,KSQ
050120,KR7050120005,ES큐브,KOSDAQ,중견기업부,3195,2,-5,-0.16,3105,3200,2950,29441,89935243,43337254770,13564086,KSQ
002290,KR7002290005,삼일기업공사,KOSDAQ,우량기업부,3490,3,0,0.0,3500,3535,3445,5457,19110745,43276000000,12400000,KSQ
093240,KR7093240000,형지엘리트,KOSPI,,702,2,-16,-2.23,734,734,696,411764,290562604,43095961818,61390259,STK
369370,KR7369370002,블리츠웨이엔터테인먼트,KOSDAQ,벤처기업부,863,2,-15,-1.71,878,915,830,62734,54877661,43039459193,49871911,KSQ
114450,KR7114450000,그린생명과학,KOSDAQ,벤처기업부,2150,1,15,0.7,2150,2170,2075,136350,288419922,43000000000,20000000,KSQ
009140,KR7009140005,경인전자,KOSPI,,27350,1,750,2.82,26900,27350,26350,3360,90464300,42961297950,1570797,STK
263770,KR7263770000,유에스티,KOSDAQ,우량기업부,1812,1,65,3.72,1820,1821,1754,33367,60228698,42944711664,23700172,KSQ
263020,KR7263020000,디케이앤디,KOSDAQ,벤처기업부,3100,2,-45,-1.43,3120,3135,3080,108343,335919077,42892052600,13836146,KSQ
355390,KR7355390006,크라우드웍스,KOSDAQ,기술성장기업부,2700,2,-180,-6.25,2875,2875,2675,132864,361047289,42860728800,15874344,KSQ
140520,KR7140520008,대창스틸,KOSDAQ,중견기업부,2030,1,33,1.65,2015,2060,1991,35378,71108179,42851763290,21109243,KSQ
038060,KR7038060000,루멘스,KOSDAQ,중견기업부,888,2,-22,-2.42,925,925,858,484566,430874159,42715525272,48103069,KSQ
025880,KR7025880006,케이씨피드,KOSDAQ,우량기업부,2555,3,0,0.0,2525,2575,2525,41194,104890515,42709017190,16715858,KSQ
122690,KR7122690001,서진오토모티브,KOSDAQ,중견기업부,1845,1,34,1.88,1815,1865,1799,41675,75860579,42581061270,23079166,KSQ
033540,KR7033540006,파라텍,KOSDAQ,중견기업부,813,1,36,4.63,770,830,765,173056,138047875,42476267103,52246331,KSQ
090410,KR7090410002,덕신이피씨,KOSDAQ,우량기업부,921,2,-17,-1.81,938,942,919,53361,49769953,42443451495,46084095,KSQ
0010V0,KR70010V0005,제이피아이헬스케어,KOSDAQ,벤처기업부,8300,1,10,0.12,8290,8480,8200,4949,41237520,42374820000,5105400,KSQ
150900,KR7150900009,파수AI,KOSDAQ,벤처기업부,3620,2,-35,-0.96,3660,3815,3540,62458,224685700,42368197640,11703922,KSQ
215380,KR7215380007,우정바이오,KOSDAQ,벤처기업부,2510,1,40,1.62,2470,2525,2410,60862,149167513,42242235760,16829576,KSQ
006920,KR7006920003,모헨즈,KOSDAQ,중견기업부,3865,2,-310,-7.43,4200,4230,3795,416249,1638502106,42205800000,10920000,KSQ
215090,KR7215090002,솔디펜스,KOSDAQ,벤처기업부,1820,1,118,6.93,1702,1895,1702,203526,369162940,42143303020,23155661,KSQ
250000,KR7250000007,보라티알,KOSDAQ,우량기업부,6240,2,-20,-0.32,6150,6270,6150,3108,19281010,42124573920,6750733,KSQ
459550,KR7459550000,알트,KOSDAQ,중견기업부,1670,2,-136,-7.53,1806,1834,1630,823856,1426067017,42118670870,25220761,KSQ
227950,KR7227950003,엔투텍,KOSDAQ,벤처기업부,1220,2,-85,-6.51,1317,1317,1215,111383,138950851,42100014980,34508209,KSQ
050860,KR7050860006,아세아텍,KOSDAQ,우량기업부,1869,1,7,0.38,1862,1896,1855,34506,64529455,42052500000,22500000,KSQ
012280,KR7012280004,영화금속,KOSPI,,847,2,-6,-0.7,863,863,844,106593,90940544,41947255735,49524505,STK
000215,KR7000211003,DL우,KOSPI,,24850,1,350,1.43,25050,25700,24000,3055,75165200,41899957750,1686115,STK
004410,KR7004410007,서울식품,KOSPI,,1060,2,-6,-0.56,1073,1080,1040,202483,213235111,41822313780,39455013,STK
049830,KR7049830003,승일,KOSDAQ,관리종목(소속부없음),6820,2,-60,-0.87,6880,6900,6640,2260,15289500,41821003840,6132112,KSQ
376930,KR7376930004,노을,KOSDAQ,기술성장기업부,815,3,0,0.0,829,846,772,314813,252450830,41802428245,51291323,KSQ
011300,KR7011300001,우성머티리얼스,KOSPI,,2635,1,85,3.33,2550,2860,2460,74688,193825505,41781563935,15856381,STK
261200,KR7261200000,덴티스,KOSDAQ,중견기업부,2635,2,-10,-0.38,2625,2675,2570,16720,44040530,41658559500,15809700,KSQ
020180,KR7020180006,대신정보통신,KOSDAQ,중견기업부,1083,1,34,3.24,1052,1089,1047,496644,531602572,41618514945,38428915,KSQ
123570,KR7123570004,이엠넷,KOSDAQ,중견기업부,1863,1,14,0.76,1850,1879,1834,10367,19170671,41500333314,22276078,KSQ
051490,KR7051490001,나라엠앤디,KOSDAQ,우량기업부,2915,1,10,0.34,2930,2930,2875,10980,31778775,41393000000,14200000,KSQ
237820,KR7237820006,플레이디,KOSDAQ,중견기업부,3225,1,20,0.62,3205,3240,3135,22733,72196655,41367526500,12827140,KSQ
019490,KR7019490002,엑시큐어하이트론,KOSPI,,541,0,0,0.0,0,0,0,0,0,41349858070,76432270,STK
072770,KR7072770001,멤레이비티,KOSDAQ,중견기업부,996,2,-4,-0.4,1005,1005,951,55319,54400066,41346049608,41512098,KSQ
069410,KR7069410009,엔텔스,KOSDAQ,벤처기업부,4030,1,10,0.25,4040,4160,3885,18025,71194290,41286640720,10244824,KSQ
452300,KR7452300007,캡스톤파트너스,KOSDAQ,중견기업부,2910,1,35,1.22,2860,2925,2820,46924,135349970,41233259550,14169505,KSQ
035460,KR7035460005,기산텔레콤,KOSDAQ,벤처기업부,2755,2,-125,-4.34,2905,2950,2750,237792,669174224,41105536700,14920340,KSQ
263810,KR7263810004,상신전자,KOSDAQ,중견기업부,2580,2,-25,-0.96,2605,2635,2510,49949,128239872,41086048500,15924825,KSQ
256150,KR7256150004,한독크린텍,KOSDAQ,벤처기업부,4890,2,-5,-0.1,4890,4890,4795,4725,22827180,41051550000,8395000,KSQ
043340,KR7043340009,에쎈테크,KOSDAQ,중견기업부,864,1,34,4.1,819,900,819,187412,162912239,41040000000,47500000,KSQ
091590,KR7091590000,남화토건,KOSDAQ,중견기업부,3495,2,-30,-0.85,3505,3700,3415,44343,156597365,41031300000,11740000,KSQ
452160,KR7452160005,제이엔비,KOSDAQ,중견기업부,4265,2,-165,-3.72,4395,4395,4220,14772,63156926,41018752655,9617527,KSQ
178780,KR7178780003,일월지엠엘,KOSDAQ,벤처기업부,2200,2,-40,-1.79,2220,2240,2200,4717,10485250,41006229000,18639195,KSQ
355690,KR7355690009,에이텀,KOSDAQ,기술성장기업부,4360,1,55,1.28,4305,4515,4225,145247,629997615,41005712800,9404980,KSQ
352700,KR7352700009,씨앤투스,KOSDAQ,벤처기업부,1560,1,26,1.69,1534,1568,1534,37289,58005726,40991962440,26276899,KSQ
008870,KR7008870008,금비,KOSPI,,40900,2,-150,-0.37,41000,41300,40850,757,31074250,40900000000,1000000,STK
258610,KR7258610005,케일럼,KOSDAQ,중견기업부,1120,1,30,2.75,1090,1130,1074,34291,37961811,40863270560,36485063,KSQ
133820,KR7133820001,화인베스틸,KOSPI,,1100,1,20,1.85,1080,1107,1063,30983,33527358,40825952200,37114502,STK
260660,KR7260660006,알리코제약,KOSDAQ,중견기업부,2660,2,-180,-6.34,2750,2870,2600,328366,886769540,40769875860,15327021,KSQ
239890,KR7239890007,피엔에이치테크,KOSDAQ,기술성장기업부,4100,2,-25,-0.61,4175,4175,3900,27762,111024591,40736595500,9935755,KSQ
066900,KR7066900002,디에이피,KOSDAQ,관리종목(소속부없음),1790,2,-33,-1.81,1808,1812,1767,4699,8386718,40712660370,22744503,KSQ
032960,KR7032960007,동일기연,KOSDAQ,관리종목(소속부없음),11570,2,-30,-0.26,11800,11800,11500,434,5012470,40710144150,3518595,KSQ
224110,KR7224110007,에이텍모빌리티,KOSDAQ,벤처기업부,7980,2,-110,-1.36,8090,8200,7910,16664,132390665,40541480280,5080386,KSQ
049470,KR7049470008,비트플래닛,KOSDAQ,중견기업부,1718,1,6,0.35,1765,1770,1650,81207,138351666,40450136482,23544899,KSQ
332290,KR7332290006,누보,KOSDAQ,벤처기업부,1013,1,18,1.81,995,1039,989,177826,179447686,40423161252,39904404,KSQ
017040,KR7017040007,광명전기,KOSPI,,932,0,0,0.0,0,0,0,0,0,40390657180,43337615,STK
128540,KR7128540002,에코캡,KOSDAQ,우량기업부,1513,2,-20,-1.3,1534,1566,1510,126499,193367335,40382665980,26690460,KSQ
023960,KR7023960008,에쓰씨엔지니어링,KOSPI,,1061,1,74,7.5,987,1219,987,172879,185968005,40356169475,38035975,STK
290120,KR7290120005,DH오토리드,KOSDAQ,중견기업부,2545,3,0,0.0,2560,2580,2520,9286,23638100,40275075465,15825177,KSQ
218150,KR7218150001,미래생명자원,KOSDAQ,벤처기업부,1970,1,59,3.09,1892,1976,1892,99753,192840015,40219129940,20415802,KSQ
105550,KR7105550008,엣지파운드리,KOSDAQ,중견기업부,512,2,-35,-6.4,533,546,497,802018,411358001,40093210112,78307051,KSQ
127710,KR7127710002,아시아경제,KOSDAQ,중견기업부,910,2,-4,-0.44,912,915,897,5028,4563368,40084781100,44049210,KSQ
000890,KR7000890004,보해양조,KOSPI,,1451,1,32,2.26,1421,1495,1421,127080,184521275,40082460275,27624025,STK
221840,KR7221840002,하이즈항공,KOSDAQ,중견기업부,2140,2,-5,-0.23,2140,2165,2085,26298,55926365,40019200540,18700561,KSQ
033830,KR7033830001,티비씨,KOSDAQ,중견기업부,400,0,0,0.0,0,0,0,0,0,40000000000,100000000,KSQ
263700,KR7263700007,케어랩스,KOSDAQ,중견기업부,2060,1,118,6.08,1942,2150,1934,75487,153888154,39993252000,19414200,KSQ
221980,KR7221980006,케이디켐,KOSDAQ,우량기업부,9910,2,-140,-1.39,10000,10000,9910,3817,38108260,39984868000,4034800,KSQ
019770,KR7019770007,서연탑메탈,KOSDAQ,우량기업부,3430,1,70,2.08,3350,3435,3350,9993,33977865,39959500000,11650000,KSQ
044960,KR7044960003,이글벳,KOSDAQ,중견기업부,3160,1,10,0.32,3120,3310,3120,37639,119489900,39948350280,12641883,KSQ
027740,KR7027740000,마니커,KOSPI,,1257,1,57,4.75,1200,1370,1200,1048307,1334241683,39916806798,31755614,STK
064090,KR7064090004,인크레더블버즈,KOSDAQ,관리종목(소속부없음),798,0,0,0.0,0,0,0,0,0,39694710510,49742745,KSQ
232830,KR7232830000,아이티센피엔에스,KOSDAQ,벤처기업부,2400,2,-180,-6.98,2580,2705,2110,240902,555469481,39680942400,16533726,KSQ
469750,KR7469750004,아이비젼웍스,KOSDAQ,벤처기업부,1150,1,54,4.93,1090,1150,1082,253870,281283942,39624953150,34456481,KSQ
476080,KR7476080007,M83,KOSDAQ,중견기업부,4905,2,-295,-5.67,5240,5390,4900,175620,880997750,39617685000,8077000,KSQ
011420,KR7011420007,갤럭시아에스엠,KOSPI,,1430,3,0,0.0,1410,1445,1410,48649,69155737,39395990920,27549644,STK
122350,KR7122350002,삼기,KOSDAQ,중견기업부,1025,1,5,0.49,1031,1031,958,62865,63731026,39297913700,38339428,KSQ
311390,KR7311390009,네오크레마,KOSDAQ,벤처기업부,3105,2,-5,-0.16,3110,3130,3070,10919,33769540,39290014845,12653789,KSQ
481850,KR7481850006,신한글로벌액티브리츠,KOSPI,,900,1,5,0.56,900,905,890,37621,33814943,39129897600,43477664,STK
184230,KR7184230001,SGA솔루션즈,KOSDAQ,벤처기업부,2065,2,-60,-2.82,2125,2185,2050,168111,351781199,39003676635,18887979,KSQ
297570,KR7297570004,알로이스,KOSDAQ,벤처기업부,1125,2,-67,-5.62,1192,1195,1125,152311,174574805,38948870250,34621218,KSQ
049800,KR7049800006,우진플라임,KOSPI,,1945,2,-37,-1.87,1985,1999,1831,52989,102390200,38900000000,20000000,STK
081580,KR7081580003,성우전자,KOSDAQ,중견기업부,2505,1,5,0.2,2490,2530,2425,80881,200440255,38847898215,15508143,KSQ
220180,KR7220180004,핸디소프트,KOSDAQ,벤처기업부,1621,2,-46,-2.76,1643,1669,1618,6153,10092423,38791894882,23930842,KSQ
289220,KR7289220006,자이언트스텝,KOSDAQ,기술성장기업부,1736,2,-35,-1.98,1771,1799,1701,54195,93659444,38734015656,22312221,KSQ
464280,KR7464280007,티디에스팜,KOSDAQ,중견기업부,7000,1,90,1.3,6910,7080,6750,11851,81747270,38710000000,5530000,KSQ
340810,KR7340810001,시선AI,KOSDAQ,기술성장기업부,2820,1,125,4.64,2715,2930,2715,143804,406665418,38478832320,13644976,KSQ
004870,KR7004870002,티웨이홀딩스,KOSPI,,340,2,-22,-6.08,380,470,336,37201186,15298989672,38475587960,113163494,STK
204020,KR7204020002,그리티,KOSDAQ,우량기업부,1974,2,-41,-2.03,2010,2020,1973,17075,33931388,38395942368,19450832,KSQ
084870,KR7084870005,TBH글로벌,KOSPI,,1874,1,25,1.35,1795,1880,1765,19317,35852588,38338771744,20458256,STK
086040,KR7086040003,바이오톡스텍,KOSDAQ,벤처기업부,2390,3,0,0.0,2390,2405,2380,11680,27963760,38140210330,15958247,KSQ
101240,KR7101240000,씨큐브,KOSDAQ,우량기업부,3355,2,-25,-0.74,3470,3500,3350,8185,27641125,38102909460,11357052,KSQ
290090,KR7290090000,트윔,KOSDAQ,벤처기업부,5120,2,-40,-0.78,5170,5300,5070,2474,12722160,38095708160,7440568,KSQ
186230,KR7186230009,그린플러스,KOSDAQ,벤처기업부,3480,2,-15,-0.43,3500,3540,3445,15602,54198795,38002254240,10920188,KSQ
022220,KR7022220008,티케이지애강,KOSDAQ,중견기업부,732,1,6,0.83,726,749,726,2173,1586319,37913631828,51794579,KSQ
013000,KR7013000005,세우글로벌,KOSPI,,1320,2,-37,-2.73,1350,1357,1310,41437,54644340,37890640920,28705031,STK
087600,KR7087600003,픽셀플러스,KOSDAQ,벤처기업부,4635,2,-75,-1.59,4710,4790,4620,4172,19389967,37851996330,8166558,KSQ
364950,KR7364950006,에이아이코리아,KOSDAQ,벤처기업부,4560,1,5,0.11,4570,4745,4475,17390,78737780,37831789200,8296445,KSQ
206560,KR7206560005,덱스터,KOSDAQ,기술성장기업부,1488,1,11,0.74,1477,1505,1465,26009,38412629,37812663168,25411736,KSQ
134790,KR7134790005,시디즈,KOSPI,,18900,2,-390,-2.02,19290,19410,18900,464,8808980,37800000000,2000000,STK
002880,KR7002880003,디와이에이,KOSPI,,808,2,-2,-0.25,820,825,804,71184,57799251,37793387960,46773995,STK
014570,KR7014570006,고려제약,KOSDAQ,중견기업부,3435,2,-5,-0.15,3415,3465,3380,19903,67881450,37785000000,11000000,KSQ
064480,KR7064480007,브리지텍,KOSDAQ,벤처기업부,3155,1,5,0.16,3165,3200,3105,33078,103697970,37710137500,11952500,KSQ
024120,KR7024120008,KB오토시스,KOSDAQ,중견기업부,3275,1,35,1.08,3250,3285,3230,21754,70858100,37662500000,11500000,KSQ
066910,KR7066910001,손오공,KOSDAQ,중견기업부,2810,1,230,8.91,2580,2850,2580,66576,184426379,37616435920,13386632,KSQ
335810,KR7335810008,프리시젼바이오,KOSDAQ,기술성장기업부,1712,2,-39,-2.23,1753,1776,1710,25547,43982689,37577554272,21949506,KSQ
145270,KR7145270005,케이탑리츠,KOSPI,,779,1,9,1.17,770,782,765,48613,37634605,37439342946,48060774,STK
206400,KR7206400004,베노티앤알,KOSDAQ,중견기업부,998,1,11,1.11,980,1005,932,32812,32046508,37435137684,37510158,KSQ
219750,KR7219750007,한국비티비,KOSDAQ,중견기업부,571,0,0,0.0,0,0,0,0,0,37358751335,65426885,KSQ
270870,KR7270870009,뉴트리,KOSDAQ,중견기업부,4060,1,145,3.7,3915,4075,3880,23648,94685262,37352909440,9200224,KSQ
005320,KR7005320007,온타이드,KOSPI,,1090,2,-4,-0.37,1085,1111,1056,259713,282413061,37264751050,34187845,STK
007120,KR7007120009,미래아이앤지,KOSPI,,1290,2,-1,-0.08,1232,1306,1201,83341,103461878,37253404320,28878608,STK
200780,KR7200780005,비씨월드제약,KOSDAQ,중견기업부,3485,2,-105,-2.92,3590,3590,3475,9281,32503220,37169828585,10665661,KSQ
089140,KR7089140008,넥스턴앤롤코리아,KOSDAQ,벤처기업부,2425,1,20,0.83,2420,2490,2280,98470,233420765,37141867450,15316234,KSQ
080520,KR7080520000,오디텍,KOSDAQ,벤처기업부,3280,2,-5,-0.15,3285,3480,3090,32554,104264993,37137527760,11322417,KSQ
148250,KR7148250004,알엔투테크놀로지,KOSDAQ,벤처기업부,2725,2,-5,-0.18,2730,2860,2660,59112,161929685,37089168400,13610704,KSQ
096630,KR7096630009,에스코넥,KOSDAQ,우량기업부,2335,2,-35,-1.48,2360,2405,2300,40053,93947239,37071214205,15876323,KSQ
089150,KR7089150007,케이씨티,KOSDAQ,벤처기업부,2155,1,25,1.17,2110,2270,2110,102977,225543365,36958250000,17150000,KSQ
088340,KR7088340005,유라클,KOSDAQ,벤처기업부,8430,2,-260,-2.99,8700,8900,8420,16679,142838300,36791622240,4364368,KSQ
083550,KR7083550004,케이엠,KOSDAQ,중견기업부,2710,2,-20,-0.73,2780,2780,2695,7684,20876525,36737207150,13556165,KSQ
052600,KR7052600004,한네트,KOSDAQ,중견기업부,3170,1,80,2.59,3090,3185,3090,12893,40315195,36656929000,11563700,KSQ
475460,KR7475460002,미트박스,KOSDAQ,벤처기업부,6490,2,-30,-0.46,6400,6600,6300,9602,62036320,36645947250,5646525,KSQ
203450,KR7203450002,유니온바이오메트릭스,KOSDAQ,벤처기업부,2580,1,35,1.38,2635,2635,2520,12916,32733445,36323838060,14079007,KSQ
071850,KR7071850002,캐스텍코리아,KOSDAQ,투자주의환기종목(소속부없음),1497,1,57,3.96,1455,1497,1438,20965,30747701,36318624186,24260938,KSQ
119500,KR7119500007,포메탈,KOSDAQ,중견기업부,3065,1,60,2.0,3035,3200,2995,80563,247036989,36311766080,11847232,KSQ
004365,KR7004361002,세방우,KOSPI,,9840,1,60,0.61,9730,9860,9730,1560,15286290,36302220000,3689250,STK
228340,KR7228340006,동양파일,KOSDAQ,중견기업부,1815,1,45,2.54,1795,2185,1737,514917,997827944,36300000000,20000000,KSQ
057030,KR7057030009,YBM넷,KOSDAQ,중견기업부,2225,2,-55,-2.41,2260,2280,2150,17352,38203530,36295750825,16312697,KSQ
066360,KR7066360009,체리부로,KOSDAQ,우량기업부,755,1,6,0.8,752,786,741,101469,77444334,36203771325,47952015,KSQ
103840,KR7103840005,우양,KOSDAQ,중견기업부,2210,2,-20,-0.9,2210,2235,2165,32701,72162335,36169805880,16366428,KSQ
160550,KR7160550000,NEW,KOSDAQ,중견기업부,1296,1,23,1.81,1286,1300,1231,43103,55376357,36166313376,27906106,KSQ
010640,KR7010640001,진양폴리,KOSPI,,2165,2,-40,-1.81,2175,2195,2135,103775,224073460,36155500000,16700000,STK
000760,KR7000760009,이화산업,KOSPI,,12900,1,320,2.54,13000,13000,12400,685,8836970,36120000000,2800000,STK
014990,KR7014990006,인디에프,KOSPI,,480,0,0,0.0,0,0,0,0,0,36054237600,75112995,STK
046310,KR7046310009,백금T&A,KOSDAQ,우량기업부,2195,2,-45,-2.01,2235,2235,2170,29560,64766862,36038916995,16418641,KSQ
284620,KR7284620002,카이노스메드,KOSDAQ,투자주의환기종목(소속부없음),1087,0,0,0.0,0,0,0,0,0,35965517911,33086953,KSQ
133750,KR7133750000,메가엠디,KOSDAQ,중견기업부,1530,1,1,0.07,1516,1530,1465,30575,46292197,35812827810,23407077,KSQ
079000,KR7079000006,와토스코리아,KOSDAQ,중견기업부,4965,2,-175,-3.4,5140,5150,4945,12759,63854975,35748000000,7200000,KSQ
068940,KR7068940006,셀피글로벌,KOSDAQ,관리종목(소속부없음),778,0,0,0.0,0,0,0,0,0,35720093048,45912716,KSQ
0010F0,KR70010F0005,보원케미칼,KOSDAQ,벤처기업부,3205,1,110,3.55,3080,3385,2990,843641,2700561622,35715241205,11143601,KSQ
011330,KR7011330008,유니켐,KOSPI,,396,0,0,0.0,0,0,0,0,0,35714383452,90187837,STK
026040,KR7026040006,제이에스티나,KOSDAQ,중견기업부,2160,2,-105,-4.64,2365,2365,2155,41497,91718905,35648186400,16503790,KSQ
407400,KR7407400001,꿈비,KOSDAQ,벤처기업부,2435,3,0,0.0,2420,2535,2420,31703,77548415,35635090290,14634534,KSQ
025440,KR7025440009,DH오토웨어,KOSDAQ,투자주의환기종목(소속부없음),730,0,0,0.0,0,0,0,0,0,35610293520,48781224,KSQ
064520,KR7064520000,테크엘,KOSDAQ,중견기업부,1592,2,-12,-0.75,1585,1595,1565,10314,16274074,35582890704,22351062,KSQ
003060,KR7003060001,에이프로젠바이오로직스,KOSPI,,2465,2,-100,-3.9,2600,2600,2455,91930,228087020,35526501910,14412374,STK
043910,KR7043910009,자연과환경,KOSDAQ,벤처기업부,3130,1,45,1.46,3070,3155,3025,14945,46304085,35491523850,11339145,KSQ
900300,HK0000312568,오가닉티코스메틱,KOSDAQ,외국기업(소속부없음),91,0,0,0.0,0,0,0,0,0,35399443716,389004876,KSQ
263050,KR7263050007,유틸렉스,KOSDAQ,관리종목(소속부없음),959,0,0,0.0,0,0,0,0,0,35324626904,36834856,KSQ
045060,KR7045060001,오공,KOSDAQ,우량기업부,2085,1,65,3.22,2025,2100,2005,45580,92838438,35324015790,16941974,KSQ
122830,KR7122830003,원포유,KONEX,일반기업부,1078,1,3,0.28,1098,1198,972,16977,17235203,35306639830,32751985,KNX
153490,KR7153490008,우리이앤엘하루틴,KOSDAQ,우량기업부,684,2,-16,-2.29,702,702,683,87445,60413430,35212320000,51480000,KSQ
050110,KR7050110006,캠시스,KOSDAQ,중견기업부,1200,1,8,0.67,1193,1250,1165,197863,237422388,35069787600,29224823,KSQ
337840,KR7337840003,유엑스엔,KONEX,일반기업부,7350,2,-130,-1.74,7590,7590,7200,311,2279680,34894389600,4747536,KNX
340440,KR7340440007,세림B&G,KOSDAQ,벤처기업부,1228,1,3,0.24,1224,1245,1210,124247,152096955,34848630992,28378364,KSQ
199480,KR7199480005,뱅크웨어글로벌,KOSDAQ,기술성장기업부,3410,3,0,0.0,3520,3590,3300,24437,84067657,34770365080,10196588,KSQ
387570,KR7387570005,파인메딕스,KOSDAQ,기술성장기업부,6170,1,80,1.31,6090,6250,5900,6931,41570820,34711803000,5625900,KSQ
318410,KR7318410008,비비씨,KOSDAQ,중견기업부,6230,2,-10,-0.16,6140,6240,6080,6732,41493145,34609163890,5555243,KSQ
003535,KR7003531001,한화투자증권우,KOSPI,,7210,2,-40,-0.55,7400,7400,6940,24349,174595180,34608000000,4800000,STK
159910,KR7159910009,에코글로우,KOSDAQ,중견기업부,3300,1,120,3.77,3155,3465,2980,17554,55685772,34541420100,10467097,KSQ
429270,KR7429270002,시지트로닉스,KOSDAQ,기술성장기업부,5350,2,-50,-0.93,5460,5670,5300,78087,422699465,34503385850,6449231,KSQ
430690,KR7430690008,한싹,KOSDAQ,벤처기업부,3160,1,15,0.48,3150,3245,3085,37503,118570440,34429160640,10895304,KSQ
058110,KR7058110008,멕아이씨에스,KOSDAQ,기술성장기업부,2130,1,45,2.16,2090,2165,2080,42906,90620665,34187628900,16050530,KSQ
464500,KR7464500008,아이언디바이스,KOSDAQ,기술성장기업부,2440,1,25,1.04,2505,2655,2405,98406,244869650,34143561720,13993263,KSQ
112190,KR7112190004,KC산업,KONEX,일반기업부,1255,2,-36,-2.79,1300,1300,1255,10,12775,34142135695,27204889,KNX
086060,KR7086060001,진바이오텍,KOSDAQ,중견기업부,3965,1,70,1.8,3875,3990,3835,30381,118845750,34140977455,8610587,KSQ
075970,KR7075970004,동국알앤에스,KOSDAQ,중견기업부,1850,1,22,1.2,1840,1929,1794,49031,90759591,34040000000,18400000,KSQ
288980,KR7288980006,모아데이타,KOSDAQ,기술성장기업부,934,1,25,2.75,910,945,903,252332,232422352,33980207986,36381379,KSQ
434480,KR7434480000,모니터랩,KOSDAQ,기술성장기업부,2760,2,-10,-0.36,2820,2820,2620,22948,62178730,33976428000,12310300,KSQ
059100,KR7059100008,아이컴포넌트,KOSDAQ,벤처기업부,4800,1,40,0.84,4760,4925,4760,39496,190827080,33940128000,7070860,KSQ
187270,KR7187270004,신화콘텍,KOSDAQ,벤처기업부,3345,2,-70,-2.05,3415,3450,3315,11797,39688210,33931161525,10143845,KSQ
376180,KR7376180006,피코그램,KOSDAQ,벤처기업부,1827,1,23,1.27,1805,1844,1779,35716,64413118,33911016426,18561038,KSQ
001380,KR7001380005,SG글로벌,KOSPI,,1505,1,7,0.47,1515,1525,1493,54175,81406798,33835516855,22482071,STK
088790,KR7088790001,진도,KOSPI,,2700,1,125,4.85,2600,2700,2595,7427,19547415,33608908800,12447744,STK
109820,KR7109820001,진매트릭스,KOSDAQ,기술성장기업부,1648,2,-9,-0.54,1656,1659,1626,17255,28293080,33608718720,20393640,KSQ
021650,KR7021650007,한국큐빅,KOSDAQ,중견기업부,2055,2,-20,-0.96,2075,2085,2050,3014,6213501,33600406965,16350563,KSQ
403490,KR7403490006,우듬지팜,KOSDAQ,벤처기업부,731,1,1,0.14,731,748,721,165064,120462635,33576631184,45932464,KSQ
075130,KR7075130005,플랜티넷,KOSDAQ,벤처기업부,2015,1,15,0.75,2055,2055,1986,17625,35357948,33493974800,16622320,KSQ
047080,KR7047080007,한빛소프트,KOSDAQ,중견기업부,1349,2,-11,-0.81,1363,1381,1300,407683,543927596,33485366338,24822362,KSQ
450520,KR7450520002,인스웨이브,KOSDAQ,벤처기업부,2275,1,95,4.36,2180,2390,2150,70924,158597795,33452914950,14704578,KSQ
363260,KR7363260001,모비데이즈,KOSDAQ,벤처기업부,1035,1,22,2.17,1013,1035,1003,59421,60555179,33289500915,32163769,KSQ
200350,KR7200350007,아티스트스튜디오,KOSDAQ,기술성장기업부,3330,1,50,1.52,3360,3500,3245,61527,208197083,33286763250,9996025,KSQ
373170,KR7373170000,엠아이큐브솔루션,KOSDAQ,벤처기업부,2200,3,0,0.0,2185,2270,2045,23584,50071130,33250338000,15113790,KSQ
388610,KR7388610008,지에프씨생명과학,KOSDAQ,기술성장기업부,6230,2,-330,-5.03,6560,6660,6230,17039,109588620,33177136090,5325383,KSQ
001000,KR7001000009,신라섬유,KOSDAQ,중견기업부,1365,2,-2,-0.15,1354,1453,1334,531486,743013101,33138842100,24277540,KSQ
208860,KR7208860007,다산디엠씨,KOSDAQ,벤처기업부,975,1,18,1.88,964,987,964,13572,13214591,33101223675,33949973,KSQ
363250,KR7363250002,진시스템,KOSDAQ,기술성장기업부,3890,1,30,0.78,3785,3915,3700,22106,84234230,33097605980,8508382,KSQ
475660,KR7475660007,에스켐,KOSDAQ,기술성장기업부,4165,1,225,5.71,3995,4280,3940,22667,92848085,33027762775,7929835,KSQ
162120,KR7162120000,루켄테크놀러지스,KONEX,일반기업부,2960,4,385,14.95,2700,2960,2700,6827,20016140,33023541920,11156602,KNX
208710,KR7208710004,포톤,KOSDAQ,중견기업부,2505,2,-15,-0.6,2580,2600,2435,251476,626778310,33016230660,13180132,KSQ
002420,KR7002420008,세기상사,KOSPI,,5530,1,220,4.14,5420,5630,5330,29064,158094930,33013812440,5969948,STK
005820,KR7005820006,원림,KOSPI,,14350,2,-150,-1.03,14070,14350,14060,1109,15862390,32975869500,2297970,STK
276730,KR7276730009,한울앤제주,KOSDAQ,투자주의환기종목(소속부없음),14410,2,-10,-0.07,14410,14900,13980,8339,120394980,32922656690,2284709,KSQ
495810,KR7495810004,유비씨,KONEX,일반기업부,13120,0,0,0.0,0,0,0,0,0,32800000000,2500000,KNX
025750,KR7025750001,한솔홈데코,KOSPI,,2035,1,35,1.75,1953,2080,1953,30411,60696730,32790014015,16113029,STK
464580,KR7464580000,닷밀,KOSDAQ,기술성장기업부,1780,2,-7,-0.39,1830,1830,1725,8846,15474342,32762838420,18406089,KSQ
060540,KR7060540002,에스에이티,KOSDAQ,중견기업부,1253,2,-3,-0.24,1265,1265,1235,21994,27520511,32745032418,26133306,KSQ
262840,KR7262840002,아이퀘스트,KOSDAQ,벤처기업부,3095,1,10,0.32,3100,3115,3040,8303,25544995,32704716440,10566952,KSQ
044480,KR7044480002,빌리언스,KOSDAQ,중견기업부,983,2,-8,-0.81,992,992,951,68509,66307144,32685650428,33250916,KSQ
008250,KR7008250003,이건산업,KOSPI,,2965,1,130,4.59,2905,2965,2805,29819,85476210,32474562775,10952635,STK
263920,KR7263920001,휴엠앤씨,KOSDAQ,중견기업부,3300,2,-30,-0.9,3325,3470,3290,5532,18463045,32369785800,9809026,KSQ
023150,KR7023150006,MH에탄올,KOSPI,,4380,1,115,2.7,4265,4380,4245,20007,86880035,32317943880,7378526,STK
187220,KR7187220009,디티앤씨,KOSDAQ,중견기업부,2800,2,-20,-0.71,2805,2940,2765,7788,21943760,32269812400,11524933,KSQ
031310,KR7031310006,아이즈비전,KOSDAQ,중견기업부,1084,2,-21,-1.9,1115,1120,1075,155421,169665246,32245369684,29746651,KSQ
099390,KR7099390007,브레인즈컴퍼니,KOSDAQ,벤처기업부,3920,2,-70,-1.75,4040,4040,3860,20713,80374496,32176469360,8208283,KSQ
33637K,KR733637K010,솔루스첨단소재1우,KOSPI,,1900,2,-20,-1.04,1920,1920,1870,21669,40734046,32126655400,16908766,STK
032790,KR7032790008,엠젠솔루션,KOSDAQ,벤처기업부,1251,2,-115,-8.42,1366,1366,1200,111667,139282779,32125812606,25680106,KSQ
317240,KR7317240000,TS트릴리온,KOSDAQ,벤처기업부,1101,2,-105,-8.71,1235,1500,1084,16401542,21672708919,32123558811,29176711,KSQ
351320,KR7351320007,넥사다이내믹스,KOSDAQ,중견기업부,1080,1,3,0.28,1080,1109,1041,54769,59058176,32074533360,29698642,KSQ
049120,KR7049120009,파인디앤씨,KOSDAQ,벤처기업부,3020,4,695,29.89,3020,3020,3020,100421,303271420,32017022260,10601663,KSQ
001070,KR7001070002,대한방직,KOSPI,,6030,1,110,1.86,5890,6100,5890,14280,85120110,31959000000,5300000,STK
037370,KR7037370004,EG,KOSDAQ,벤처기업부,3690,2,-10,-0.27,3700,3700,3545,9591,34505355,31826146680,8624972,KSQ
002870,KR7002870004,신풍,KOSPI,,909,2,-12,-1.3,920,923,887,114946,103465035,31777458300,34958700,STK
012620,KR7012620001,원일특강,KOSDAQ,우량기업부,7220,1,10,0.14,7150,7320,7150,7050,50727670,31768000000,4400000,KSQ
239610,KR7239610009,에이치엘사이언스,KOSDAQ,벤처기업부,5890,1,110,1.9,5850,6020,5840,1466,8701760,31759557350,5392115,KSQ
446440,KR7446440000,에피바이오텍,KONEX,일반기업부,13750,1,750,5.77,13500,13990,13500,3,41240,31719586250,2306879,KNX
336060,KR7336060009,웨이버스,KOSDAQ,벤처기업부,658,2,-4,-0.6,662,678,648,56252,36821314,31686121600,48155200,KSQ
054780,KR7054780002,키이스트,KOSDAQ,중견기업부,1611,1,23,1.45,1620,1620,1573,27511,43852449,31668704523,19657793,KSQ
006345,KR7006341002,대원전선우,KOSPI,,12080,2,-270,-2.19,13300,13800,11940,742003,9724546280,31664096000,2621200,STK
359090,KR7359090008,씨엔알리서치,KOSDAQ,중견기업부,550,0,0,0.0,0,0,0,0,0,31608894350,57470717,KSQ
308170,KR7308170000,씨티알모빌리티,KOSPI,,3670,2,-120,-3.17,3790,3830,3660,14408,53352860,31598700000,8610000,STK
027040,KR7027040005,서울전자통신,KOSDAQ,중견기업부,2270,1,80,3.65,2190,2315,2120,251058,555713867,31593335630,13917769,KSQ
169330,KR7169330008,엠브레인,KOSDAQ,중견기업부,1721,2,-2,-0.12,1723,1744,1689,5831,9969634,31523415878,18316918,KSQ
068050,KR7068050004,팬엔터테인먼트,KOSDAQ,중견기업부,1136,1,17,1.52,1119,1149,1100,44867,50503283,31460470336,27694076,KSQ
001210,KR7001210004,금호전기,KOSPI,,508,2,-4,-0.78,512,530,500,329627,167380322,31435082164,61880083,STK
065950,KR7065950008,웰크론,KOSDAQ,중견기업부,1113,1,63,6.0,1028,1153,1028,105155,116208745,31421439126,28231302,KSQ
383930,KR7383930005,디티앤씨알오,KOSDAQ,중견기업부,2450,2,-100,-3.92,2550,2650,2450,91546,227729190,31321113600,12784128,KSQ
258830,KR7258830009,세종메디칼,KOSDAQ,관리종목(소속부없음),412,0,0,0.0,0,0,0,0,0,31223976612,75786351,KSQ
257370,KR7257370007,피엔티엠에스,KOSDAQ,벤처기업부,2495,2,-25,-0.99,2520,2530,2375,16918,41503745,31199628195,12504861,KSQ
356890,KR7356890004,싸이버원,KOSDAQ,벤처기업부,2600,2,-10,-0.38,2645,2680,2555,27089,70275309,31079945000,11953825,KSQ
045300,KR7045300001,성우테크론,KOSDAQ,중견기업부,2945,2,-65,-2.16,3020,3045,2930,8608,25478159,31060950340,10547012,KSQ
031510,KR7031510001,오스템,KOSDAQ,중견기업부,1107,2,-51,-4.4,1158,1212,1081,178347,199599085,30996000000,28000000,KSQ
195990,KR7195990007,에이비프로바이오,KOSDAQ,관리종목(소속부없음),951,1,3,0.32,948,965,936,70172,66534270,30979536348,32575748,KSQ
900070,KYG3931T1076,글로벌에스엠,KOSDAQ,외국기업(소속부없음),1147,1,29,2.59,1150,1150,1083,182736,201207290,30822165648,26871984,KSQ
038950,KR7038950002,파인디지털,KOSDAQ,중견기업부,3015,1,60,2.03,2955,3065,2900,42659,127917050,30785456475,10210765,KSQ
318020,KR7318020005,포인트모바일,KOSDAQ,벤처기업부,2500,2,-5,-0.2,2515,2565,2400,35802,87228318,30753180000,12301272,KSQ
053950,KR7053950002,경남제약,KOSDAQ,중견기업부,1963,1,23,1.19,1940,1963,1925,26018,50625162,30680651573,15629471,KSQ
114630,KR7114630007,폴라리스우노,KOSDAQ,우량기업부,1778,2,-19,-1.06,1802,1814,1770,49935,89163929,30644270944,17235248,KSQ
043200,KR7043200005,파루,KOSDAQ,벤처기업부,730,2,-1,-0.14,731,771,699,378885,275339471,30517149950,41804315,KSQ
013810,KR7013810007,스페코,KOSDAQ,중견기업부,2080,1,146,7.55,1940,2350,1940,524700,1131453480,30483377600,14655470,KSQ
013720,KR7013720008,THE CUBE&,KOSDAQ,중견기업부,500,1,10,2.04,490,510,478,110073,54161055,30414071500,60828143,KSQ
057680,KR7057680001,티사이언티픽,KOSDAQ,벤처기업부,2125,2,-85,-3.85,2210,2210,2120,27367,58933975,30280612500,14249700,KSQ
130500,KR7130500002,GH신소재,KOSDAQ,중견기업부,2080,1,20,0.97,2020,2155,2020,22372,46241347,30253708160,14545052,KSQ
039740,KR7039740006,한국정보공학,KOSDAQ,벤처기업부,3770,1,90,2.45,3710,4195,3680,448008,1721598930,30229356690,8018397,KSQ
106240,KR7106240005,파인테크닉스,KOSDAQ,벤처기업부,1266,2,-74,-5.52,1340,1368,1260,52836,68103810,30228712440,23877340,KSQ
246250,KR7246250005,에스엘에스바이오,KOSDAQ,관리종목(소속부없음),1969,0,0,0.0,0,0,0,0,0,30220617614,15348206,KSQ
148930,KR7148930001,에이치와이티씨,KOSDAQ,중견기업부,2970,1,95,3.3,2925,2975,2865,49556,144904330,30220382610,10175213,KSQ
238490,KR7238490007,힘스,KOSDAQ,벤처기업부,2665,1,15,0.57,2645,2690,2615,4230,11196875,30147108940,11312236,KSQ
007720,KR7007720006,소노스퀘어,KOSDAQ,중견기업부,299,2,-15,-4.78,314,328,298,407227,125093723,30139334550,100800450,KSQ
296640,KR7296640006,이노에이엑스,KOSDAQ,벤처기업부,5820,1,30,0.52,5790,5820,5610,6125,34901460,30137426640,5178252,KSQ
290520,KR7290520006,신도기연,KOSDAQ,벤처기업부,1886,1,4,0.21,1866,2000,1828,17623,33102702,30042776732,15929362,KSQ
318000,KR7318000007,KBG,KOSDAQ,벤처기업부,3435,1,55,1.63,3475,3475,3295,9131,30796910,30022666005,8740223,KSQ
457600,KR7457600005,벡트,KOSDAQ,벤처기업부,2190,1,65,3.06,2180,2200,2025,28244,59458745,30019425000,13707500,KSQ
006570,KR7006570006,대림통상,KOSPI,,1970,1,60,3.14,1850,2000,1847,37968,73016255,29993250000,15225000,STK
237750,KR7237750005,피앤씨테크,KOSDAQ,벤처기업부,4600,1,230,5.26,4375,4600,4265,13347,59286355,29884360000,6496600,KSQ
195500,KR7195500004,마니커에프앤지,KOSDAQ,중견기업부,1870,2,-36,-1.89,1926,1973,1867,300972,573189446,29878860000,15978000,KSQ
406820,KR7406820001,뷰티스킨,KOSDAQ,벤처기업부,2110,1,20,0.96,2125,2370,2055,714438,1577080534,29827291270,14136157,KSQ
017000,KR7017000001,신원종합개발,KOSDAQ,우량기업부,2555,1,150,6.24,2410,2770,2410,256640,667331437,29811808985,11668027,KSQ
131090,KR7131090003,시큐브,KOSDAQ,벤처기업부,3880,1,30,0.78,3830,3880,3795,10767,41163290,29713897480,7658221,KSQ
277410,KR7277410007,인산가,KOSDAQ,벤처기업부,770,2,-34,-4.23,797,809,770,370049,289945185,29576858850,38411505,KSQ
351870,KR7351870001,차이커뮤니케이션,KOSDAQ,중견기업부,2650,2,-30,-1.12,2680,2815,2645,9807,26991370,29575701300,11160642,KSQ
009460,KR7009460007,한창제지,KOSPI,,2470,1,120,5.11,2400,2485,2310,48778,117355227,29475737590,11933497,STK
039290,KR7039290002,인포뱅크,KOSDAQ,중견기업부,3390,1,130,3.99,3230,3490,3155,43652,144826025,29472585420,8693978,KSQ
254120,KR7254120009,자비스,KOSDAQ,기술성장기업부,958,2,-24,-2.44,982,998,930,163248,156166675,29462590660,30754270,KSQ
032860,KR7032860009,더라미,KOSDAQ,중견기업부,728,2,-27,-3.58,755,781,707,63765,46286568,29408188264,40395863,KSQ
177830,KR7177830007,파버나인,KOSDAQ,벤처기업부,2595,2,-5,-0.19,2520,2600,2520,13750,35390155,29390951835,11325993,KSQ
012160,KR7012160008,영흥,KOSPI,,376,0,0,0.0,0,0,0,0,0,29366922392,78103517,STK
024070,KR7024070005,WISCOM,KOSPI,,1914,2,-17,-0.88,1899,1965,1893,38378,73352343,29334802332,15326438,STK
000040,KR7000040006,KR모터스,KOSPI,,339,2,-1,-0.29,341,350,334,121099,41520367,29281187376,86375184,STK
002690,KR7002690006,동일제강,KOSPI,,1439,1,18,1.27,1426,1459,1401,29104,41333819,29212218040,20300360,STK
035200,KR7035200005,프럼파스트,KOSDAQ,벤처기업부,3000,2,-15,-0.5,2985,3050,2965,28817,86259170,29191770000,9730590,KSQ
002025,KR7002021004,코오롱우,KOSPI,,25100,1,150,0.6,25050,25150,24600,459,11402650,29126968700,1160437,STK
038620,KR7038620001,위즈코프,KOSDAQ,벤처기업부,1914,2,-14,-0.73,1928,1948,1886,37192,70732022,28989239202,15145893,KSQ
078590,KR7078590007,휴림에이텍,KOSDAQ,중견기업부,2900,1,30,1.05,2870,2950,2840,36140,103863368,28976275100,9991819,KSQ
073540,KR7073540007,에프알텍,KOSDAQ,벤처기업부,2540,2,-180,-6.62,2755,2755,2540,41987,109589960,28956000000,11400000,KSQ
048470,KR7048470009,대동스틸,KOSDAQ,중견기업부,3000,2,-50,-1.64,3090,3210,2965,28853,87741895,28950000000,9650000,KSQ
009810,KR7009810003,플레이그램,KOSPI,,1906,2,-28,-1.45,1944,1944,1900,2341,4475450,28949757500,15188750,STK
252500,KR7252500004,세화피앤씨,KOSDAQ,중견기업부,697,1,2,0.29,689,701,660,84358,56802239,28916013830,41486390,KSQ
033200,KR7033200007,모아텍,KOSDAQ,투자주의환기종목(소속부없음),3140,2,-30,-0.95,3240,3285,3130,3280,10464500,28902221060,9204529,KSQ
241840,KR7241840008,에이스토리,KOSDAQ,중견기업부,3025,2,-20,-0.66,3020,3140,2925,39460,120789855,28858481850,9539994,KSQ
021880,KR7021880000,메이슨캐피탈,KOSDAQ,중견기업부,136,0,0,0.0,0,0,0,0,0,28857079488,212184408,KSQ
010400,KR7010400000,우진아이엔에스,KOSPI,,3785,1,5,0.13,3755,3830,3755,4674,17694175,28849270000,7622000,STK
033050,KR7033050006,제이엠아이,KOSDAQ,중견기업부,900,2,-7,-0.77,883,906,881,7652,6807803,28655395200,31839328,KSQ
432980,KR7432980001,엠에프씨,KOSDAQ,기술성장기업부,3330,1,220,7.07,3180,3485,3125,149941,504269987,28610500860,8591742,KSQ
131100,KR7131100000,티엔엔터테인먼트,KOSDAQ,중견기업부,884,1,9,1.03,880,884,870,17406,15297662,28506104016,32246724,KSQ
003680,KR7003680006,한성기업,KOSPI,,4590,3,0,0.0,4560,4635,4550,5858,26833915,28501673850,6209515,STK
019175,KR7019171008,신풍제약우,KOSPI,,14250,1,140,0.99,14400,14400,14090,755,10750370,28375027500,1991230,STK
056730,KR7056730005,CNT85,KOSDAQ,중견기업부,1914,1,31,1.65,1905,1914,1860,4664,8729882,28369761618,14822237,KSQ
065370,KR7065370009,위세아이텍,KOSDAQ,벤처기업부,3840,1,125,3.36,3690,3880,3690,22529,85147835,28354383360,7383954,KSQ
243870,KR7243870003,아이티센코어,KONEX,일반기업부,9800,3,0,0.0,9410,9800,9320,2004,18810810,28347783800,2892631,KNX
398120,KR7398120006,에스지헬스케어,KOSDAQ,벤처기업부,2395,2,-15,-0.62,2410,2445,2310,196090,467406920,28305333845,11818511,KSQ
33626L,KR733626K021,두산퓨얼셀2우B,KOSPI,,9470,2,-10,-0.11,9570,9570,9330,2260,21250580,28280261000,2986300,STK
191600,KR7191600006,블루탑,KONEX,일반기업부,9890,1,1230,14.2,8660,9890,8660,2,18550,28274797920,2858928,KNX
019570,KR7019570001,플루토스,KOSDAQ,중견기업부,296,1,3,1.02,291,305,278,1499430,427716724,28253212432,95450042,KSQ
030720,KR7030720007,동원수산,KOSPI,,6070,3,0,0.0,6050,6070,5940,12739,76608060,28248596350,4653805,STK
026910,KR7026910000,광진실업,KOSDAQ,관리종목(소속부없음),4410,1,750,20.49,3660,4750,3635,568759,2485733051,28247836050,6405405,KSQ
091340,KR7091340000,S&K폴리텍,KOSDAQ,중견기업부,2410,1,20,0.84,2390,2430,2355,32779,78465012,28205967610,11703721,KSQ
131220,KR7131220006,대한과학,KOSDAQ,벤처기업부,3780,2,-70,-1.82,3805,3845,3780,9523,36193924,28177972200,7454490,KSQ
274400,KR7274400001,이노시뮬레이션,KOSDAQ,기술성장기업부,3095,1,175,5.99,2920,3135,2900,12799,38524269,28122695835,9086493,KSQ
038870,KR7038870002,에코심플렉스,KOSDAQ,중견기업부,2005,2,-65,-3.14,2065,2130,1990,23509,48116580,28099972745,14014949,KSQ
014130,KR7014130009,한익스프레스,KOSPI,,2335,2,-65,-2.71,2405,2445,2290,37768,87807850,28020000000,12000000,STK
318010,KR7318010006,팜스빌,KOSDAQ,벤처기업부,3530,1,30,0.86,3480,3570,3480,2695,9519020,27990563140,7929338,KSQ
438700,KR7438700007,버넥트,KOSDAQ,기술성장기업부,2510,2,-105,-4.02,2615,2615,2485,40573,102249950,27973673900,11144890,KSQ
115160,KR7115160004,휴맥스,KOSDAQ,중견기업부,6470,2,-100,-1.52,6570,6570,6380,6945,44849820,27899558740,4312142,KSQ
300120,KR7300120003,라온피플,KOSDAQ,벤처기업부,563,2,-5,-0.88,574,576,551,139535,78378093,27870761008,49504016,KSQ
090370,KR7090370008,메타랩스,KOSPI,,1118,2,-62,-5.25,1155,1190,1090,265344,304203712,27843442302,24904689,STK
462310,KR7462310004,뉴키즈온,KOSDAQ,중견기업부,3400,1,20,0.59,3360,3435,3310,13247,44493700,27829411400,8185121,KSQ
462510,KR7462510009,라메디텍,KOSDAQ,기술성장기업부,3160,2,-5,-0.16,3165,3195,3040,20576,64257750,27817369400,8802965,KSQ
015260,KR7015260003,에이엔피,KOSPI,,589,1,54,10.09,535,646,525,1296206,750151865,27751850566,47116894,STK
225220,KR7225220003,제놀루션,KOSDAQ,벤처기업부,1442,1,2,0.14,1414,1474,1414,23990,34483948,27672010282,19190021,KSQ
440320,KR7440320000,오픈놀,KOSDAQ,기술성장기업부,2815,1,5,0.18,2960,2960,2755,31507,88599859,27671450000,9830000,KSQ
008470,KR7008470007,부스타,KOSDAQ,벤처기업부,3285,1,30,0.92,3265,3350,3255,17471,57366560,27609768000,8404800,KSQ
290270,KR7290270008,휴네시온,KOSDAQ,벤처기업부,2870,2,-70,-2.38,2950,2950,2830,24840,70877678,27574018640,9607672,KSQ
033250,KR7033250002,체시스,KOSPI,,4300,2,-100,-2.27,4360,4420,4260,31794,137250675,27520000000,6400000,STK
018680,KR7018680009,서울제약,KOSDAQ,벤처기업부,2360,1,85,3.74,2380,2380,2220,1924,4473490,27515992840,11659319,KSQ
462980,KR7462980004,아이지넷,KOSDAQ,기술성장기업부,1506,2,-5,-0.33,1511,1534,1498,30890,46642972,27461062122,18234437,KSQ
097780,KR7097780001,에코볼트,KOSDAQ,중견기업부,1348,2,-302,-18.3,1650,1650,1341,447978,624936067,27355083972,20293089,KSQ
016670,KR7016670002,디모아,KOSDAQ,중견기업부,2675,2,-50,-1.83,2735,2740,2660,7811,21159140,27269575950,10194234,KSQ
043220,KR7043220003,티에스넥스젠,KOSDAQ,관리종목(소속부없음),1710,0,0,0.0,0,0,0,0,0,27227331360,15922416,KSQ
197140,KR7197140007,디지캡,KOSDAQ,벤처기업부,2090,1,143,7.34,1919,2120,1862,83843,169860635,27197491860,13013154,KSQ
079170,KR7079170007,한창산업,KOSDAQ,우량기업부,5230,2,-180,-3.33,5420,5420,5230,8010,42276830,27196000000,5200000,KSQ
032750,KR7032750002,삼진,KOSDAQ,우량기업부,3005,1,45,1.52,2955,3005,2940,3504,10363520,27138521610,9031122,KSQ
311060,KR7311060008,엘에이티,KONEX,일반기업부,3445,2,-30,-0.86,3350,3445,3350,441,1478015,27119501630,7872134,KNX
397810,KR7397810003,애드포러스,KOSDAQ,벤처기업부,5250,2,-30,-0.57,5190,5270,5190,2650,13843430,27094042500,5160770,KSQ
080530,KR7080530009,코디,KOSDAQ,중견기업부,2440,2,-80,-3.17,2520,2715,2440,20014,50263100,27089307000,11102175,KSQ
019660,KR7019660000,글로본,KOSDAQ,중견기업부,1938,1,27,1.41,1899,1943,1854,4038,7614133,27024117354,13944333,KSQ
045510,KR7045510005,정원엔시스,KOSDAQ,중견기업부,834,1,21,2.58,814,849,809,32847,27072137,26862549528,32209292,KSQ
002355,KR7002351005,넥센타이어1우B,KOSPI,,4125,1,35,0.86,4095,4150,4070,6557,26846110,26812500000,6500000,STK
342870,KR7342870003,오아,KOSDAQ,중견기업부,4915,1,60,1.24,4840,5040,4610,13893,67416870,26787718255,5450197,KSQ
267790,KR7267790004,배럴,KOSDAQ,중견기업부,3480,1,210,6.42,3595,3630,3400,52215,183204460,26758795320,7689309,KSQ
068100,KR7068100007,케이웨더,KOSDAQ,기술성장기업부,2225,2,-20,-0.89,2245,2300,2205,4319,9665650,26538767600,11927536,KSQ
032080,KR7032080004,아즈텍WB,KOSDAQ,중견기업부,1232,1,34,2.84,1187,1290,1155,37389,45147915,26476947728,21491029,KSQ
005110,KR7005110002,한창,KOSPI,,1254,0,0,0.0,0,0,0,0,0,26467434378,21106407,STK
001810,KR7001810001,무림SP,KOSDAQ,중견기업부,1194,1,7,0.59,1187,1263,1164,47411,57013739,26432175000,22137500,KSQ
348030,KR7348030008,모비릭스,KOSDAQ,중견기업부,2750,1,45,1.66,2740,2760,2625,61756,166939335,26410450000,9603800,KSQ
310870,KR7310870001,디와이씨,KOSDAQ,벤처기업부,1276,1,76,6.33,1207,1319,1200,738499,903319848,26396957796,20687271,KSQ
353590,KR7353590003,오토앤,KOSDAQ,중견기업부,2050,2,-80,-3.76,2130,2130,2035,9390,19424560,26394918500,12875570,KSQ
006740,KR7006740005,블루산업개발,KOSPI,,5550,0,0,0.0,0,0,0,0,0,26351205750,4747965,STK
090150,KR7090150004,아이윈,KOSDAQ,중견기업부,629,1,39,6.61,590,635,581,249415,151345539,26339559297,41875293,KSQ
121890,KR7121890008,에스디시스템,KOSDAQ,중견기업부,1980,2,-50,-2.46,1985,2090,1961,19922,40000918,26317063080,13291446,KSQ
143210,KR7143210003,핸즈코퍼레이션,KOSPI,,1199,0,0,0.0,0,0,0,0,0,26229020653,21875747,STK
233990,KR7233990001,질경이,KONEX,일반기업부,1618,2,-2,-0.12,1550,1849,1503,9511,14676675,26095968012,16128534,KNX
016100,KR7016100000,리더스코스메틱,KOSDAQ,중견기업부,1362,2,-8,-0.58,1360,1436,1324,21266,28809807,26015417628,19100894,KSQ
354390,KR7354390007,바스칸바이오제약,KONEX,일반기업부,3700,1,100,2.78,3585,4130,3585,805,3169685,25967513900,7018247,KNX
007770,KR7007770001,한일화학,KOSDAQ,중견기업부,7390,3,0,0.0,7400,7410,7370,449,3321540,25938900000,3510000,KSQ
405920,KR7405920000,나라셀라,KOSDAQ,중견기업부,2010,2,-20,-0.99,2020,2020,1995,7536,15143173,25884932760,12878076,KSQ
317120,KR7317120004,라닉스,KOSDAQ,기술성장기업부,1696,2,-2,-0.12,1699,1748,1674,87853,148663448,25880960000,15260000,KSQ
063760,KR7063760003,이엘피,KOSDAQ,벤처기업부,2770,2,-75,-2.64,2845,2880,2730,36231,101701259,25830610100,9325130,KSQ
005360,KR7005360003,모나미,KOSPI,,1364,2,-16,-1.16,1372,1409,1300,58640,80052703,25775926748,18897307,STK
046390,KR7046390001,삼화네트웍스,KOSDAQ,중견기업부,1492,1,3,0.2,1497,1519,1461,14663,21631165,25765606116,17269173,KSQ
138070,KR7138070008,신진에스엠,KOSDAQ,중견기업부,1472,1,7,0.48,1475,1496,1410,42354,61770940,25764716288,17503204,KSQ
200230,KR7200230001,텔콘RF제약,KOSDAQ,중견기업부,360,0,0,0.0,0,0,0,0,0,25748471880,71523533,KSQ
403360,KR7403360001,라피치,KONEX,일반기업부,7180,2,-820,-10.25,7400,8000,6800,6561,45277570,25746166060,3585817,KNX
051380,KR7051380004,피씨디렉트,KOSDAQ,중견기업부,1676,2,-39,-2.27,1710,1713,1659,57228,95809706,25709960672,15340072,KSQ
333050,KR7333050003,이노테나,KOSDAQ,벤처기업부,5220,1,130,2.55,5100,5320,4895,6719,33590140,25696311300,4922665,KSQ
446070,KR7446070005,유니드비티플러스,KOSPI,,2420,2,-35,-1.43,2455,2455,2385,4176,10101270,25679140300,10611215,STK
002820,KR7002820009,SUN&L,KOSPI,,2035,1,66,3.35,1979,2175,1954,38958,78793209,25657257615,12607989,STK
102950,KR7102950003,아하,KONEX,일반기업부,1953,1,96,5.17,2130,2130,1701,9425,18288337,25627076559,13121903,KNX
227420,KR7227420007,도부,KONEX,일반기업부,672,5,-118,-14.94,672,905,672,2665,1808172,25565910720,38044510,KNX
142760,KR7142760008,모아라이프플러스,KOSDAQ,기술성장기업부,606,2,-30,-4.72,636,645,595,200368,123328146,25553189880,42166980,KSQ
004270,KR7004270005,남성,KOSPI,,7030,1,50,0.72,7010,7160,6980,9957,70352655,25457148480,3621216,STK
131180,KR7131180002,딜리,KOSDAQ,벤처기업부,4315,1,30,0.7,4285,4340,4250,1899,8157312,25329050000,5870000,KSQ
003495,KR7003491008,대한항공우,KOSPI,,22800,2,-200,-0.87,22700,22900,22450,3816,86617700,25326103200,1110794,STK
223310,KR7223310004,사토시홀딩스,KOSDAQ,중견기업부,4860,2,-140,-2.8,5000,5110,4405,62763,291271578,25294560120,5204642,KSQ
335870,KR7335870002,윙스풋,KOSDAQ,중견기업부,1509,1,9,0.6,1549,1549,1410,11436,16860215,25276463757,16750473,KSQ
052300,KR7052300001,오션인더블유,KOSDAQ,중견기업부,1555,1,40,2.64,1516,1565,1510,153866,236597864,25259619040,16244128,KSQ
377330,KR7377330006,이지트로닉스,KOSDAQ,기술성장기업부,3100,1,135,4.55,2945,3780,2905,171400,595432107,25233857400,8139954,KSQ
038880,KR7038880001,아이에이,KOSDAQ,투자주의환기종목(소속부없음),670,0,0,0.0,0,0,0,0,0,25173318390,37572117,KSQ
118000,KR7118000009,메타케어,KOSPI,,1461,2,-75,-4.88,1600,1600,1461,33160,49630439,25096672296,17177736,STK
188040,KR7188040000,바이오포트,KOSDAQ,벤처기업부,5340,2,-30,-0.56,5370,5490,5230,10500,55814545,24987504720,4679308,KSQ
058450,KR7058450008,한주에이알티,KOSDAQ,투자주의환기종목(소속부없음),4980,2,-20,-0.4,4980,5000,4795,10403,50838380,24966592560,5013372,KSQ
367000,KR7367000007,플래티어,KOSDAQ,벤처기업부,2970,1,5,0.17,3050,3050,2860,581,1742310,24912974790,8388207,KSQ
298060,KR7298060005,풍전약품,KOSDAQ,관리종목(소속부없음),2815,2,-75,-2.6,2890,2940,2795,10831,30584030,24886387525,8840635,KSQ
059180,KR7059180000,엔더블유시,KONEX,일반기업부,4680,3,0,0.0,4670,4680,4650,1700,7931000,24869941200,5314090,KNX
053060,KR7053060000,세동,KOSDAQ,중견기업부,1407,1,77,5.79,1330,1412,1330,176376,243033803,24843988533,17657419,KSQ
069140,KR7069140002,누리플랜,KOSDAQ,벤처기업부,1640,2,-5,-0.3,1654,1684,1630,30459,50203911,24757118560,15095804,KSQ
016920,KR7016920001,카스,KOSDAQ,중견기업부,934,1,39,4.36,893,937,884,108115,98683440,24744964492,26493538,KSQ
060380,KR7060380003,동양에스텍,KOSDAQ,중견기업부,1254,1,4,0.32,1222,1255,1222,18932,23556003,24703800000,19700000,KSQ
240600,KR7240600007,유진테크놀로지,KOSDAQ,벤처기업부,3560,4,820,29.93,3065,3560,2800,2780394,9407017630,24664217560,6928151,KSQ
008775,KR7008771008,호텔신라우,KOSPI,,32800,1,50,0.15,32750,33700,32500,3767,125316050,24661631200,751879,STK
206950,KR7206950008,볼빅,KONEX,일반기업부,1749,1,152,9.52,1799,1799,1360,16,23120,24621136485,14077265,KNX
140430,KR7140430000,카티스,KOSDAQ,중견기업부,2295,1,25,1.1,2365,2365,2160,102273,233307498,24532418565,10689507,KSQ
347770,KR7347770000,핌스,KOSDAQ,중견기업부,1072,2,-25,-2.28,1097,1135,1050,68120,73420751,24502749024,22857042,KSQ
093380,KR7093380004,풍강,KOSDAQ,중견기업부,2480,1,5,0.2,2455,2530,2455,8989,22288060,24500696240,9879313,KSQ
073570,KR7073570004,리튬포어스,KOSDAQ,관리종목(소속부없음),2035,2,-15,-0.73,2050,2055,2000,27699,56074590,24495962480,12037328,KSQ
101000,KR7101000008,KS인더스트리,KOSDAQ,중견기업부,617,2,-44,-6.66,648,660,610,253260,158994706,24459081916,39641948,KSQ
036480,KR7036480002,대성미생물,KOSDAQ,중견기업부,6430,2,-50,-0.77,6580,6590,6410,11377,74017190,24434000000,3800000,KSQ
208350,KR7208350009,지란지교시큐리티,KOSDAQ,벤처기업부,3015,1,85,2.9,2910,3015,2890,17467,51662375,24426233550,8101570,KSQ
065650,KR7065650004,하이퍼코퍼레이션,KOSDAQ,중견기업부,2230,3,0,0.0,2270,2320,2140,30320,67413180,24409551010,10945987,KSQ
455180,KR7455180000,케이지에이,KOSDAQ,벤처기업부,1746,2,-8,-0.46,1775,1775,1680,26326,45365410,24371219736,13958316,KSQ
900310,HK0000341732,컬러레이,KOSDAQ,외국기업(소속부없음),1890,2,-19,-1.0,1903,1903,1870,14777,27814222,24207753150,12808335,KSQ
224060,KR7224060004,더코디,KOSDAQ,투자주의환기종목(소속부없음),4690,4,1080,29.92,3735,4690,3610,223774,1004021773,24203786180,5160722,KSQ
179720,KR7179720008,머니무브,KONEX,일반기업부,8800,1,400,4.76,8600,8800,8600,6,51800,24200158400,2750018,KNX
101400,KR7101400000,엔시트론,KOSDAQ,중견기업부,2060,2,-80,-3.74,2140,2210,2010,82670,173648631,24188083280,11741788,KSQ
115480,KR7115480006,씨유메디칼,KOSDAQ,중견기업부,1993,1,59,3.05,1934,2015,1934,29634,58805872,24164947623,12124911,KSQ
304840,KR7304840002,피플바이오,KOSDAQ,벤처기업부,989,1,2,0.2,1010,1010,960,43897,42996700,24053132740,24320660,KSQ
130740,KR7130740004,티피씨글로벌,KOSDAQ,중견기업부,2130,2,-25,-1.16,2195,2225,2105,100980,217402203,24019326270,11276679,KSQ
373110,KR7373110006,엑셀세라퓨틱스,KOSDAQ,기술성장기업부,1387,2,-20,-1.42,1410,1433,1325,131223,181267830,23987324478,17294394,KSQ
053290,KR7053290003,NE능률,KOSDAQ,중견기업부,1451,2,-11,-0.75,1462,1555,1420,21247,30951697,23979671457,16526307,KSQ
044780,KR7044780005,에이치케이,KOSDAQ,벤처기업부,1293,1,57,4.61,1230,1293,1224,39823,50021391,23927982591,18505787,KSQ
032800,KR7032800005,판타지오,KOSDAQ,중견기업부,1907,2,-3,-0.16,1908,1932,1882,11271,21533470,23764122454,12461522,KSQ
207490,KR7207490004,에이펙스인텍,KONEX,일반기업부,6600,0,0,0.0,0,0,0,0,0,23760000000,3600000,KNX
071950,KR7071950000,코아스,KOSPI,,1901,1,4,0.21,1999,1999,1850,48692,92575132,23684929695,12459195,STK
024890,KR7024890006,대원화성,KOSPI,,2850,2,-80,-2.73,2930,2965,2850,14883,43137755,23512015500,8249830,STK
054090,KR7054090006,삼진엘앤디,KOSDAQ,중견기업부,940,2,-2,-0.21,952,971,870,81035,75179653,23461678080,24959232,KSQ
354200,KR7354200008,엔젠바이오,KOSDAQ,기술성장기업부,875,2,-6,-0.68,881,888,842,56164,48670254,23458531250,26809750,KSQ
290560,KR7290560002,파라택시스이더리움,KOSDAQ,벤처기업부,1049,2,-39,-3.58,1095,1124,1035,38529,41298850,23458503770,22362730,KSQ
024940,KR7024940009,PN풍년,KOSDAQ,벤처기업부,2345,1,25,1.08,2300,2360,2290,29735,69226621,23450000000,10000000,KSQ
291230,KR7291230001,엔피,KOSDAQ,중견기업부,531,2,-16,-2.93,552,555,531,241449,130253157,23414856525,44095775,KSQ
080470,KR7080470008,성창오토텍,KOSDAQ,벤처기업부,3200,1,50,1.59,3165,3255,3135,26424,84119695,23360000000,7300000,KSQ
009310,KR7009310004,참엔지니어링,KOSPI,,5330,0,0,0.0,0,0,0,0,0,23329484620,4377014,STK
021040,KR7021040001,대호특수강,KOSDAQ,중견기업부,1074,2,-1,-0.09,1100,1100,1037,10165,10692913,23310927276,21704774,KSQ
006200,KR7006200000,한국전자홀딩스,KOSPI,,2485,1,10,0.4,2480,2650,2405,43439,106507910,23261158095,9360627,STK
236810,KR7236810008,엔비티,KOSDAQ,기술성장기업부,1367,1,35,2.63,1333,1395,1288,36400,48758868,23205407342,16975426,KSQ
115610,KR7115610008,이미지스,KOSDAQ,벤처기업부,1959,2,-86,-4.21,2045,2060,1959,245104,488579726,23152968471,11818769,KSQ
025890,KR7025890005,한국주강,KOSPI,,2075,1,15,0.73,2065,2090,2040,12443,25739970,23125078200,11144616,STK
065150,KR7065150005,대산F&B,KOSDAQ,관리종목(소속부없음),1450,0,0,0.0,0,0,0,0,0,23110448000,15938240,KSQ
376980,KR7376980009,원티드랩,KOSDAQ,기술성장기업부,2365,2,-20,-0.84,2470,2470,2280,39313,92292480,23097521810,9766394,KSQ
067010,KR7067010009,이씨에스,KOSDAQ,벤처기업부,2120,1,25,1.19,2085,2155,2085,10060,21372575,23083620000,10888500,KSQ
353190,KR7353190002,휴럼,KOSDAQ,중견기업부,2925,2,-45,-1.52,2950,2990,2840,18814,54832635,23036375700,7875684,KSQ
301300,KR7301300000,바이브컴퍼니,KOSDAQ,기술성장기업부,1740,1,30,1.75,1710,1788,1710,22816,39947829,22889198880,13154712,KSQ
434190,KR7434190005,탈로스,KONEX,일반기업부,3100,2,-90,-2.82,3000,3195,2755,465,1323785,22845245400,7369434,KNX
123750,KR7123750002,알톤,KOSDAQ,중견기업부,1653,1,15,0.92,1638,1685,1630,31989,52966914,22843235127,13819259,KSQ
139670,KR7139670004,키네마스터,KOSDAQ,중견기업부,1613,1,17,1.07,1598,1692,1593,13411,21736342,22773640530,14118810,KSQ
069640,KR7069640001,한세엠케이,KOSPI,,1015,2,-59,-5.49,1074,1100,1015,6507,6859950,22739299765,22403251,STK
303530,KR7303530000,이노뎁,KOSDAQ,벤처기업부,3090,2,-30,-0.96,3100,3190,3070,13271,41251625,22678433910,7339299,KSQ
424760,KR7424760007,벨로크,KOSDAQ,벤처기업부,2255,1,55,2.5,2195,2275,2080,130574,281327548,22672599840,10054368,KSQ
146060,KR7146060009,율촌,KOSDAQ,중견기업부,943,1,17,1.84,926,948,918,44529,41488488,22646706085,24015595,KSQ
352940,KR7352940001,인바이오,KOSDAQ,벤처기업부,2075,1,10,0.48,2065,2080,2055,12372,25496500,22550539750,10867730,KSQ
278990,KR7278990007,EMB,KONEX,일반기업부,2795,1,295,11.8,2795,2795,2795,30,83850,22541051715,8064777,KNX
210120,KR7210120002,캔버스엔,KOSDAQ,중견기업부,930,0,0,0.0,0,0,0,0,0,22540854540,24237478,KSQ
002360,KR7002360006,SH에너지화학,KOSPI,,2020,2,-20,-0.98,2040,2055,1990,18775,37915577,22449013460,11113373,STK
134060,KR7134060003,이퓨쳐,KOSDAQ,벤처기업부,4700,2,-90,-1.88,4755,4790,4505,21268,99848453,22415475000,4769250,KSQ
012170,KR7012170007,아센디오,KOSPI,,1106,1,44,4.14,1062,1124,1035,72011,77370045,22396714564,20250194,STK
067730,KR7067730002,로지시스,KOSDAQ,중견기업부,2315,1,20,0.87,2395,2395,2270,27759,63753055,22395129430,9673922,KSQ
023770,KR7023770001,플레이위드,KOSDAQ,중견기업부,2500,2,-30,-1.19,2530,2555,2455,12353,30762250,22366237500,8946495,KSQ
043360,KR7043360007,디지아이,KOSDAQ,벤처기업부,2485,2,-20,-0.8,2490,2490,2415,13891,33902975,22365000000,9000000,KSQ
070590,KR7070590005,인티큐브,KOSDAQ,중견기업부,1608,1,5,0.31,1600,1608,1581,9019,14349695,22318269768,13879521,KSQ
270210,KR7270210008,에스알바이오텍,KONEX,일반기업부,12980,2,-310,-2.33,13100,13100,12800,496,6453600,22214595040,1711448,KNX
900340,HK0000449303,윙입푸드,KOSDAQ,외국기업(소속부없음),1758,2,-16,-0.9,1792,1794,1754,9910,17589826,22120442856,12582732,KSQ
331520,KR7331520007,밸로프,KOSDAQ,중견기업부,2165,2,-10,-0.46,2165,2200,2145,16526,35730560,22024280870,10172878,KSQ
096690,KR7096690003,에이루트,KOSDAQ,중견기업부,5470,1,70,1.3,5400,5640,5220,20556,110636980,22004945740,4022842,KSQ
076340,KR7076340009,지에이이노더스,KONEX,일반기업부,4500,0,0,0.0,0,0,0,0,0,21921570000,4871460,KNX
403810,KR7403810005,아이엘로보틱스,KONEX,일반기업부,2200,2,-150,-6.38,2350,2350,2200,12572,27947830,21862161200,9937346,KNX
054940,KR7054940002,엑사이엔씨,KOSDAQ,중견기업부,658,2,-2,-0.3,667,669,630,267079,172539101,21828194584,33173548,KSQ
017250,KR7017250002,인터엠,KOSDAQ,중견기업부,1033,2,-5,-0.48,1043,1063,1032,41526,43129802,21739967411,21045467,KSQ
032280,KR7032280000,삼일,KOSDAQ,중견기업부,1338,1,8,0.6,1320,1350,1318,12956,17186328,21693783420,16213590,KSQ
188260,KR7188260004,세니젠,KOSDAQ,관리종목(소속부없음),1634,1,11,0.68,1623,1744,1542,11332,18279273,21672514882,13263473,KSQ
258790,KR7258790005,소프트캠프,KOSDAQ,벤처기업부,4315,2,-95,-2.15,4410,4640,4070,37180,158782440,21567474640,4998256,KSQ
080720,KR7080720006,한국유니온제약,KOSDAQ,관리종목(소속부없음),2725,0,0,0.0,0,0,0,0,0,21562456300,7912828,KSQ
239340,KR7239340003,이스트에이드,KOSDAQ,중견기업부,799,1,18,2.3,781,808,775,59246,46707345,21556727566,26979634,KSQ
418620,KR7418620001,E8,KOSDAQ,기술성장기업부,1083,1,1,0.09,1083,1119,1061,67635,72732388,21498066591,19850477,KSQ
038530,KR7038530002,케이바이오랩스,KOSDAQ,중견기업부,927,2,-3,-0.32,930,939,905,60594,55584132,21453439563,23142869,KSQ
091970,KR7091970004,나노캠텍,KOSDAQ,중견기업부,2845,2,-150,-5.01,2970,3070,2800,55022,157675292,21436449100,7534780,KSQ
103230,KR7103230009,에스앤더블류,KOSDAQ,중견기업부,2965,2,-10,-0.34,3040,3040,2885,19111,56122290,21348000000,7200000,KSQ
331660,KR7331660001,한국미라클피플사,KONEX,일반기업부,3865,2,-120,-3.01,3870,3870,3865,260,1006195,21257500000,5500000,KNX
377220,KR7377220009,프롬바이오,KOSDAQ,기술성장기업부,750,2,-85,-10.18,800,830,741,582182,451607817,21232500000,28310000,KSQ
372800,KR7372800003,아이티아이즈,KOSDAQ,벤처기업부,3005,2,-80,-2.59,3005,3060,2885,13091,39137905,21146752945,7037189,KSQ
222980,KR7222980005,한국맥널티,KOSDAQ,벤처기업부,1915,2,-55,-2.79,1954,2010,1911,6623,12890931,21125289945,11031483,KSQ
020400,KR7020400008,대동금속,KOSDAQ,중견기업부,3305,1,80,2.48,3225,3420,3225,99745,331154670,21080387260,6378332,KSQ
098660,KR7098660004,에스티오,KOSDAQ,중견기업부,1677,1,23,1.39,1654,1679,1620,16110,26867868,20964136752,12500976,KSQ
900110,HK0000057197,딥커머스,KOSDAQ,외국기업(소속부없음),1704,2,-436,-20.37,1851,1888,1666,354237,627971787,20944854024,12291581,KSQ
131760,KR7131760001,파인텍,KOSDAQ,벤처기업부,2410,2,-10,-0.41,2455,2460,2330,120071,286066568,20934021560,8686316,KSQ
045520,KR7045520004,크린앤사이언스,KOSDAQ,중견기업부,3220,1,45,1.42,3180,3280,3150,35924,114417063,20930000000,6500000,KSQ
065060,KR7065060006,지엔코,KOSDAQ,중견기업부,3480,2,-575,-14.18,4030,4030,3400,46390,170852740,20846543280,5990386,KSQ
123840,KR7123840001,뉴온,KOSDAQ,투자주의환기종목(소속부없음),3260,1,50,1.56,3210,3270,3015,8871,28424250,20751301800,6365430,KSQ
192390,KR7192390003,윈하이텍,KOSDAQ,벤처기업부,1880,1,27,1.46,1879,1890,1835,21386,40031120,20740590520,11032229,KSQ
083470,KR7083470005,이엠앤아이,KOSDAQ,벤처기업부,970,2,-17,-1.72,987,1000,952,72377,69527821,20700119130,21340329,KSQ
148780,KR7148780000,비큐AI,KOSDAQ,기술성장기업부,657,1,40,6.48,620,757,620,2258725,1555469755,20659841325,31445725,KSQ
037400,KR7037400009,우리엔터프라이즈,KOSDAQ,중견기업부,787,2,-8,-1.01,795,803,776,109008,85366522,20637773302,26223346,KSQ
328380,KR7328380001,솔트웨어,KOSDAQ,벤처기업부,3005,3,0,0.0,3020,3250,2980,97193,297767950,20591927775,6852555,KSQ
377030,KR7377030002,비트맥스,KOSDAQ,관리종목(소속부없음),1924,1,273,16.54,1651,2145,1594,746179,1496757365,20575948640,10694360,KSQ
238200,KR7238200000,비피도,KOSDAQ,벤처기업부,2510,1,90,3.72,2420,2600,2360,15306,38057325,20531800000,8180000,KSQ
900100,USU652221081,파이온엑스,KOSDAQ,외국기업(소속부없음),389,0,0,0.0,0,0,0,0,0,20523835278,52760502,KSQ
00499K,KR700499K014,롯데지주우,KOSPI,,25400,2,-50,-0.2,25450,25700,25000,338,8543200,20462316200,805603,STK
357430,KR7357430008,마스턴프리미어리츠,KOSPI,,669,1,2,0.3,667,674,663,19234,12852930,20408050383,30505307,STK
109960,KR7109960005,앱토크롬,KOSDAQ,투자주의환기종목(소속부없음),1845,2,-32,-1.7,1877,1884,1840,23311,43425001,20367809235,11039463,KSQ
154030,KR7154030001,아시아종묘,KOSDAQ,벤처기업부,1685,1,5,0.3,1680,1709,1650,8773,14765607,20324245895,12061867,KSQ
306040,KR7306040007,에스제이그룹,KOSDAQ,중견기업부,2060,2,-80,-3.74,2140,2140,2040,78530,162522999,20323605680,9865828,KSQ
225590,KR7225590009,패션플랫폼,KOSDAQ,우량기업부,3965,1,75,1.93,3890,3995,3890,4291,16861125,20306255840,5121376,KSQ
001685,KR7001681006,대상우,KOSPI,,14750,1,60,0.41,14800,14800,14410,6981,101774945,20210789250,1370223,STK
034940,KR7034940007,조아제약,KOSDAQ,중견기업부,651,2,-3,-0.46,691,691,644,31773,20880635,20167867377,30979827,KSQ
322970,KR7322970005,무진메디,KONEX,일반기업부,1997,2,-1,-0.05,1997,1997,1980,327,651319,20141120933,10085689,KNX
415380,KR7415380005,스튜디오삼익,KOSDAQ,중견기업부,1760,2,-45,-2.49,1790,1909,1754,40754,73044955,20139636000,11442975,KSQ
083640,KR7083640003,인콘,KOSDAQ,벤처기업부,1285,1,8,0.63,1266,1286,1245,74485,94127498,19974129950,15544070,KSQ
226340,KR7226340008,본느,KOSDAQ,중견기업부,2380,2,-65,-2.66,2445,2445,2260,84899,198252543,19969351920,8390484,KSQ
027580,KR7027580000,상보,KOSDAQ,중견기업부,1687,2,-30,-1.75,1850,1850,1671,35243,59707036,19967762185,11836255,KSQ
362990,KR7362990004,드림인사이트,KOSDAQ,벤처기업부,1188,2,-10,-0.83,1204,1219,1162,24076,28489174,19959081912,16800574,KSQ
054220,KR7054220009,비츠로시스,KOSDAQ,벤처기업부,1584,2,-10,-0.63,1630,1630,1543,78124,122373998,19943535744,12590616,KSQ
270520,KR7270520000,앱튼,KOSDAQ,투자주의환기종목(소속부없음),1014,1,39,4.0,1000,1090,971,110927,112202482,19934138796,19658914,KSQ
051780,KR7051780005,큐로홀딩스,KOSDAQ,중견기업부,3145,2,-575,-15.46,3745,3745,3100,211847,712989870,19925509175,6335615,KSQ
015020,KR7015020001,이스타코,KOSPI,,928,0,0,0.0,0,0,0,0,0,19883142400,21425800,STK
109670,KR7109670000,씨싸이트,KOSDAQ,중견기업부,3405,2,-45,-1.3,3450,3465,3260,5224,17592755,19873629810,5836602,KSQ
317860,KR7317860005,노드메이슨,KONEX,일반기업부,4395,1,95,2.21,4300,4395,4300,311,1337395,19835579925,4513215,KNX
060900,KR7060900008,에이전트AI,KOSDAQ,중견기업부,4945,2,-55,-1.1,5000,5130,4800,9759,47632932,19735855985,3991073,KSQ
006050,KR7006050009,국영지앤엠,KOSDAQ,중견기업부,565,1,30,5.61,545,587,513,1452048,809806635,19715812295,34895243,KSQ
115570,KR7115570004,스타플렉스,KOSDAQ,중견기업부,2465,1,5,0.2,2460,2490,2460,4897,12089425,19681812220,7984508,KSQ
084440,KR7084440007,유비온,KOSDAQ,기술성장기업부,1025,2,-46,-4.3,1071,1075,988,63441,64132200,19610731525,19132421,KSQ
014100,KR7014100002,메디앙스,KOSDAQ,중견기업부,1654,1,37,2.29,1616,1654,1569,17254,27870422,19517200000,11800000,KSQ
227610,KR7227610003,아우딘퓨쳐스,KOSDAQ,벤처기업부,1025,2,-26,-2.47,1051,1061,1003,64585,66370968,19499213575,19023623,KSQ
085810,KR7085810000,알티캐스트,KOSDAQ,중견기업부,1483,2,-46,-3.01,1516,1528,1460,8715,12923238,19440952498,13109206,KSQ
431190,KR7431190008,케이쓰리아이,KOSDAQ,기술성장기업부,2595,2,-95,-3.53,2690,2700,2585,17622,46255635,19427316990,7486442,KSQ
00781K,KR700781K015,코리아써키트2우B,KOSPI,,24700,2,-50,-0.2,24750,24750,24500,1382,34024650,19357365300,783699,STK
060260,KR7060260007,뉴보텍,KOSDAQ,벤처기업부,1445,1,28,1.98,1417,1460,1381,255872,367587636,19279704420,13342356,KSQ
214610,KR7214610008,롤링스톤,KOSDAQ,관리종목(소속부없음),2290,0,0,0.0,0,0,0,0,0,19197807380,8383322,KSQ
083660,KR7083660001,CSA 코스믹,KOSDAQ,중견기업부,305,2,-17,-5.28,322,358,292,14042196,4502905592,19162984995,62829459,KSQ
465770,KR7465770006,STX그린로지스,KOSPI,,2665,2,-60,-2.2,2750,2885,2615,140626,378615240,19110800280,7171032,STK
078860,KR7078860004,아이오케이이엔엠,KOSDAQ,투자주의환기종목(소속부없음),3200,2,-45,-1.39,3245,3325,3025,38501,122062222,18995920000,5936225,KSQ
285800,KR7285800009,진영,KOSDAQ,벤처기업부,1086,1,16,1.5,1070,1089,1052,45772,48976832,18980315220,17477270,KSQ
035620,KR7035620004,바른손이앤에이,KOSDAQ,중견기업부,1015,2,-7,-0.68,1030,1033,1009,41610,42255575,18889066770,18609918,KSQ
215480,KR7215480005,토박스코리아,KOSDAQ,중견기업부,2110,1,55,2.68,2065,2150,2060,16329,34618136,18884500000,8950000,KSQ
032680,KR7032680001,소프트센,KOSDAQ,중견기업부,905,1,3,0.33,905,914,871,161213,143039614,18874572305,20855881,KSQ
113810,KR7113810006,디젠스,KOSDAQ,중견기업부,576,2,-13,-2.21,584,598,566,212633,122233746,18793757376,32628051,KSQ
031860,KR7031860000,디에이치엑스컴퍼니,KOSDAQ,관리종목(소속부없음),693,0,0,0.0,0,0,0,0,0,18714758139,27005423,KSQ
050760,KR7050760008,에스폴리텍,KOSDAQ,중견기업부,1145,1,13,1.15,1144,1167,1102,52215,58211090,18703206310,16334678,KSQ
193250,KR7193250008,링크드,KOSDAQ,중견기업부,1399,2,-16,-1.13,1403,1480,1369,34008,47666736,18703137267,13368933,KSQ
222670,KR7222670002,플럼라인생명과학,KONEX,일반기업부,4635,0,0,0.0,0,0,0,0,0,18692639820,4032932,KNX
476710,KR7476710009,타조이엔터테인먼트,KONEX,일반기업부,18680,0,0,0.0,0,0,0,0,0,18680000000,1000000,KNX
039310,KR7039310008,세중,KOSDAQ,중견기업부,1029,1,1,0.1,1050,1065,1023,72389,74514972,18647195343,18121667,KSQ
088290,KR7088290002,이원컴포텍,KOSDAQ,관리종목(소속부없음),2325,2,-25,-1.06,2355,2390,2135,11575,26545052,18544367400,7976072,KSQ
042040,KR7042040006,케이피엠테크,KOSDAQ,중견기업부,749,0,0,0.0,0,0,0,0,0,18507312138,24709362,KSQ
076080,KR7076080001,웰크론한텍,KOSDAQ,중견기업부,818,1,25,3.15,793,870,782,71254,58796588,18482019608,22594156,KSQ
0070X0,KR70070X0000,에스테크엠,KONEX,일반기업부,12200,1,210,1.75,13700,13700,10200,203,2223100,18422000000,1510000,KNX
275630,KR7275630002,에스에스알,KOSDAQ,벤처기업부,3505,2,-215,-5.78,3700,4000,3505,13500,49789815,18414597040,5253808,KSQ
101680,KR7101680007,한국정밀기계,KOSDAQ,중견기업부,2190,1,70,3.3,2120,2270,2120,30954,67382305,18404760000,8404000,KSQ
032980,KR7032980005,바이온,KOSDAQ,관리종목(소속부없음),604,0,0,0.0,0,0,0,0,0,18354952980,30388995,KSQ
303030,KR7303030001,지니틱스,KOSDAQ,벤처기업부,2000,1,4,0.2,2000,2040,1870,35378,68651105,18314952000,9157476,KSQ
344860,KR7344860002,이노진,KOSDAQ,기술성장기업부,1510,2,-73,-4.61,1583,1590,1425,135887,203549875,18165300000,12030000,KSQ
196700,KR7196700009,웹스,KOSDAQ,벤처기업부,1260,1,12,0.96,1248,1269,1224,65522,81585241,18098821440,14364144,KSQ
001420,KR7001420009,태원물산,KOSPI,,2380,2,-10,-0.42,2440,2440,2280,7930,18464607,18088000000,7600000,STK
365900,KR7365900000,브이씨,KOSDAQ,벤처기업부,2470,2,-120,-4.63,2590,2590,2415,23783,59578690,18056441000,7310300,KSQ
389680,KR7389680000,유디엠텍,KOSDAQ,기술성장기업부,2165,2,-120,-5.25,2265,2265,2155,117736,258374398,18014300345,8320693,KSQ
289010,KR7289010001,아이스크림에듀,KOSDAQ,중견기업부,1287,1,7,0.55,1272,1289,1261,26704,34161848,17947544472,13945256,KSQ
011090,KR7011090008,에넥스,KOSPI,,1491,1,31,2.12,1432,1498,1417,48271,69928235,17889507048,11998328,STK
005257,KR7005252002,녹십자홀딩스2우,KOSPI,,21100,1,350,1.69,20550,21200,20550,821,17117500,17850389000,845990,STK
368600,KR7368600003,아이씨에이치,KOSDAQ,기술성장기업부,694,1,8,1.17,700,709,673,62601,43038685,17723612124,25538346,KSQ
008600,KR7008600009,윌비스,KOSPI,,2620,0,0,0.0,0,0,0,0,0,17615839860,6723603,STK
279600,KR7279600001,미디어젠,KOSDAQ,벤처기업부,3755,2,-10,-0.27,3765,4305,3680,14213,54438345,17591352655,4684781,KSQ
009440,KR7009440009,KC그린홀딩스,KOSPI,,756,0,0,0.0,0,0,0,0,0,17568790596,23239141,STK
052960,KR7052960002,태양3C,KONEX,일반기업부,3590,1,10,0.28,3590,3590,3590,50,179500,17544610020,4887078,KNX
254160,KR7254160005,제이엠멀티,KONEX,일반기업부,3400,1,200,6.25,3400,3400,3400,4,13600,17544000000,5160000,KNX
108675,KR7108671009,LX하우시스우,KOSPI,,16950,2,-110,-0.64,17290,17290,16830,2099,35548840,17497993500,1032330,STK
086220,KR7086220001,광동헬스바이오,KONEX,일반기업부,1375,1,20,1.48,1300,1390,1200,62,77760,17445814375,12687865,KNX
336040,KR7336040001,타스컴,KONEX,일반기업부,2995,0,0,0.0,0,0,0,0,0,17340837355,5789929,KNX
169670,KR7169670007,코스텍시스템,KONEX,일반기업부,5990,3,0,0.0,5990,5990,5990,1,5990,17181721990,2868401,KNX
247660,KR7247660004,나노씨엠에스,KOSDAQ,기술성장기업부,3930,1,35,0.9,3895,3995,3820,3718,14478440,17071605600,4343920,KSQ
002070,KR7002070001,비비안,KOSPI,,7080,2,-20,-0.28,7400,7460,6900,5288,37024570,17022755520,2404344,STK
060480,KR7060480001,국일신동,KOSDAQ,중견기업부,1532,1,6,0.39,1513,1623,1470,30614,46899944,16989880000,11090000,KSQ
417180,KR7417180007,핑거스토리,KOSDAQ,중견기업부,4840,2,-25,-0.51,4865,4865,4705,4257,20294495,16987064160,3509724,KSQ
482680,KR7482680006,미래에셋비전스팩7호,KOSDAQ,SPAC(소속부없음),2055,0,0,0.0,0,0,0,0,0,16881825000,8215000,KSQ
208640,KR7208640003,썸에이지,KOSDAQ,중견기업부,121,0,0,0.0,0,0,0,0,0,16848070734,139240254,KSQ
322780,KR7322780008,코퍼스코리아,KOSDAQ,중견기업부,1873,2,-78,-4.0,1949,2060,1811,49463,93063655,16809856590,8974830,KSQ
241820,KR7241820000,피씨엘,KOSDAQ,관리종목(소속부없음),6040,0,0,0.0,0,0,0,0,0,16803871920,2782098,KSQ
054410,KR7054410006,케이피티유,KOSDAQ,중견기업부,2930,2,-30,-1.01,2960,2960,2905,1279,3721925,16778480920,5726444,KSQ
477380,KR7477380000,미래에셋비전스팩4호,KOSDAQ,SPAC(소속부없음),2060,2,-5,-0.24,2065,2070,2060,50851,105042420,16686000000,8100000,KSQ
044380,KR7044380004,주연테크,KOSPI,,1288,2,-140,-9.8,1431,1487,1288,126093,167814791,16610455008,12896316,STK
405000,KR7405000001,플라즈맵,KOSDAQ,벤처기업부,4300,2,-50,-1.15,4365,4800,4165,22189,96384540,16505309200,3838444,KSQ
110020,KR7110020005,전진바이오팜,KOSDAQ,기술성장기업부,1818,1,43,2.42,1775,1825,1775,7069,12731816,16468829316,9058762,KSQ
18064K,KR718064K016,한진칼우,KOSPI,,30350,1,400,1.34,30000,31350,29850,3204,97985750,16290848100,536766,STK
137940,KR7137940003,넥스트아이,KOSDAQ,중견기업부,1891,1,61,3.33,1811,1950,1780,42452,78863939,16143276009,8536899,KSQ
005725,KR7005721006,넥센우,KOSPI,,4470,1,90,2.05,4380,4495,4335,1344,5847925,16094682000,3600600,STK
379390,KR7379390008,이성씨엔아이,KONEX,일반기업부,5630,0,0,0.0,0,0,0,0,0,15997419800,2841460,KNX
900270,HK0000214814,헝셩그룹,KOSDAQ,외국기업(소속부없음),655,1,2,0.31,660,661,639,88487,57147283,15985081120,24404704,KSQ
065770,KR7065770000,CS,KOSDAQ,벤처기업부,1644,2,-72,-4.2,1700,1744,1621,96485,159995494,15955948860,9705565,KSQ
028080,KR7028080000,휴맥스홀딩스,KOSDAQ,중견기업부,6290,2,-170,-2.63,6580,6580,6210,1968,12538065,15929582250,2532525,KSQ
048830,KR7048830004,엔피케이,KOSDAQ,중견기업부,850,1,15,1.8,828,860,821,47990,40355453,15915334550,18723923,KSQ
106520,KR7106520000,노블엠앤비,KOSDAQ,투자주의환기종목(소속부없음),411,0,0,0.0,0,0,0,0,0,15904036272,38695952,KSQ
001770,KR7001770007,SHD,KOSPI,,13090,2,-40,-0.3,13130,13130,12900,797,10331230,15902753020,1214878,STK
45226K,KR745226K018,한화갤러리아우,KOSPI,,5430,2,-20,-0.37,5340,5660,5340,2561,14149150,15771272100,2904470,STK
0072Z0,KR70072Z0006,KB제33호스팩,KOSDAQ,SPAC(소속부없음),1997,1,3,0.15,1992,1999,1992,19675,39285650,15746345000,7885000,KSQ
069330,KR7069330009,유아이디,KOSDAQ,벤처기업부,916,1,24,2.69,901,944,893,12756,11646620,15528557784,16952574,KSQ
065690,KR7065690000,파커스,KOSDAQ,투자주의환기종목(소속부없음),1102,2,-34,-2.99,1142,1149,1102,19965,22372224,15482362762,14049331,KSQ
0101C0,KR70101C0008,하나36호스팩,KOSDAQ,SPAC(소속부없음),2000,1,5,0.25,1995,2005,1995,41046,82141172,15480000000,7740000,KSQ
0130H0,KR70130H0008,엔에이치스팩33호,KOSDAQ,SPAC(소속부없음),2010,1,5,0.25,2005,2010,1996,47526,95354484,15477000000,7700000,KSQ
469880,KR7469880009,하나30호스팩,KOSDAQ,SPAC(소속부없음),2105,3,0,0.0,2100,2105,2100,26819,56320069,15377025000,7305000,KSQ
477340,KR7477340004,에이치엠씨제7호스팩,KOSDAQ,SPAC(소속부없음),2045,3,0,0.0,2040,2045,2040,35798,73132830,15357950000,7510000,KSQ
00806K,KR700806K010,대덕1우,KOSPI,,12640,1,110,0.88,12730,12810,12200,2044,25857120,15324192480,1212357,STK
023790,KR7023790009,동일스틸럭스,KOSDAQ,중견기업부,1172,1,22,1.91,1150,1199,1147,93944,110143053,15317814976,13069808,KSQ
030350,KR7030350003,드래곤플라이,KOSDAQ,관리종목(소속부없음),973,0,0,0.0,0,0,0,0,0,15171092867,15592079,KSQ
216400,KR7216400002,인바이츠바이오코아,KONEX,일반기업부,1965,5,-345,-14.94,2385,2385,1965,13414,26506037,15152733975,7711315,KNX
018700,KR7018700005,졸스,KOSDAQ,투자주의환기종목(소속부없음),1285,1,7,0.55,1308,1308,1235,30373,38044381,15042963010,11706586,KSQ
0044K0,KR70044K0008,삼성스팩10호,KOSDAQ,SPAC(소속부없음),2000,3,0,0.0,2005,2010,1996,6170,12367712,15040000000,7520000,KSQ
087260,KR7087260006,모바일어플라이언스,KOSDAQ,벤처기업부,462,2,-147,-24.14,666,789,455,10535771,5862459831,15039421782,32552861,KSQ
199730,KR7199730003,바이오인프라,KOSDAQ,벤처기업부,3075,1,5,0.16,3070,3140,3025,1847,5686550,14957928525,4864367,KSQ
009730,KR7009730003,이렘,KOSDAQ,투자주의환기종목(소속부없음),208,2,-3,-1.42,211,215,198,301145,61655215,14930141408,71779526,KSQ
092600,KR7092600006,앤씨앤,KOSDAQ,벤처기업부,2960,1,20,0.68,2875,2975,2800,26113,75900615,14849440880,5016703,KSQ
227100,KR7227100005,프로브잇,KOSDAQ,관리종목(소속부없음),612,0,0,0.0,0,0,0,0,0,14770119384,24134182,KSQ
079950,KR7079950002,인베니아,KOSDAQ,관리종목(소속부없음),1070,1,54,5.31,1016,1089,1010,156820,164641513,14765037000,13799100,KSQ
419540,KR7419540000,비스토스,KOSDAQ,벤처기업부,3210,1,10,0.31,3235,3300,3010,85516,269481284,14761191420,4598502,KSQ
115530,KR7115530008,씨엔플러스,KOSDAQ,중견기업부,1871,1,64,3.54,1850,2220,1771,184266,365995742,14751676851,7884381,KSQ
018620,KR7018620005,우진비앤지,KOSDAQ,벤처기업부,2545,2,-55,-2.12,2575,2665,2505,24954,64411905,14704648610,5777858,KSQ
0115H0,KR70115H0007,삼성스팩13호,KOSDAQ,SPAC(소속부없음),1999,2,-1,-0.05,2000,2010,1997,39543,79171095,14692650000,7350000,KSQ
208850,KR7208850008,이비테크,KONEX,일반기업부,5190,0,0,0.0,0,0,0,0,0,14637097500,2820250,KNX
000087,KR7000082008,하이트진로2우B,KOSPI,,12950,1,10,0.08,12630,13190,12630,4094,52929890,14635287100,1130138,STK
096870,KR7096870001,엘디티,KOSDAQ,벤처기업부,1750,2,-64,-3.53,1814,1845,1750,26304,46963261,14608998250,8347999,KSQ
900120,KYG2114A1094,씨엑스아이,KOSDAQ,외국기업(소속부없음),391,0,0,0.0,0,0,0,0,0,14603186473,37348303,KSQ
191410,KR7191410000,육일씨엔에쓰,KOSDAQ,중견기업부,1303,1,18,1.4,1300,1312,1276,36506,47326015,14599144265,11204255,KSQ
473050,KR7473050003,유안타제15호스팩,KOSDAQ,SPAC(소속부없음),2080,3,0,0.0,2080,2085,2075,12287,25532770,14580800000,7010000,KSQ
351020,KR7351020003,미쥬,KONEX,일반기업부,6990,0,0,0.0,0,0,0,0,0,14504250000,2075000,KNX
361670,KR7361670003,삼영에스앤씨,KOSDAQ,기술성장기업부,2550,3,0,0.0,2665,2665,2480,6560,16728575,14452527900,5667658,KSQ
154040,KR7154040000,다산솔루에타,KOSDAQ,중견기업부,805,1,28,3.6,777,854,771,227398,184917115,14449825670,17950094,KSQ
067770,KR7067770008,세진티에스,KOSDAQ,중견기업부,1714,1,13,0.76,1710,1890,1710,34464,59817955,14391760402,8396593,KSQ
478440,KR7478440001,미래에셋비전스팩6호,KOSDAQ,SPAC(소속부없음),2055,2,-5,-0.24,2060,2060,2050,736,1513020,14241150000,6930000,KSQ
368970,KR7368970000,오에스피,KOSDAQ,벤처기업부,2920,2,-40,-1.35,2900,2960,2800,19366,55764970,14180784360,4856433,KSQ
043590,KR7043590009,웰킵스하이텍,KOSDAQ,중견기업부,1039,1,42,4.21,1019,1050,965,73670,74137752,14097547859,13568381,KSQ
233250,KR7233250000,메디안디노스틱,KONEX,일반기업부,8070,2,-130,-1.59,0,0,0,0,0,14094529380,1746534,KNX
479880,KR7479880007,한국제15호스팩,KOSDAQ,SPAC(소속부없음),2050,3,0,0.0,2065,2065,2045,12423,25422400,14083500000,6870000,KSQ
060230,KR7060230000,제이케이시냅스,KOSDAQ,중견기업부,250,2,-13,-4.94,267,290,250,958687,249470402,14075122750,56300491,KSQ
0099W0,KR70099W0008,미래에셋비전스팩11호,KOSDAQ,SPAC(소속부없음),2005,3,0,0.0,2005,2005,1998,31323,62790100,14035000000,7000000,KSQ
073190,KR7073190001,듀오백,KOSDAQ,투자주의환기종목(소속부없음),1172,2,-57,-4.64,1161,1239,1093,333750,385550708,14026542880,11968040,KSQ
308100,KR7308100007,형지글로벌,KOSDAQ,중견기업부,579,2,-15,-2.53,592,594,565,218152,125486058,13909321632,24023008,KSQ
001795,KR7001791003,대한제당우,KOSPI,,2145,2,-15,-0.69,2150,2160,2115,18365,39158529,13905520200,6482760,STK
291810,KR7291810000,핀텔,KOSDAQ,기술성장기업부,1221,2,-29,-2.32,1242,1320,1140,303400,367642677,13881197352,11368712,KSQ
250930,KR7250930005,예선테크,KOSDAQ,벤처기업부,418,1,8,1.95,414,423,411,47656,19823571,13794183920,33000440,KSQ
019685,KR7019681006,대교우B,KOSPI,,702,2,-6,-0.85,708,710,680,8902,6186529,13637746980,19426990,STK
352770,KR7352770002,셀레스트라,KOSDAQ,관리종목(소속부없음),5250,0,0,0.0,0,0,0,0,0,13610136750,2592407,KSQ
489480,KR7489480004,키움제11호스팩,KOSDAQ,SPAC(소속부없음),2035,1,5,0.25,2025,2040,2025,43029,87531900,13431000000,6600000,KSQ
244460,KR7244460002,올리패스,KOSDAQ,관리종목(소속부없음),1651,0,0,0.0,0,0,0,0,0,13415218661,8125511,KSQ
0134X0,KR70134X0004,대신밸런스제20호스팩,KOSDAQ,SPAC(소속부없음),1983,1,3,0.15,1980,1988,1975,169428,335954942,13365420000,6740000,KSQ
079190,KR7079190005,케스피온,KOSDAQ,벤처기업부,693,1,12,1.76,686,729,684,212518,148451460,13290185601,19177757,KSQ
0096B0,KR70096B0006,삼성스팩12호,KOSDAQ,SPAC(소속부없음),2000,1,1,0.05,1999,2005,1993,27906,55816125,13160000000,6580000,KSQ
481890,KR7481890002,엔에이치스팩31호,KOSDAQ,SPAC(소속부없음),2070,2,-10,-0.48,2080,2080,2065,11362,23492690,13134150000,6345000,KSQ
217320,KR7217320001,썬테크,KONEX,일반기업부,12500,2,-500,-3.85,12500,12500,12500,1,12500,13125000000,1050000,KNX
312610,KR7312610009,에이에프더블류,KOSDAQ,투자주의환기종목(소속부없음),645,1,15,2.38,632,650,630,30161,19214562,13065692760,20256888,KSQ
456190,KR7456190008,큐라켐,KONEX,일반기업부,7420,0,0,0.0,0,0,0,0,0,13016802120,1754286,KNX
0097F0,KR70097F0001,미래에셋비전스팩10호,KOSDAQ,SPAC(소속부없음),2000,2,-5,-0.25,1998,2010,1998,39689,79660671,13000000000,6500000,KSQ
011080,KR7011080009,형지I&C,KOSDAQ,중견기업부,2995,1,215,7.73,2780,2995,2650,136275,377759894,12867304690,4296262,KSQ
489730,KR7489730002,디비금융제13호스팩,KOSDAQ,SPAC(소속부없음),2020,2,-10,-0.49,2030,2030,2015,2791,5637840,12790640000,6332000,KSQ
0093G0,KR70093G0004,미래에셋비전스팩8호,KOSDAQ,SPAC(소속부없음),1996,2,-4,-0.2,2000,2005,1996,7313,14618683,12774400000,6400000,KSQ
478390,KR7478390008,KB제29호스팩,KOSDAQ,SPAC(소속부없음),2050,3,0,0.0,2050,2055,2045,1771,3626520,12751000000,6220000,KSQ
065420,KR7065420002,에스아이리소스,KOSDAQ,중견기업부,178,0,0,0.0,0,0,0,0,0,12740759222,71577299,KSQ
217880,KR7217880004,틸론,KONEX,일반기업부,1187,1,88,8.01,1199,1199,1099,675,804985,12733293230,10727290,KNX
471050,KR7471050005,대신밸런스제17호스팩,KOSDAQ,SPAC(소속부없음),2095,1,10,0.48,2085,2097,2080,85829,178802472,12695700000,6060000,KSQ
054180,KR7054180005,메디콕스,KOSDAQ,관리종목(소속부없음),2295,0,0,0.0,0,0,0,0,0,12686716395,5527981,KSQ
0054V0,KR70054V0002,엔에이치스팩32호,KOSDAQ,SPAC(소속부없음),2040,1,15,0.74,2025,2045,2025,20271,41343425,12681660000,6216500,KSQ
0099X0,KR70099X0007,IBKS제25호스팩,KOSDAQ,SPAC(소속부없음),2120,2,-15,-0.7,2140,2150,2115,21351,45671260,12677600000,5980000,KSQ
0037T0,KR70037T0008,KB제32호스팩,KOSDAQ,SPAC(소속부없음),2000,2,-5,-0.25,2005,2005,1996,2470,4939747,12660000000,6330000,KSQ
492220,KR7492220009,KB제31호스팩,KOSDAQ,SPAC(소속부없음),2020,3,0,0.0,2020,2020,2010,3344,6737310,12544200000,6210000,KSQ
001755,KR7001751007,한양증권우,KOSPI,,23850,1,150,0.63,23700,23900,22950,1114,26022750,12521250000,525000,STK
0131D0,KR70131D0001,키움히어로제2호스팩,KOSDAQ,SPAC(소속부없음),1984,1,2,0.1,1982,1984,1975,72888,144348665,12519040000,6310000,KSQ
0088D0,KR70088D0004,메리츠제1호스팩,KOSDAQ,SPAC(소속부없음),2160,3,0,0.0,2160,2175,2135,3601,7756105,12517200000,5795000,KSQ
002680,KR7002680007,한탑,KOSDAQ,중견기업부,385,2,-28,-6.78,416,422,381,360266,142813401,12441967615,32316799,KSQ
177350,KR7177350006,베셀,KOSDAQ,투자주의환기종목(소속부없음),633,2,-17,-2.62,680,680,613,184740,117297635,12440834511,19653767,KSQ
025870,KR7025870007,신라에스지,KOSDAQ,중견기업부,3100,1,35,1.14,3070,3130,2975,12376,37910120,12400000000,4000000,KSQ
482520,KR7482520004,교보16호스팩,KOSDAQ,SPAC(소속부없음),2025,2,-5,-0.25,2030,2030,2020,50100,101342900,12352500000,6100000,KSQ
149010,KR7149010001,아이케이세미콘,KONEX,일반기업부,3950,2,-50,-1.25,4000,4000,3950,115,458150,12324000000,3120000,KNX
065570,KR7065570004,삼영이엔씨,KOSDAQ,관리종목(소속부없음),764,0,0,0.0,0,0,0,0,0,12295692232,16093838,KSQ
0091W0,KR70091W0006,신영스팩11호,KOSDAQ,SPAC(소속부없음),2025,3,0,0.0,2025,2025,2020,380,768375,12287700000,6068000,KSQ
035290,KR7035290006,골드앤에스,KOSDAQ,중견기업부,2575,1,25,0.98,2730,2730,2525,16814,43287465,12276693600,4767648,KSQ
012340,KR7012340006,뉴인텍,KOSDAQ,투자주의환기종목(소속부없음),1078,2,-18,-1.64,1096,1118,1064,32791,35525347,12181736336,11300312,KSQ
0041L0,KR70041L0000,하나35호스팩,KOSDAQ,SPAC(소속부없음),2015,1,10,0.5,1996,2025,1996,31658,63735428,12150450000,6030000,KSQ
004105,KR7004101002,태양금속우,KOSPI,,3670,2,-75,-2.0,3740,3845,3620,45294,167693325,12111000000,3300000,STK
477760,KR7477760003,DB금융스팩12호,KOSDAQ,SPAC(소속부없음),2070,1,5,0.24,2065,2070,2060,40508,83786655,12088800000,5840000,KSQ
482690,KR7482690005,대신밸런스제19호스팩,KOSDAQ,SPAC(소속부없음),2125,2,-5,-0.23,2160,2160,2125,3902,8293290,11931875000,5615000,KSQ
0132G0,KR70132G0007,교보20호스팩,KOSDAQ,SPAC(소속부없음),1995,3,0,0.0,1998,2005,1995,59354,118812242,11910150000,5970000,KSQ
084695,KR7084691005,대상홀딩스우,KOSPI,,13020,2,-130,-0.99,13200,13200,12970,3771,49034480,11893535640,913482,STK
145995,KR7145991006,삼양사우,KOSPI,,31850,1,200,0.63,31650,31850,31450,660,20788500,11786729500,370070,STK
38380K,KR738380K012,LX홀딩스1우,KOSPI,,8000,2,-90,-1.11,8290,8290,7940,2095,16817270,11722280000,1465285,STK
469900,KR7469900005,하나31호스팩,KOSDAQ,SPAC(소속부없음),2080,2,-5,-0.24,2080,2080,2070,3890,8067280,11658400000,5605000,KSQ
0071M0,KR70071M0002,삼성스팩11호,KOSDAQ,SPAC(소속부없음),2020,1,5,0.25,2015,2025,2005,20220,40832855,11635200000,5760000,KSQ
069920,KR7069920007,엑시온그룹,KOSDAQ,투자주의환기종목(소속부없음),1250,2,-5,-0.4,1264,1280,1205,66490,82116341,11620651250,9296521,KSQ
477470,KR7477470009,미래에셋비전스팩5호,KOSDAQ,SPAC(소속부없음),2110,1,30,1.44,2080,2120,2070,30538,64284640,11562800000,5480000,KSQ
060240,KR7060240009,스타코링크,KOSDAQ,관리종목(소속부없음),1976,0,0,0.0,0,0,0,0,0,11502414560,5821060,KSQ
050090,KR7050090000,비케이홀딩스,KOSDAQ,투자주의환기종목(소속부없음),581,1,22,3.94,590,619,510,40521,23141813,11494931035,19784735,KSQ
487360,KR7487360000,신한제14호스팩,KOSDAQ,SPAC(소속부없음),2030,2,-5,-0.25,2035,2035,2025,1293,2620840,11449200000,5640000,KSQ
474660,KR7474660008,신한제12호스팩,KOSDAQ,SPAC(소속부없음),2065,2,-5,-0.24,2065,2070,2055,20788,42950110,11398800000,5520000,KSQ
474490,KR7474490000,유안타제16호스팩,KOSDAQ,SPAC(소속부없음),2060,3,0,0.0,2060,2062,2060,4853,9997262,11350600000,5510000,KSQ
0105P0,KR70105P0009,유진스팩12호,KOSDAQ,SPAC(소속부없음),2005,3,0,0.0,1989,2005,1989,22320,44717301,11348300000,5660000,KSQ
496070,KR7496070004,신한제16호스팩,KOSDAQ,SPAC(소속부없음),2000,2,-10,-0.5,2010,2010,1999,2521,5041261,11240000000,5620000,KSQ
114920,KR7114920002,대주이엔티,KONEX,일반기업부,3230,1,385,13.53,2420,3230,2420,208,504170,11206485000,3469500,KNX
0129K0,KR70129K0006,신한제18호스팩,KOSDAQ,SPAC(소속부없음),1993,1,1,0.05,1992,1994,1984,87876,175015011,11200660000,5620000,KSQ
0096D0,KR70096D0004,미래에셋비전스팩9호,KOSDAQ,SPAC(소속부없음),2035,1,20,0.99,2005,2040,1996,21278,43002188,11192500000,5500000,KSQ
225430,KR7225430008,케이엠제약,KOSDAQ,벤처기업부,2005,2,-75,-3.61,2080,2100,2005,103672,211317355,11182707050,5577410,KSQ
176590,KR7176590008,코나솔,KONEX,일반기업부,1904,1,4,0.21,2000,2100,1900,48958,99769829,11112473232,5836383,KNX
289170,KR7289170003,바이오텐,KONEX,일반기업부,3095,2,-15,-0.48,3105,3105,3095,174,538570,11069852455,3576689,KNX
001515,KR7001511005,SK증권우,KOSPI,,5650,2,-10,-0.18,5700,5700,5650,12447,70607820,11052852050,1956257,STK
0098T0,KR70098T0004,교보19호스팩,KOSDAQ,SPAC(소속부없음),2040,3,0,0.0,2035,2040,2025,21366,43520495,11016000000,5400000,KSQ
084180,KR7084180009,수성웹툰,KOSDAQ,중견기업부,607,2,-33,-5.16,640,659,579,170087,105746757,10971089781,18074283,KSQ
004255,KR7004251005,NPC우,KOSPI,,2065,1,5,0.24,2095,2095,2040,373,768730,10903200000,5280000,STK
012205,KR7012201000,계양전기우,KOSPI,,9320,2,-280,-2.92,9600,9600,9230,19041,177955420,10895816280,1169079,STK
008290,KR7008290009,원풍물산,KOSDAQ,투자주의환기종목(소속부없음),535,1,24,4.7,511,565,511,48524,25506558,10885558865,20346839,KSQ
486630,KR7486630007,KB제30호스팩,KOSDAQ,SPAC(소속부없음),2050,2,-10,-0.49,2057,2057,2050,289,592467,10885500000,5310000,KSQ
493790,KR7493790000,유안타제17호스팩,KOSDAQ,SPAC(소속부없음),2015,2,-5,-0.25,2015,2015,2015,3340,6730100,10699650000,5310000,KSQ
0004Y0,KR70004Y0000,디비금융제14호스팩,KOSDAQ,SPAC(소속부없음),2010,2,-5,-0.25,2015,2015,2005,181,363615,10683150000,5315000,KSQ
253610,KR7253610000,루트락,KONEX,일반기업부,1040,2,-6,-0.57,1040,1040,1040,1,1040,10668393840,10258071,KNX
0130D0,KR70130D0002,신한제17호스팩,KOSDAQ,SPAC(소속부없음),1990,3,0,0.0,1990,1991,1988,16011,31857780,10626600000,5340000,KSQ
489210,KR7489210005,교보17호스팩,KOSDAQ,SPAC(소속부없음),2050,2,-5,-0.24,2060,2060,2045,3945,8103865,10619000000,5180000,KSQ
003075,KR7003071008,코오롱글로벌우,KOSPI,,14300,1,350,2.51,13830,14340,13520,782,11049360,10592539100,740737,STK
043100,KR7043100007,알파AI,KOSDAQ,관리종목(소속부없음),520,0,0,0.0,0,0,0,0,0,10457241600,20110080,KSQ
0041B0,KR70041B0002,교보18호스팩,KOSDAQ,SPAC(소속부없음),2055,1,25,1.23,2030,2060,2020,20137,41173225,10357200000,5040000,KSQ
466690,KR7466690005,키움히어로제1호스팩,KOSDAQ,SPAC(소속부없음),2015,1,10,0.5,2005,2020,2000,22463,45238292,10266425000,5095000,KSQ
478110,KR7478110000,이베스트스팩6호,KOSDAQ,SPAC(소속부없음),2045,3,0,0.0,2045,2045,2040,20256,41407650,10265900000,5020000,KSQ
498390,KR7498390004,한화플러스제5호스팩,KOSDAQ,SPAC(소속부없음),2055,1,10,0.49,2055,2060,2050,21259,43682505,10192800000,4960000,KSQ
224760,KR7224760009,엔에스컴퍼니,KONEX,일반기업부,2585,0,0,0.0,0,0,0,0,0,10184124500,3939700,KNX
238500,KR7238500003,솔루믹스,KONEX,일반기업부,475,0,0,0.0,0,0,0,0,0,9883469400,20807304,KNX
472220,KR7472220003,신영스팩10호,KOSDAQ,SPAC(소속부없음),2095,2,-10,-0.48,2100,2100,2080,20355,42361315,9825550000,4690000,KSQ
469480,KR7469480008,IBKS제24호스팩,KOSDAQ,SPAC(소속부없음),2280,2,-65,-2.77,2355,2422,2210,74251,167856315,9644400000,4230000,KSQ
103660,KR7103660007,씨앗,KONEX,일반기업부,1593,1,146,10.09,1598,1598,1593,51,81348,9585831303,6017471,KNX
488060,KR7488060005,유진스팩11호,KOSDAQ,SPAC(소속부없음),2030,2,-5,-0.25,2050,2050,2030,550,1118535,9581600000,4720000,KSQ
33637L,KR733637K028,솔루스첨단소재2우B,KOSPI,,2525,2,-5,-0.2,2535,2550,2420,8377,21046370,9540197400,3778296,STK
106080,KR7106080005,케이이엠텍,KOSDAQ,관리종목(소속부없음),1650,0,0,0.0,0,0,0,0,0,9506998050,5761817,KSQ
189350,KR7189350002,코셋,KONEX,일반기업부,1976,1,55,2.86,1676,1976,1673,667,1117648,9484800000,4800000,KNX
009620,KR7009620006,삼보산업,KOSDAQ,투자주의환기종목(소속부없음),542,2,-13,-2.34,540,577,531,321433,174867139,9470392016,17473048,KSQ
145210,KR7145210001,다이나믹디자인,KOSPI,,224,0,0,0.0,0,0,0,0,0,9461013632,42236668,STK
484130,KR7484130000,하나34호스팩,KOSDAQ,SPAC(소속부없음),2075,1,30,1.47,2040,2135,2030,32508,67321455,9379000000,4520000,KSQ
121850,KR7121850002,코이즈,KOSDAQ,관리종목(소속부없음),1834,1,110,6.38,1724,2100,1685,80916,149767716,9274536166,5056999,KSQ
001067,KR7001062009,JW중외제약2우B,KOSPI,,43950,2,-500,-1.12,44450,44450,43950,103,4560650,9228313350,209973,STK
464440,KR7464440007,한국제13호스팩,KOSDAQ,관리종목(소속부없음),2110,3,0,0.0,2110,2115,2110,118759,251151910,9115200000,4320000,KSQ
473950,KR7473950004,에스케이증권제13호스팩,KOSDAQ,SPAC(소속부없음),2055,1,10,0.49,2040,2055,2040,20149,41279710,9083100000,4420000,KSQ
178600,KR7178600003,대동고려삼,KONEX,일반기업부,2015,2,-65,-3.13,2015,2015,2015,1,2015,8965944000,4449600,KNX
467930,KR7467930004,IBKS제23호스팩,KOSDAQ,관리종목(소속부없음),2105,1,5,0.24,2105,2105,2095,143164,300519748,8904150000,4230000,KSQ
465320,KR7465320000,교보15호스팩,KOSDAQ,SPAC(소속부없음),2335,0,0,0.0,0,0,0,0,0,8896350000,3810000,KSQ
487830,KR7487830002,신한제15호스팩,KOSDAQ,SPAC(소속부없음),2035,2,-20,-0.97,2055,2055,2030,709,1448115,8852250000,4350000,KSQ
468760,KR7468760004,유진스팩10호,KOSDAQ,SPAC(소속부없음),2080,3,0,0.0,2085,2085,2070,76911,159793970,8819200000,4240000,KSQ
000225,KR7000221002,유유제약1우,KOSPI,,3870,2,-5,-0.13,3875,3940,3770,6334,24370940,8773019100,2266930,STK
03481K,KR703481K019,해성산업1우,KOSDAQ,중견기업부,6270,2,-20,-0.32,6300,6500,6210,1210,7718160,8636630310,1377453,KSQ
472230,KR7472230002,에스케이증권제11호스팩,KOSDAQ,SPAC(소속부없음),2075,2,-5,-0.24,2080,2080,2075,3284,6814430,8621625000,4155000,KSQ
0068Y0,KR70068Y0003,비엔케이제3호스팩,KOSDAQ,SPAC(소속부없음),2000,3,0,0.0,2000,2000,1998,3055,6109977,8620000000,4310000,KSQ
244880,KR7244880001,나눔테크,KONEX,일반기업부,1715,2,-40,-2.28,1789,1789,1633,619,1016676,8609300000,5020000,KNX
487720,KR7487720005,키움제10호스팩,KOSDAQ,SPAC(소속부없음),2035,1,5,0.25,2025,2035,2020,23488,47670145,8608050000,4230000,KSQ
0041J0,KR70041J0004,엘에스스팩1호,KOSDAQ,SPAC(소속부없음),2000,1,4,0.2,2005,2005,2000,2052,4104085,8220000000,4110000,KSQ
185190,KR7185190006,수프로,KONEX,일반기업부,870,1,100,12.99,884,884,870,14,12194,8037603750,9238625,KNX
309930,KR7309930006,조이웍스앤코,KOSDAQ,중견기업부,1626,1,26,1.63,1600,1660,1540,25759,40912833,7963187034,4897409,KSQ
236030,KR7236030003,씨알푸드,KONEX,일반기업부,3850,2,-150,-3.75,3850,3850,3850,1,3850,7828328200,2033332,KNX
475250,KR7475250007,하나33호스팩,KOSDAQ,SPAC(소속부없음),2075,3,0,0.0,2080,2080,2070,32,66409,7677500000,3700000,KSQ
004985,KR7004981007,성신양회우,KOSPI,,10400,1,100,0.97,10400,10400,10300,421,4369860,7650708000,735645,STK
079970,KR7079970000,투비소프트,KOSDAQ,관리종목(소속부없음),596,0,0,0.0,0,0,0,0,0,7646223464,12829234,KSQ
474930,KR7474930005,신한제13호스팩,KOSDAQ,SPAC(소속부없음),2085,1,5,0.24,2090,2090,2080,20026,41754165,7547700000,3620000,KSQ
236340,KR7236340006,메디젠휴먼케어,KONEX,일반기업부,2500,2,-300,-10.71,2600,2600,2400,62,153500,7536617500,3014647,KNX
212310,KR7212310007,오건에코텍,KONEX,일반기업부,635,0,0,0.0,0,0,0,0,0,7514663025,11834115,KNX
001065,KR7001061001,JW중외제약우,KOSPI,,21050,3,0,0.0,21050,21050,21050,216,4546800,7198068550,341951,STK
004835,KR7004831004,덕성우,KOSPI,,5170,2,-40,-0.77,5310,5320,5120,5400,28118710,7196640000,1392000,STK
199150,KR7199150004,데이터스트림즈,KONEX,일반기업부,1670,2,-9,-0.54,1680,1680,1670,899,1501432,7128583710,4268613,KNX
318660,KR7318660008,타임기술,KONEX,일반기업부,3300,2,-100,-2.94,3400,3600,2900,345,1162070,7101933300,2152101,KNX
276040,KR7276040003,스코넥,KOSDAQ,관리종목(소속부없음),327,0,0,0.0,0,0,0,0,0,7073119545,21630335,KSQ
341170,KR7341170009,퓨쳐메디신,KONEX,일반기업부,668,2,-109,-14.03,662,799,661,22385,15877466,7036180940,10533205,KNX
199290,KR7199290008,바이오프로테크,KONEX,일반기업부,429,1,21,5.15,429,429,429,20,8580,7003507368,16325192,KNX
066830,KR7066830001,제노텍,KONEX,일반기업부,1220,0,0,0.0,0,0,0,0,0,6913959600,5667180,KNX
251280,KR7251280004,안지오랩,KONEX,일반기업부,1970,2,-8,-0.4,1850,1970,1810,553,1082239,6878983900,3491870,KNX
473000,KR7473000008,에스케이증권제12호스팩,KOSDAQ,SPAC(소속부없음),2075,1,10,0.48,2065,2095,2055,20431,42459860,6868250000,3310000,KSQ
101390,KR7101390003,아이엠,KOSDAQ,관리종목(소속부없음),396,0,0,0.0,0,0,0,0,0,6698084184,16914354,KSQ
475240,KR7475240008,하나32호스팩,KOSDAQ,SPAC(소속부없음),2085,1,5,0.24,2090,2090,2075,23844,49639795,6672000000,3200000,KSQ
000325,KR7000321000,노루홀딩스우,KOSPI,,27100,2,-650,-2.34,28500,28500,27050,199,5401850,6600448900,243559,STK
447690,KR7447690009,아이오바이오,KONEX,일반기업부,2495,2,-55,-2.16,2695,2695,2180,137,303610,6562488720,2630256,KNX
276240,KR7276240009,엘리비젼,KONEX,일반기업부,530,1,27,5.37,430,558,430,303,130618,6525963140,12313138,KNX
26490K,KR726490K013,크라운제과우,KOSPI,,8190,1,60,0.74,8130,8220,7870,126,1026275,6335456400,773560,STK
009415,KR7009411000,태영건설우,KOSPI,,9700,1,40,0.41,9020,10500,9020,51245,516140830,6304747800,649974,STK
267080,KR7267080000,세븐브로이맥주,KONEX,일반기업부,486,0,0,0.0,0,0,0,0,0,5769504288,11871408,KNX
234070,KR7234070001,에이원큐브텍,KONEX,일반기업부,803,1,103,14.71,805,805,803,3,2413,5589444509,6960703,KNX
311960,KR7311960009,인터로이드,KONEX,일반기업부,1796,2,-2,-0.11,1799,1799,1529,139,230434,5500544544,3062664,KNX
044180,KR7044180008,KD,KOSDAQ,관리종목(소속부없음),205,0,0,0.0,0,0,0,0,0,5477148795,26717799,KSQ
332190,KR7332190008,오션스바이오,KONEX,일반기업부,3635,0,0,0.0,0,0,0,0,0,5371944765,1477839,KNX
202960,KR7202960001,판도라티비,KONEX,일반기업부,447,2,-1,-0.22,490,490,446,315,140871,5326265154,11915582,KNX
313760,KR7313760001,캐리,KOSDAQ,관리종목(소속부없음),468,0,0,0.0,0,0,0,0,0,5244963048,11207186,KSQ
090355,KR7090351008,노루페인트우,KOSPI,,10890,2,-10,-0.09,10900,10900,10810,139,1512910,5043442140,463126,STK
266350,KR7266350008,팡스카이,KONEX,일반기업부,398,0,0,0.0,0,0,0,0,0,5026568860,12629570,KNX
258050,KR7258050004,테크트랜스,KONEX,일반기업부,449,0,0,0.0,0,0,0,0,0,5004531101,11145949,KNX
327610,KR7327610002,펨토바이오메드,KONEX,일반기업부,585,0,0,0.0,0,0,0,0,0,4993610310,8536086,KNX
346010,KR7346010002,타이드,KONEX,일반기업부,1000,0,0,0.0,0,0,0,0,0,4860062000,4860062,KNX
043090,KR7043090000,더테크놀로지,KOSDAQ,투자주의환기종목(소속부없음),1140,0,0,0.0,0,0,0,0,0,4718944500,4139425,KSQ
215570,KR7215570003,크로넥스,KONEX,일반기업부,756,5,-133,-14.96,762,899,756,1556,1185997,4711727664,6232444,KNX
008500,KR7008500001,일정실업,KOSPI,,779,0,0,0.0,0,0,0,0,0,4674000000,6000000,STK
000545,KR7000541003,흥국화재우,KOSPI,,6060,2,-90,-1.46,6150,6150,6060,844,5135890,4654080000,768000,STK
121060,KR7121060008,유니포인트,KONEX,일반기업부,892,5,-157,-14.97,1200,1200,892,11,11660,4632854436,5193783,KNX
000145,KR7000141002,하이트진로홀딩스우,KOSPI,,9790,1,20,0.2,9850,9850,9790,58,568770,4609229900,470810,STK
052770,KR7052770005,아이톡시,KOSDAQ,관리종목(소속부없음),312,0,0,0.0,0,0,0,0,0,4545457488,14568774,KSQ
116100,KR7116100009,태양기계,KONEX,일반기업부,610,2,-45,-6.87,610,610,610,1,610,4538391460,7439986,KNX
217910,KR7217910009,에스제이켐,KONEX,일반기업부,317,1,8,2.59,309,353,263,134,35828,4434995474,13990522,KNX
299480,KR7299480004,지앤이헬스케어,KONEX,일반기업부,397,1,8,2.06,389,397,331,5,1779,4406994971,11100743,KNX
092590,KR7092590009,럭스피아,KONEX,일반기업부,544,5,-95,-14.87,544,544,544,853,464032,3966357312,7291098,KNX
005965,KR7005961008,동부건설우,KOSPI,,17350,1,540,3.21,17300,17500,17300,423,7356730,3916450200,225732,STK
002995,KR7002991008,금호건설우,KOSPI,,12990,1,570,4.59,12700,13400,12670,4396,57787260,3796535340,292266,STK
136660,KR7136660008,큐엠씨,KONEX,일반기업부,1600,3,0,0.0,1401,1600,1360,88,125380,3777520000,2360950,KNX
402420,KR7402420004,켈스,KONEX,일반기업부,1600,1,100,6.67,1500,1600,1500,12,18100,3758020800,2348763,KNX
014825,KR7014821003,동원시스템즈우,KOSPI,,14180,1,20,0.14,14800,14800,14180,69,983190,3745093980,264111,STK
390110,KR7390110005,애니메디솔루션,KONEX,일반기업부,382,4,49,14.71,303,382,303,1809,605599,3704271954,9697047,KNX
266470,KR7266470004,바이오인프라생명과학,KONEX,일반기업부,132,4,17,14.78,120,132,102,22160,2377706,3678314508,27866019,KNX
36328K,KR736328K013,티와이홀딩스우,KOSPI,,3130,1,40,1.29,3340,3340,3070,678,2099020,3677590370,1174949,STK
014285,KR7014281000,금강공업우,KOSPI,,6120,1,190,3.2,6100,6180,6080,990,6050010,3610035000,589875,STK
007575,KR7007571003,일양약품우,KOSPI,,8100,1,100,1.25,8110,8120,7930,338,2713320,3605148000,445080,STK
208890,KR7208890004,미래엔에듀파트너,KONEX,일반기업부,900,0,0,0.0,0,0,0,0,0,3604968000,4005520,KNX
001527,KR7001522002,동양2우B,KOSPI,,7360,1,360,5.14,7090,7360,6950,1298,9150450,3522267840,478569,STK
005745,KR7005741004,크라운해태홀딩스우,KOSPI,,5810,2,-400,-6.44,6230,6230,5810,1240,7329600,3490218060,600726,STK
224810,KR7224810002,엄지하우스,KONEX,일반기업부,830,5,-146,-14.96,830,986,830,7946,6595622,3486000000,4200000,KNX
000227,KR7000222000,유유제약2우B,KOSPI,,10690,1,80,0.75,10770,10770,10690,43,460790,3480236400,325560,STK
014915,KR7014911002,성문전자우,KOSPI,,5790,4,1335,29.97,4590,5790,4590,112252,631680580,3474000000,600000,STK
093510,KR7093510006,엔지브이아이,KONEX,일반기업부,556,5,-97,-14.85,0,0,0,0,0,3347120000,6020000,KNX
302920,KR7302920004,더콘텐츠온,KONEX,일반기업부,720,2,-110,-13.25,900,900,706,428,309820,3277698480,4552359,KNX
008355,KR7008351009,남선알미우,KOSPI,,10070,2,-140,-1.37,10010,10280,10010,524,5302380,3100452300,307890,STK
004545,KR7004541009,깨끗한나라우,KOSPI,,8400,2,-300,-3.45,8600,8870,8250,1364,11606830,3075744000,366160,STK
001525,KR7001521004,동양우,KOSPI,,4800,1,360,8.11,4550,4800,4475,2184,10236040,2965108800,617731,STK
296520,KR7296520000,가이아코퍼레이션,KONEX,일반기업부,620,1,10,1.64,701,701,610,153,106950,2893544960,4667008,KNX
002785,KR7002781003,진흥기업우B,KOSPI,,3330,1,190,6.05,3085,3350,3085,728,2344435,2854535940,857218,STK
245450,KR7245450002,씨앤에스링크,KONEX,일반기업부,1599,0,0,0.0,0,0,0,0,0,2526356040,1579960,KNX
140660,KR7140660002,위월드,KONEX,일반기업부,1000,0,0,0.0,0,0,0,0,0,2487252000,2487252,KNX
223220,KR7223220005,로지스몬,KONEX,일반기업부,423,1,42,11.02,326,438,324,6154,1994639,2412334737,5702919,KNX
413300,KR7413300005,티엘엔지니어링,KONEX,일반기업부,1700,5,-300,-15.0,2000,2100,1700,36,70650,2297575500,1351515,KNX
448780,KR7448780007,마이크로엔엑스,KONEX,일반기업부,789,2,-41,-4.94,830,830,789,8,6355,2112689520,2677680,KNX
002787,KR7002782001,진흥기업2우B,KOSPI,,7130,2,-170,-2.33,7110,7210,7070,1420,10101230,2101981040,294808,STK
021045,KR7021041009,대호특수강우,KOSDAQ,중견기업부,2410,2,-75,-3.02,2485,2485,2410,4310,10507260,2044865720,848492,KSQ
011155,KR7011151008,CJ씨푸드1우,KOSPI,,9710,2,-10,-0.1,9720,9720,9660,341,3312910,1942000000,200000,STK
004415,KR7004411005,서울식품우,KOSPI,,7760,2,-80,-1.02,7600,7810,7600,1473,11423580,1726212000,222450,STK
032685,KR7032681009,소프트센우,KOSDAQ,중견기업부,19910,2,-690,-3.35,20100,21200,19910,249,4984280,1420817420,71362,KSQ
266170,KR7266170000,레드우즈,KONEX,일반기업부,1050,0,0,0.0,0,0,0,0,0,1366092000,1301040,KNX
279060,KR7279060008,이노벡스,KONEX,일반기업부,115,0,0,0.0,0,0,0,0,0,1127904590,9807866,KNX
